O01971	Caenorhabditis elegans	Metazoa	166	False	1
Q9SZ15	Arabidopsis thaliana	Viridiplantae	421	False	1
P38737	Saccharomyces cerevisiae (strain ATCC 204508 / S288c)	Fungi	1868	False	1
Q8VIM4	Mus musculus	Metazoa	307	True	1
Q9BZE9	Homo sapiens	Metazoa	553	False	1
Q9U405	Drosophila melanogaster	Metazoa	570	False	1
Q5XVF0	Arabidopsis thaliana	Viridiplantae	666	False	1
Q9NWS8	Homo sapiens	Metazoa	449	False	1
P25584	Saccharomyces cerevisiae (strain ATCC 204508 / S288c)	Fungi	144	True	1
O15014	Homo sapiens	Metazoa	1411	False	1
Q9JIQ3	Mus musculus	Metazoa	237	False	1
Q9SQI2	Arabidopsis thaliana	Viridiplantae	1173	False	1
P53127	Saccharomyces cerevisiae (strain ATCC 204508 / S288c)	Fungi	1403	False	1
O13351	Schizosaccharomyces pombe (strain 972 / ATCC 24843)	Fungi	117	False	1
P53838	Saccharomyces cerevisiae (strain ATCC 204508 / S288c)	Fungi	576	True	1
O96626	Dictyostelium discoideum	Other	138	False	1
Q8GTR4	Arabidopsis thaliana	Viridiplantae	965	False	1
Q6IQ49	Homo sapiens	Metazoa	451	False	1
Q9VM92	Drosophila melanogaster	Metazoa	756	False	1
O94761	Homo sapiens	Metazoa	1208	False	1
Q9D563	Mus musculus	Metazoa	222	True	1
Q8SUF9	Encephalitozoon cuniculi (strain GB-M1)	Fungi	553	True	1
P0C2X8	Xenopus laevis	Metazoa	363	False	1
Q10331	Schizosaccharomyces pombe (strain 972 / ATCC 24843)	Fungi	794	False	1
P32914	Saccharomyces cerevisiae (strain ATCC 204508 / S288c)	Fungi	102	False	1
Q1ENB6	Arabidopsis thaliana	Viridiplantae	484	False	1
Q99LC3	Mus musculus	Metazoa	355	False	1
P22516	Saccharomyces cerevisiae (strain ATCC 204508 / S288c)	Fungi	861	False	1
Q9BWU0	Homo sapiens	Metazoa	742	False	1
O08773	Rattus norvegicus	Metazoa	544	False	1
Q581T1	Trypanosoma brucei brucei (strain 927/4 GUTat10.1)	Other	2167	False	1
Q9M903	Arabidopsis thaliana	Viridiplantae	479	False	1
O75004	Schizosaccharomyces pombe (strain 972 / ATCC 24843)	Fungi	501	False	1
P20084	Saccharomyces cerevisiae (strain ATCC 204508 / S288c)	Fungi	86	False	1
A2A5K6	Mus musculus	Metazoa	1337	False	1
O55028	Mus musculus	Metazoa	412	False	1
Q9DB00	Mus musculus	Metazoa	2260	False	1
A6NGQ2	Homo sapiens	Metazoa	149	False	1
Q7TNS8	Mus musculus	Metazoa	369	False	1
Q04867	Saccharomyces cerevisiae (strain ATCC 204508 / S288c)	Fungi	317	False	1
P25705	Homo sapiens	Metazoa	553	False	1
Q54HS3	Dictyostelium discoideum	Other	1486	False	1
Q5VT06	Homo sapiens	Metazoa	3117	False	1
Q99L90	Mus musculus	Metazoa	462	False	1
P70399	Mus musculus	Metazoa	1969	False	1
Q9LSC4	Arabidopsis thaliana	Viridiplantae	344	False	1
Q708Y0	Arabidopsis thaliana	Viridiplantae	623	False	1
P47084	Saccharomyces cerevisiae (strain ATCC 204508 / S288c)	Fungi	519	False	1
P11596	Drosophila melanogaster	Metazoa	197	False	1
Q9Y3C5	Homo sapiens	Metazoa	154	False	1
Q5KMX8	Cryptococcus deneoformans (strain JEC21 / ATCC MYA-565)	Fungi	783	False	1
Q12774	Homo sapiens	Metazoa	1597	False	1
Q10154	Schizosaccharomyces pombe (strain 972 / ATCC 24843)	Fungi	240	False	1
P42841	Saccharomyces cerevisiae (strain ATCC 204508 / S288c)	Fungi	465	False	1
Q9H869	Homo sapiens	Metazoa	796	False	1
Q06116	Saccharomyces cerevisiae (strain ATCC 204508 / S288c)	Fungi	2489	True	1
D4AEP3	Rattus norvegicus	Metazoa	194	True	1
P54785	Saccharomyces cerevisiae (strain ATCC 204508 / S288c)	Fungi	490	False	1
Q6UN15	Homo sapiens	Metazoa	594	False	1
Q04116	Saccharomyces cerevisiae (strain ATCC 204508 / S288c)	Fungi	353	False	1
P38749	Saccharomyces cerevisiae (strain ATCC 204508 / S288c)	Fungi	330	False	1
Q9V4Z9	Drosophila melanogaster	Metazoa	858	False	1
P10900	Hordeum vulgare	Viridiplantae	508	True	1
Q9H3J6	Homo sapiens	Metazoa	166	False	1
Q9NQV5	Homo sapiens	Metazoa	511	False	1
P32480	Saccharomyces cerevisiae (strain ATCC 204508 / S288c)	Fungi	875	False	1
Q9UHP7	Homo sapiens	Metazoa	191	True	1
F4JVI3	Arabidopsis thaliana	Viridiplantae	493	False	1
Q9Z2F5	Rattus norvegicus	Metazoa	430	False	1
Q8CC21	Mus musculus	Metazoa	365	False	1
Q3UHH1	Mus musculus	Metazoa	1832	False	1
Q8K2X8	Mus musculus	Metazoa	71	False	1
Q0DUR2	Oryza sativa subsp. japonica	Viridiplantae	92	False	1
P26434	Rattus norvegicus	Metazoa	717	False	1
Q86PD7	Drosophila melanogaster	Metazoa	354	False	1
O23077	Arabidopsis thaliana	Viridiplantae	319	False	1
Q6NUF4	Xenopus laevis	Metazoa	716	False	1
Q8VZU2	Arabidopsis thaliana	Viridiplantae	304	False	1
M9MRD1	Drosophila melanogaster	Metazoa	12345	False	1
Q05921	Mus musculus	Metazoa	735	False	1
P47929	Homo sapiens	Metazoa	136	False	1
U9W802	Neurospora crassa (strain ATCC 24698 / 74-OR23-1A / CBS 708.71 / DSM 1257 / FGSC 987)	Fungi	307	False	1
Q12749	Saccharomyces cerevisiae (strain ATCC 204508 / S288c)	Fungi	1114	False	1
O14492	Homo sapiens	Metazoa	632	False	1
Q03694	Saccharomyces cerevisiae (strain ATCC 204508 / S288c)	Fungi	420	False	1
P97414	Mus musculus	Metazoa	668	False	1
Q12906	Homo sapiens	Metazoa	894	False	1
Q96BY6	Homo sapiens	Metazoa	2186	False	1
Q9BRP1	Homo sapiens	Metazoa	358	False	1
Q09130	Schizosaccharomyces pombe (strain 972 / ATCC 24843)	Fungi	446	False	1
P23506	Mus musculus	Metazoa	227	False	1
P17883	Saccharomyces cerevisiae (strain ATCC 204508 / S288c)	Fungi	1432	False	1
Q5HZG9	Mus musculus	Metazoa	337	False	1
Q84TI7	Arabidopsis thaliana	Viridiplantae	506	True	1
Q8S3U9	Arabidopsis thaliana	Viridiplantae	1090	False	1
Q9LIK9	Arabidopsis thaliana	Viridiplantae	463	False	1
Q7KWJ5	Plasmodium falciparum (isolate 3D7)	Other	504	True	1
Q8GWA7	Arabidopsis thaliana	Viridiplantae	349	False	1
P53877	Saccharomyces cerevisiae (strain ATCC 204508 / S288c)	Fungi	555	False	1
P82094	Homo sapiens	Metazoa	1093	False	1
Q06892	Saccharomyces cerevisiae (strain ATCC 204508 / S288c)	Fungi	414	False	1
Q9BSD3	Homo sapiens	Metazoa	238	False	1
O94276	Schizosaccharomyces pombe (strain 972 / ATCC 24843)	Fungi	215	False	1
G5EG86	Caenorhabditis elegans	Metazoa	394	False	1
P12297	Drosophila melanogaster	Metazoa	963	False	1
Q9U226	Caenorhabditis elegans	Metazoa	342	False	1
Q5SQP1	Mus musculus	Metazoa	306	False	1
Q9C882	Arabidopsis thaliana	Viridiplantae	587	False	1
Q811I0	Mus musculus	Metazoa	324	False	1
E9PT37	Rattus norvegicus	Metazoa	1207	False	1
Q8W3L1	Arabidopsis thaliana	Viridiplantae	483	False	1
Q3UZD5	Mus musculus	Metazoa	596	False	1
P21784	Mus musculus	Metazoa	527	False	1
Q8VY21	Arabidopsis thaliana	Viridiplantae	406	False	1
P36159	Saccharomyces cerevisiae (strain ATCC 204508 / S288c)	Fungi	838	False	1
P32584	Saccharomyces cerevisiae (strain ATCC 204508 / S288c)	Fungi	239	True	1
Q07279	Mus musculus	Metazoa	373	False	1
Q96ST2	Homo sapiens	Metazoa	819	False	1
Q9M658	Arabidopsis thaliana	Viridiplantae	2001	False	1
Q8RWL4	Arabidopsis thaliana	Viridiplantae	349	False	1
Q9LFV6	Arabidopsis thaliana	Viridiplantae	1011	False	1
P0DPK0	Xenopus laevis	Metazoa	237	False	1
Q8ND71	Homo sapiens	Metazoa	665	False	1
Q9NR90	Homo sapiens	Metazoa	486	False	1
F4HVZ5	Arabidopsis thaliana	Viridiplantae	279	False	1
Q9Y6Q9	Homo sapiens	Metazoa	1424	False	1
P0C7T6	Mus musculus	Metazoa	687	False	1
P07246	Saccharomyces cerevisiae (strain ATCC 204508 / S288c)	Fungi	375	False	1
Q96GE9	Homo sapiens	Metazoa	116	True	1
Q9P2N6	Homo sapiens	Metazoa	904	False	1
O43913	Homo sapiens	Metazoa	435	False	1
O14161	Schizosaccharomyces pombe (strain 972 / ATCC 24843)	Fungi	293	False	1
Q3UP24	Mus musculus	Metazoa	1024	False	1
Q76FK4	Homo sapiens	Metazoa	1167	False	1
F4ICK8	Arabidopsis thaliana	Viridiplantae	502	False	1
P16554	Drosophila melanogaster	Metazoa	556	False	1
Q5XVG3	Arabidopsis thaliana	Viridiplantae	287	False	1
O60356	Homo sapiens	Metazoa	82	False	1
Q86YA3	Homo sapiens	Metazoa	2104	False	1
Q9V3Y0	Drosophila melanogaster	Metazoa	215	False	1
Q5VZI3	Homo sapiens	Metazoa	342	False	1
A0A486WWJ9	Caenorhabditis elegans	Metazoa	582	False	1
Q9C0W0	Schizosaccharomyces pombe (strain 972 / ATCC 24843)	Fungi	409	False	1
Q8N2Z9	Homo sapiens	Metazoa	138	False	1
Q9JK24	Mus musculus	Metazoa	453	False	1
Q9Y6H6	Homo sapiens	Metazoa	103	True	1
P42937	Saccharomyces cerevisiae (strain ATCC 204508 / S288c)	Fungi	148	False	1
O70343	Mus musculus	Metazoa	797	False	1
Q99728	Homo sapiens	Metazoa	777	False	1
Q9JHI9	Mus musculus	Metazoa	570	True	1
Q8WYK0	Homo sapiens	Metazoa	555	False	1
P54789	Schizosaccharomyces pombe (strain 972 / ATCC 24843)	Fungi	707	False	1
P80299	Rattus norvegicus	Metazoa	554	False	1
Q9BYN7	Homo sapiens	Metazoa	854	False	1
Q06244	Saccharomyces cerevisiae (strain ATCC 204508 / S288c)	Fungi	254	False	1
Q9DB10	Mus musculus	Metazoa	107	True	1
P70331	Mus musculus	Metazoa	251	False	1
Q86X29	Homo sapiens	Metazoa	649	False	1
Q9Y224	Homo sapiens	Metazoa	244	False	1
Q04847	Saccharomyces cerevisiae (strain ATCC 204508 / S288c)	Fungi	553	False	1
P40023	Saccharomyces cerevisiae (strain ATCC 204508 / S288c)	Fungi	145	False	1
Q8R1N0	Mus musculus	Metazoa	363	False	1
Q08235	Saccharomyces cerevisiae (strain ATCC 204508 / S288c)	Fungi	291	False	1
P48512	Arabidopsis thaliana	Viridiplantae	312	False	1
O95630	Homo sapiens	Metazoa	424	False	1
Q9WTV0	Rattus norvegicus	Metazoa	417	False	1
Q9Y6D9	Homo sapiens	Metazoa	718	False	1
O60566	Homo sapiens	Metazoa	1050	False	1
Q53S58	Homo sapiens	Metazoa	311	True	1
Q9FZK4	Arabidopsis thaliana	Viridiplantae	122	False	1
Q99314	Saccharomyces cerevisiae (strain ATCC 204508 / S288c)	Fungi	248	False	1
Q8S9M1	Arabidopsis thaliana	Viridiplantae	299	False	1
Q7Z695	Homo sapiens	Metazoa	626	False	1
Q9CAF2	Arabidopsis thaliana	Viridiplantae	216	False	1
O94423	Schizosaccharomyces pombe (strain 972 / ATCC 24843)	Fungi	421	False	1
Q9JMI1	Rattus norvegicus	Metazoa	672	False	1
Q8BVN4	Mus musculus	Metazoa	346	False	1
P17937	Schizosaccharomyces pombe (strain 972 / ATCC 24843)	Fungi	249	False	1
Q562E2	Mus musculus	Metazoa	927	False	1
P04789	Trypanosoma brucei brucei	Other	250	False	1
Q9R1C7	Mus musculus	Metazoa	953	False	1
Q9NWZ8	Homo sapiens	Metazoa	242	False	1
Q37708	Artemia franciscana	Metazoa	219	True	1
P32500	Saccharomyces cerevisiae (strain ATCC 204508 / S288c)	Fungi	655	True	1
Q9VHI4	Drosophila melanogaster	Metazoa	85	False	1
Q9W1C5	Drosophila melanogaster	Metazoa	2053	False	1
Q8C8Y5	Mus musculus	Metazoa	445	False	1
Q60700	Mus musculus	Metazoa	888	False	1
Q8N371	Homo sapiens	Metazoa	416	False	1
Q9UK73	Homo sapiens	Metazoa	627	False	1
P22033	Homo sapiens	Metazoa	750	False	1
Q96305	Arabidopsis thaliana	Viridiplantae	136	False	1
P35195	Saccharomyces cerevisiae (strain ATCC 204508 / S288c)	Fungi	104	False	1
Q8WXB4	Homo sapiens	Metazoa	792	False	1
Q8C3P7	Mus musculus	Metazoa	580	False	1
Q6FI81	Homo sapiens	Metazoa	312	False	1
P53139	Saccharomyces cerevisiae (strain ATCC 204508 / S288c)	Fungi	140	False	1
P38198	Saccharomyces cerevisiae (strain ATCC 204508 / S288c)	Fungi	1513	False	1
Q9FN52	Arabidopsis thaliana	Viridiplantae	503	False	1
Q9UI30	Homo sapiens	Metazoa	125	False	1
Q86X51	Homo sapiens	Metazoa	503	False	1
P36064	Saccharomyces cerevisiae (strain ATCC 204508 / S288c)	Fungi	111	False	1
Q9VR19	Drosophila melanogaster	Metazoa	379	False	1
Q3TY86	Mus musculus	Metazoa	605	False	1
Q86YC2	Homo sapiens	Metazoa	1186	False	1
Q4QAU9	Leishmania major	Other	549	False	1
P28795	Saccharomyces cerevisiae (strain ATCC 204508 / S288c)	Fungi	441	True	1
Q9HB96	Homo sapiens	Metazoa	536	False	1
B1B534	Oryza sativa subsp. japonica	Viridiplantae	475	False	1
Q08213	Saccharomyces cerevisiae (strain ATCC 204508 / S288c)	Fungi	363	False	1
P87227	Schizosaccharomyces pombe (strain 972 / ATCC 24843)	Fungi	672	False	1
Q9SRX9	Arabidopsis thaliana	Viridiplantae	335	False	1
Q12366	Saccharomyces cerevisiae (strain ATCC 204508 / S288c)	Fungi	352	False	1
Q03976	Saccharomyces cerevisiae (strain ATCC 204508 / S288c)	Fungi	319	False	1
Q62187	Mus musculus	Metazoa	859	False	1
Q08116	Homo sapiens	Metazoa	209	False	1
P09119	Saccharomyces cerevisiae (strain ATCC 204508 / S288c)	Fungi	513	False	1
Q12038	Saccharomyces cerevisiae (strain ATCC 204508 / S288c)	Fungi	1033	False	1
Q9CZP5	Mus musculus	Metazoa	418	True	1
O94468	Schizosaccharomyces pombe (strain 972 / ATCC 24843)	Fungi	213	False	1
T2BMW7	Cryptococcus neoformans (strain H99 / ATCC 208821 / CBS 10515 / FGSC 9487)	Fungi	548	False	1
O74331	Schizosaccharomyces pombe (strain 972 / ATCC 24843)	Fungi	363	False	1
Q60864	Mus musculus	Metazoa	543	False	1
Q91X84	Mus musculus	Metazoa	619	False	1
Q8IS98	Crithidia fasciculata	Other	134	False	1
P09364	Sinapis alba	Viridiplantae	502	False	1
Q9V452	Drosophila melanogaster	Metazoa	140	False	1
Q12107	Saccharomyces cerevisiae (strain ATCC 204508 / S288c)	Fungi	265	False	1
Q96DI7	Homo sapiens	Metazoa	357	False	1
P47127	Saccharomyces cerevisiae (strain ATCC 204508 / S288c)	Fungi	394	False	1
Q7RYW7	Neurospora crassa (strain ATCC 24698 / 74-OR23-1A / CBS 708.71 / DSM 1257 / FGSC 987)	Fungi	396	False	1
Q9QZ59	Mus musculus	Metazoa	374	False	1
P30989	Homo sapiens	Metazoa	418	True	1
Q9XIN0	Arabidopsis thaliana	Viridiplantae	650	False	1
Q9SZH4	Arabidopsis thaliana	Viridiplantae	495	False	1
Q94521	Drosophila melanogaster	Metazoa	275	False	1
P53260	Saccharomyces cerevisiae (strain ATCC 204508 / S288c)	Fungi	183	False	1
Q9NR21	Homo sapiens	Metazoa	338	False	1
O14329	Schizosaccharomyces pombe (strain 972 / ATCC 24843)	Fungi	386	False	1
Q9H0U9	Homo sapiens	Metazoa	437	False	1
Q7Z2W9	Homo sapiens	Metazoa	205	False	1
Q61823	Mus musculus	Metazoa	469	False	1
Q9SB31	Arabidopsis thaliana	Viridiplantae	404	False	1
Q06631	Saccharomyces cerevisiae (strain ATCC 204508 / S288c)	Fungi	534	False	1
Q9BSH3	Homo sapiens	Metazoa	213	False	1
Q5SWZ9	Mus musculus	Metazoa	221	True	1
P19335	Rattus norvegicus	Metazoa	242	False	1
Q96JP5	Homo sapiens	Metazoa	570	False	1
Q9FFD2	Arabidopsis thaliana	Viridiplantae	348	False	1
Q8IM30	Plasmodium falciparum (isolate 3D7)	Other	608	False	1
O77932	Homo sapiens	Metazoa	396	False	1
Q9M022	Arabidopsis thaliana	Viridiplantae	242	False	1
O23193	Arabidopsis thaliana	Viridiplantae	236	False	1
Q16629	Homo sapiens	Metazoa	238	False	1
Q99ML0	Mus musculus	Metazoa	440	False	1
Q3T9M1	Mus musculus	Metazoa	494	False	1
P17119	Saccharomyces cerevisiae (strain ATCC 204508 / S288c)	Fungi	729	False	1
A1L167	Homo sapiens	Metazoa	161	False	1
Q9UUG2	Schizosaccharomyces pombe (strain 972 / ATCC 24843)	Fungi	621	False	1
P55241	Zea mays	Viridiplantae	516	False	1
Q99627	Homo sapiens	Metazoa	209	False	1
Q15650	Homo sapiens	Metazoa	581	False	1
F4JHA2	Arabidopsis thaliana	Viridiplantae	884	False	1
Q9VQD4	Drosophila melanogaster	Metazoa	274	False	1
Q14722	Homo sapiens	Metazoa	419	False	1
A1A6M1	Arabidopsis thaliana	Viridiplantae	387	False	1
Q9VHB0	Drosophila melanogaster	Metazoa	874	False	1
P0CG12	Homo sapiens	Metazoa	524	False	1
Q8R4N0	Mus musculus	Metazoa	338	False	1
Q8H443	Oryza sativa subsp. japonica	Viridiplantae	436	False	1
Q7S5N0	Neurospora crassa (strain ATCC 24698 / 74-OR23-1A / CBS 708.71 / DSM 1257 / FGSC 987)	Fungi	364	False	1
P41896	Saccharomyces cerevisiae (strain ATCC 204508 / S288c)	Fungi	400	False	1
Q09776	Schizosaccharomyces pombe (strain 972 / ATCC 24843)	Fungi	174	False	1
Q9VQK4	Drosophila melanogaster	Metazoa	369	True	1
Q8H110	Arabidopsis thaliana	Viridiplantae	337	False	1
P49917	Homo sapiens	Metazoa	911	False	1
Q9BXV9	Homo sapiens	Metazoa	100	False	1
P42771	Homo sapiens	Metazoa	156	False	1
Q8H0U4	Arabidopsis thaliana	Viridiplantae	891	False	1
Q9H9A7	Homo sapiens	Metazoa	625	False	1
Q08236	Saccharomyces cerevisiae (strain ATCC 204508 / S288c)	Fungi	1176	False	1
Q8W4D6	Arabidopsis thaliana	Viridiplantae	598	False	1
P53212	Saccharomyces cerevisiae (strain ATCC 204508 / S288c)	Fungi	290	False	1
P25582	Saccharomyces cerevisiae (strain ATCC 204508 / S288c)	Fungi	841	False	1
Q9QX74	Rattus norvegicus	Metazoa	1474	False	1
P40305	Homo sapiens	Metazoa	122	True	1
P50548	Homo sapiens	Metazoa	548	False	1
Q9JMA2	Mus musculus	Metazoa	403	False	1
Q00597	Homo sapiens	Metazoa	558	False	1
J9VT33	Cryptococcus neoformans (strain H99 / ATCC 208821 / CBS 10515 / FGSC 9487)	Fungi	1048	False	1
Q19872	Caenorhabditis elegans	Metazoa	268	False	1
P38996	Saccharomyces cerevisiae (strain ATCC 204508 / S288c)	Fungi	802	False	1
Q9SGY2	Arabidopsis thaliana	Viridiplantae	423	False	1
P34233	Saccharomyces cerevisiae (strain ATCC 204508 / S288c)	Fungi	588	False	1
P86924	Trypanosoma brucei brucei	Other	416	False	1
Q12996	Homo sapiens	Metazoa	717	False	1
Q4WW97	Aspergillus fumigatus (strain ATCC MYA-4609 / CBS 101355 / FGSC A1100 / Af293)	Fungi	292	False	1
P32529	Saccharomyces cerevisiae (strain ATCC 204508 / S288c)	Fungi	125	False	1
Q0DRX6	Oryza sativa subsp. japonica	Viridiplantae	902	False	1
P47002	Saccharomyces cerevisiae (strain ATCC 204508 / S288c)	Fungi	699	False	1
Q9H147	Homo sapiens	Metazoa	329	False	1
Q9I7K0	Drosophila melanogaster	Metazoa	208	False	1
Q07878	Saccharomyces cerevisiae (strain ATCC 204508 / S288c)	Fungi	3144	False	1
Q9DCX7	Mus musculus	Metazoa	243	True	1
Q9H410	Homo sapiens	Metazoa	356	False	1
P50080	Saccharomyces cerevisiae (strain ATCC 204508 / S288c)	Fungi	613	True	1
Q80ZI1	Mus musculus	Metazoa	223	False	1
Q02455	Saccharomyces cerevisiae (strain ATCC 204508 / S288c)	Fungi	1875	False	1
Q9W1V7	Drosophila melanogaster	Metazoa	452	False	1
Q92186	Homo sapiens	Metazoa	375	True	1
Q09847	Schizosaccharomyces pombe (strain 972 / ATCC 24843)	Fungi	1325	False	1
P57071	Homo sapiens	Metazoa	1141	False	1
Q56A73	Homo sapiens	Metazoa	249	False	1
Q12986	Homo sapiens	Metazoa	1120	False	1
Q9P783	Schizosaccharomyces pombe (strain 972 / ATCC 24843)	Fungi	480	False	1
Q5EAJ7	Strongylocentrotus purpuratus	Metazoa	857	False	1
Q13286	Homo sapiens	Metazoa	438	True	1
Q8GXF8	Arabidopsis thaliana	Viridiplantae	283	False	1
P54860	Saccharomyces cerevisiae (strain ATCC 204508 / S288c)	Fungi	961	False	1
Q99M87	Mus musculus	Metazoa	480	False	1
Q21691	Caenorhabditis elegans	Metazoa	1057	False	1
O13911	Schizosaccharomyces pombe (strain 972 / ATCC 24843)	Fungi	408	False	1
Q8BH70	Mus musculus	Metazoa	621	False	1
Q9BX79	Homo sapiens	Metazoa	667	True	1
Q6P1X5	Homo sapiens	Metazoa	1199	False	1
Q2TBI6	Bos taurus	Metazoa	188	False	1
Q8R4C2	Mus musculus	Metazoa	606	False	1
P54657	Dictyostelium discoideum	Other	213	False	1
Q9R0X4	Mus musculus	Metazoa	439	False	1
P98078	Mus musculus	Metazoa	766	False	1
Q96AJ1	Homo sapiens	Metazoa	413	False	1
Q9Z1B8	Mus musculus	Metazoa	559	False	1
Q9NVU7	Homo sapiens	Metazoa	687	False	1
O94561	Schizosaccharomyces pombe (strain 972 / ATCC 24843)	Fungi	195	False	1
O43715	Homo sapiens	Metazoa	76	False	1
P28805	Spinacia oleracea	Viridiplantae	66	False	1
Q5NCQ5	Mus musculus	Metazoa	438	False	1
Q8BTQ0	Mus musculus	Metazoa	241	False	1
O65312	Arabidopsis thaliana	Viridiplantae	689	False	1
Q09838	Schizosaccharomyces pombe (strain 972 / ATCC 24843)	Fungi	681	False	1
G5EEV2	Caenorhabditis elegans	Metazoa	4062	False	1
Q10424	Schizosaccharomyces pombe (strain 972 / ATCC 24843)	Fungi	330	False	1
Q42342	Arabidopsis thaliana	Viridiplantae	134	False	1
Q9CZG9	Mus musculus	Metazoa	140	False	1
Q12415	Saccharomyces cerevisiae (strain ATCC 204508 / S288c)	Fungi	435	False	1
Q05930	Saccharomyces cerevisiae (strain ATCC 204508 / S288c)	Fungi	598	False	1
Q61069	Mus musculus	Metazoa	310	False	1
Q96RQ3	Homo sapiens	Metazoa	725	False	1
Q15811	Homo sapiens	Metazoa	1721	False	1
Q9FMZ0	Arabidopsis thaliana	Viridiplantae	337	False	1
Q96N21	Homo sapiens	Metazoa	525	False	1
P51906	Mus musculus	Metazoa	523	True	1
P32479	Saccharomyces cerevisiae (strain ATCC 204508 / S288c)	Fungi	840	False	1
G5EGA9	Caenorhabditis elegans	Metazoa	345	False	1
Q8LC79	Arabidopsis thaliana	Viridiplantae	295	False	1
Q86MA2	Trypanosoma brucei brucei	Other	743	False	1
Q8WT44	Caenorhabditis elegans	Metazoa	1178	False	1
P0CT58	Schizosaccharomyces pombe (strain 972 / ATCC 24843)	Fungi	130	False	1
Q9H3S7	Homo sapiens	Metazoa	1636	False	1
Q8WXG6	Homo sapiens	Metazoa	1647	False	1
Q8NBF2	Homo sapiens	Metazoa	726	False	1
P42842	Saccharomyces cerevisiae (strain ATCC 204508 / S288c)	Fungi	904	False	1
Q08952	Saccharomyces cerevisiae (strain ATCC 204508 / S288c)	Fungi	273	False	1
Q9LE82	Arabidopsis thaliana	Viridiplantae	535	False	1
F4K2A1	Arabidopsis thaliana	Viridiplantae	571	False	1
Q80VL0	Rattus norvegicus	Metazoa	406	False	1
P49443	Mus musculus	Metazoa	382	False	1
P57728	Schizosaccharomyces pombe (strain 972 / ATCC 24843)	Fungi	148	False	1
Q9GZN0	Homo sapiens	Metazoa	384	True	1
P02786	Homo sapiens	Metazoa	760	True	1
Q6PRD7	Homo sapiens	Metazoa	247	False	1
Q5VWN6	Homo sapiens	Metazoa	2430	False	1
P40075	Saccharomyces cerevisiae (strain ATCC 204508 / S288c)	Fungi	244	False	1
F4KDN0	Arabidopsis thaliana	Viridiplantae	857	False	1
Q96NS1	Homo sapiens	Metazoa	127	False	1
Q96KR7	Homo sapiens	Metazoa	559	False	1
O96660	Drosophila melanogaster	Metazoa	486	False	1
Q01962	Komagataella pastoris	Fungi	713	False	1
Q9W1R5	Drosophila melanogaster	Metazoa	1854	False	1
Q9NX52	Homo sapiens	Metazoa	303	True	1
Q8GUL2	Arabidopsis thaliana	Viridiplantae	958	False	1
Q09669	Schizosaccharomyces pombe (strain 972 / ATCC 24843)	Fungi	379	False	1
O04616	Arabidopsis thaliana	Viridiplantae	164	False	1
P00425	Saccharomyces cerevisiae (strain ATCC 204508 / S288c)	Fungi	151	True	1
Q8N4T4	Homo sapiens	Metazoa	335	False	1
P49919	Mus musculus	Metazoa	348	False	1
Q8I397	Plasmodium falciparum (isolate 3D7)	Other	1199	True	1
Q8N5F7	Homo sapiens	Metazoa	415	False	1
O95625	Homo sapiens	Metazoa	1053	False	1
Q03220	Saccharomyces cerevisiae (strain ATCC 204508 / S288c)	Fungi	320	False	1
Q03330	Saccharomyces cerevisiae (strain ATCC 204508 / S288c)	Fungi	439	False	1
Q9FNH6	Arabidopsis thaliana	Viridiplantae	231	True	1
Q9FLI7	Arabidopsis thaliana	Viridiplantae	108	False	1
Q04013	Saccharomyces cerevisiae (strain ATCC 204508 / S288c)	Fungi	314	True	1
Q9W0I5	Drosophila melanogaster	Metazoa	251	False	1
Q9FXD6	Arabidopsis thaliana	Viridiplantae	521	False	1
Q0D3I7	Oryza sativa subsp. japonica	Viridiplantae	262	False	1
Q9HAF1	Homo sapiens	Metazoa	191	False	1
B9TSP7	Arabidopsis thaliana	Viridiplantae	548	False	1
Q9LTQ0	Arabidopsis thaliana	Viridiplantae	391	False	1
P46014	Arabidopsis thaliana	Viridiplantae	581	True	1
Q9H7E2	Homo sapiens	Metazoa	651	False	1
P13498	Homo sapiens	Metazoa	195	True	1
Q9VSK8	Drosophila melanogaster	Metazoa	597	False	1
O74478	Schizosaccharomyces pombe (strain 972 / ATCC 24843)	Fungi	587	False	1
Q3UUF8	Mus musculus	Metazoa	508	False	1
Q9BVJ7	Homo sapiens	Metazoa	150	False	1
P10690	Spinacia oleracea	Viridiplantae	140	False	1
Q9NPB1	Homo sapiens	Metazoa	228	False	1
Q8H1Q1	Arabidopsis thaliana	Viridiplantae	280	False	1
Q9BZL6	Homo sapiens	Metazoa	878	False	1
Q9NRN7	Homo sapiens	Metazoa	309	False	1
Q06494	Saccharomyces cerevisiae (strain ATCC 204508 / S288c)	Fungi	345	False	1
Q9USW9	Schizosaccharomyces pombe (strain 972 / ATCC 24843)	Fungi	244	False	1
P82919	Bos taurus	Metazoa	196	False	1
Q9NVT9	Homo sapiens	Metazoa	282	False	1
P19659	Saccharomyces cerevisiae (strain ATCC 204508 / S288c)	Fungi	1081	False	1
F4KCE9	Arabidopsis thaliana	Viridiplantae	598	False	1
P37090	Rattus norvegicus	Metazoa	638	True	1
Q586F4	Trypanosoma brucei brucei (strain 927/4 GUTat10.1)	Other	263	False	1
P33897	Homo sapiens	Metazoa	745	False	1
Q9NSI6	Homo sapiens	Metazoa	2320	False	1
Q8WZ33	Homo sapiens	Metazoa	124	False	1
Q9ZVD0	Arabidopsis thaliana	Viridiplantae	720	False	1
Q9M5P2	Arabidopsis thaliana	Viridiplantae	289	False	1
O22788	Arabidopsis thaliana	Viridiplantae	236	False	1
P33893	Saccharomyces cerevisiae (strain ATCC 204508 / S288c)	Fungi	541	False	1
P52435	Homo sapiens	Metazoa	117	False	1
F4JP52	Arabidopsis thaliana	Viridiplantae	826	False	1
Q63430	Rattus norvegicus	Metazoa	154	False	1
P43579	Saccharomyces cerevisiae (strain ATCC 204508 / S288c)	Fungi	692	False	1
P40565	Saccharomyces cerevisiae (strain ATCC 204508 / S288c)	Fungi	148	False	1
Q5SYB0	Homo sapiens	Metazoa	1578	False	1
P82715	Arabidopsis thaliana	Viridiplantae	297	False	1
P47045	Saccharomyces cerevisiae (strain ATCC 204508 / S288c)	Fungi	478	True	1
G4SLH0	Caenorhabditis elegans	Metazoa	18562	False	1
Q9UFC0	Homo sapiens	Metazoa	647	False	1
Q26366	Drosophila melanogaster	Metazoa	453	False	1
Q9NW15	Homo sapiens	Metazoa	660	False	1
B5TYT3	Arabidopsis thaliana	Viridiplantae	771	True	1
Q14686	Homo sapiens	Metazoa	2063	False	1
Q9SDW0	Arabidopsis thaliana	Viridiplantae	323	False	1
Q6ZN18	Homo sapiens	Metazoa	517	False	1
E9Q2Z1	Mus musculus	Metazoa	1453	False	1
Q9NZE8	Homo sapiens	Metazoa	188	False	1
Q6K431	Oryza sativa subsp. japonica	Viridiplantae	1022	False	1
P36088	Saccharomyces cerevisiae (strain ATCC 204508 / S288c)	Fungi	180	False	1
Q9SR77	Arabidopsis thaliana	Viridiplantae	309	False	1
Q67ZB6	Arabidopsis thaliana	Viridiplantae	462	False	1
O14338	Schizosaccharomyces pombe (strain 972 / ATCC 24843)	Fungi	891	False	1
O75508	Homo sapiens	Metazoa	207	True	1
Q99LY9	Mus musculus	Metazoa	106	False	1
O75056	Homo sapiens	Metazoa	442	False	1
Q9R237	Rattus norvegicus	Metazoa	708	False	1
Q93YU8	Arabidopsis thaliana	Viridiplantae	796	False	1
Q20745	Caenorhabditis elegans	Metazoa	1111	False	1
Q04996	Arabidopsis thaliana	Viridiplantae	723	False	1
Q9LW00	Arabidopsis thaliana	Viridiplantae	254	False	1
O23722	Arabidopsis thaliana	Viridiplantae	412	False	1
Q9LZW2	Arabidopsis thaliana	Viridiplantae	270	False	1
P39683	Saccharomyces cerevisiae (strain ATCC 204508 / S288c)	Fungi	429	False	1
Q8CD10	Mus musculus	Metazoa	432	False	1
Q9P2G3	Homo sapiens	Metazoa	628	False	1
O14503	Homo sapiens	Metazoa	412	False	1
Q12339	Saccharomyces cerevisiae (strain ATCC 204508 / S288c)	Fungi	254	False	1
Q9U3D6	Caenorhabditis elegans	Metazoa	964	False	1
P53397	Saccharomyces cerevisiae (strain ATCC 204508 / S288c)	Fungi	376	False	1
P43582	Saccharomyces cerevisiae (strain ATCC 204508 / S288c)	Fungi	211	False	1
Q9FYS5	Zea mays	Viridiplantae	193	False	1
Q60676	Mus musculus	Metazoa	499	False	1
Q96HA7	Homo sapiens	Metazoa	1378	False	1
Q8R4L0	Mus musculus	Metazoa	259	False	1
Q13573	Homo sapiens	Metazoa	536	False	1
P28074	Homo sapiens	Metazoa	263	False	1
Q92361	Schizosaccharomyces pombe (strain 972 / ATCC 24843)	Fungi	264	False	1
Q96D96	Homo sapiens	Metazoa	273	False	1
P38824	Saccharomyces cerevisiae (strain ATCC 204508 / S288c)	Fungi	151	False	1
Q9Y5N6	Homo sapiens	Metazoa	252	False	1
Q01981	Emericella nidulans (strain FGSC A4 / ATCC 38163 / CBS 112.46 / NRRL 194 / M139)	Fungi	416	False	1
Q9URT4	Schizosaccharomyces pombe (strain 972 / ATCC 24843)	Fungi	697	False	1
P82349	Mus musculus	Metazoa	320	True	1
Q5EU90	Euglena gracilis	Other	539	False	1
Q9SD80	Arabidopsis thaliana	Viridiplantae	54	True	1
Q24478	Drosophila melanogaster	Metazoa	1096	False	1
Q60865	Mus musculus	Metazoa	707	False	1
Q54XY4	Dictyostelium discoideum	Other	1582	False	1
Q8IZ52	Homo sapiens	Metazoa	775	True	1
Q9R1T5	Rattus norvegicus	Metazoa	312	False	1
Q6P4Q7	Homo sapiens	Metazoa	775	False	1
Q9ZST4	Arabidopsis thaliana	Viridiplantae	196	False	1
P14736	Saccharomyces cerevisiae (strain ATCC 204508 / S288c)	Fungi	754	False	1
Q9VW27	Drosophila melanogaster	Metazoa	717	False	1
Q6Y5D8	Mus musculus	Metazoa	786	False	1
Q12368	Saccharomyces cerevisiae (strain ATCC 204508 / S288c)	Fungi	194	False	1
O15027	Homo sapiens	Metazoa	2357	False	1
Q9P7G0	Schizosaccharomyces pombe (strain 972 / ATCC 24843)	Fungi	707	False	1
Q05043	Saccharomyces cerevisiae (strain ATCC 204508 / S288c)	Fungi	376	False	1
Q05636	Saccharomyces cerevisiae (strain ATCC 204508 / S288c)	Fungi	305	False	1
A1ZAK1	Drosophila melanogaster	Metazoa	1007	False	1
Q12361	Saccharomyces cerevisiae (strain ATCC 204508 / S288c)	Fungi	961	True	1
P23369	Saccharomyces cerevisiae (strain ATCC 204508 / S288c)	Fungi	157	False	1
Q54T86	Dictyostelium discoideum	Other	568	False	1
Q08913	Saccharomyces cerevisiae (strain ATCC 204508 / S288c)	Fungi	375	True	1
Q9CX60	Mus musculus	Metazoa	105	False	1
Q09924	Schizosaccharomyces pombe (strain 972 / ATCC 24843)	Fungi	467	False	1
Q9UPI3	Homo sapiens	Metazoa	526	True	1
Q03862	Saccharomyces cerevisiae (strain ATCC 204508 / S288c)	Fungi	593	False	1
Q95QW4	Caenorhabditis elegans	Metazoa	586	False	1
O00287	Homo sapiens	Metazoa	272	False	1
P48987	Drosophila melanogaster	Metazoa	312	False	1
P24919	Neurospora crassa (strain ATCC 24698 / 74-OR23-1A / CBS 708.71 / DSM 1257 / FGSC 987)	Fungi	273	False	1
P38111	Saccharomyces cerevisiae (strain ATCC 204508 / S288c)	Fungi	2368	False	1
P47910	Spinacia oleracea	Viridiplantae	101	False	1
P25615	Saccharomyces cerevisiae (strain ATCC 204508 / S288c)	Fungi	582	False	1
P53112	Saccharomyces cerevisiae (strain ATCC 204508 / S288c)	Fungi	341	False	1
Q8R1I1	Mus musculus	Metazoa	64	True	1
P25846	Saccharomyces cerevisiae (strain ATCC 204508 / S288c)	Fungi	959	False	1
Q1HTZ9	Aquarana catesbeiana	Metazoa	198	False	1
Q5U623	Homo sapiens	Metazoa	682	False	1
O23342	Arabidopsis thaliana	Viridiplantae	177	False	1
Q9H0C3	Homo sapiens	Metazoa	514	True	1
Q9NUQ9	Homo sapiens	Metazoa	324	False	1
P38228	Saccharomyces cerevisiae (strain ATCC 204508 / S288c)	Fungi	572	False	1
Q00312	Candida albicans	Fungi	527	False	1
Q8GUT5	Arabidopsis thaliana	Viridiplantae	288	False	1
Q9P5M9	Schizosaccharomyces pombe (strain 972 / ATCC 24843)	Fungi	257	False	1
Q8ISM1	Giardia intestinalis	Other	755	False	1
Q9LD83	Arabidopsis thaliana	Viridiplantae	556	False	1
Q3U108	Mus musculus	Metazoa	590	False	1
Q9LH52	Arabidopsis thaliana	Viridiplantae	325	False	1
Q9M2V1	Arabidopsis thaliana	Viridiplantae	405	False	1
P46379	Homo sapiens	Metazoa	1132	False	1
F4HXU3	Arabidopsis thaliana	Viridiplantae	142	False	1
P22217	Saccharomyces cerevisiae (strain ATCC 204508 / S288c)	Fungi	103	False	1
Q8RXD9	Arabidopsis thaliana	Viridiplantae	955	False	1
D3ZK93	Rattus norvegicus	Metazoa	322	True	1
Q9W1R4	Drosophila melanogaster	Metazoa	1395	False	1
Q94K73	Arabidopsis thaliana	Viridiplantae	429	False	1
A0A7G5KLV3	Cananga odorata	Viridiplantae	586	False	1
P36121	Saccharomyces cerevisiae (strain ATCC 204508 / S288c)	Fungi	282	False	1
Q9CUU3	Mus musculus	Metazoa	1500	False	1
Q9Y3C1	Homo sapiens	Metazoa	178	False	1
Q8S8K8	Arabidopsis thaliana	Viridiplantae	152	True	1
Q75WU1	Oryza sativa subsp. japonica	Viridiplantae	93	False	1
Q3U2U7	Mus musculus	Metazoa	461	False	1
P47141	Saccharomyces cerevisiae (strain ATCC 204508 / S288c)	Fungi	266	False	1
Q9H1D9	Homo sapiens	Metazoa	316	False	1
O14880	Homo sapiens	Metazoa	152	True	1
P10834	Saccharomyces cerevisiae (strain ATCC 204508 / S288c)	Fungi	293	False	1
Q9C000	Homo sapiens	Metazoa	1473	False	1
F1QN48	Danio rerio	Metazoa	379	False	1
Q6B9X6	Dictyostelium discoideum	Other	625	False	1
G5EGP4	Caenorhabditis elegans	Metazoa	865	False	1
Q9UL40	Homo sapiens	Metazoa	294	False	1
O35658	Mus musculus	Metazoa	278	False	1
P54622	Drosophila melanogaster	Metazoa	146	False	1
O13826	Schizosaccharomyces pombe (strain 972 / ATCC 24843)	Fungi	254	False	1
Q96ST8	Homo sapiens	Metazoa	783	False	1
P32899	Saccharomyces cerevisiae (strain ATCC 204508 / S288c)	Fungi	183	False	1
P59648	Mus musculus	Metazoa	80	True	1
Q5T3J3	Homo sapiens	Metazoa	769	False	1
F6TQD1	Mus musculus	Metazoa	307	False	1
Q9Y8G3	Schizosaccharomyces pombe (strain 972 / ATCC 24843)	Fungi	596	False	1
Q9H777	Homo sapiens	Metazoa	363	False	1
Q8CGY6	Mus musculus	Metazoa	931	False	1
P0DMU9	Homo sapiens	Metazoa	189	False	1
Q9SPU7	Arabidopsis thaliana	Viridiplantae	1123	False	1
Q10SU5	Oryza sativa subsp. japonica	Viridiplantae	598	False	1
Q96I76	Homo sapiens	Metazoa	525	False	1
A2A9C3	Mus musculus	Metazoa	3431	False	1
O54982	Mus musculus	Metazoa	1121	True	1
P82913	Bos taurus	Metazoa	256	False	1
O49621	Arabidopsis thaliana	Viridiplantae	526	True	1
Q94AT3	Arabidopsis thaliana	Viridiplantae	378	False	1
Q9UK76	Homo sapiens	Metazoa	154	False	1
Q9FVV7	Arabidopsis thaliana	Viridiplantae	176	False	1
Q08963	Saccharomyces cerevisiae (strain ATCC 204508 / S288c)	Fungi	238	False	1
Q6IPR1	Homo sapiens	Metazoa	90	False	1
Q9VWN4	Drosophila melanogaster	Metazoa	1150	False	1
Q1K6Q3	Neurospora crassa (strain ATCC 24698 / 74-OR23-1A / CBS 708.71 / DSM 1257 / FGSC 987)	Fungi	236	False	1
P39001	Saccharomyces cerevisiae (strain ATCC 204508 / S288c)	Fungi	836	False	1
O75943	Homo sapiens	Metazoa	681	False	1
P38117	Homo sapiens	Metazoa	255	False	1
P36118	Saccharomyces cerevisiae (strain ATCC 204508 / S288c)	Fungi	322	False	1
P53154	Saccharomyces cerevisiae (strain ATCC 204508 / S288c)	Fungi	560	True	1
D3ZKB9	Rattus norvegicus	Metazoa	1072	False	1
Q9N1F5	Sus scrofa	Metazoa	241	False	1
Q45EK2	Caenorhabditis elegans	Metazoa	360	False	1
P17256	Rattus norvegicus	Metazoa	395	False	1
Q96NR3	Homo sapiens	Metazoa	888	True	1
B1AWL2	Mus musculus	Metazoa	2495	False	1
P49299	Cucurbita maxima	Viridiplantae	516	False	1
Q3UNH4	Mus musculus	Metazoa	932	False	1
P42338	Homo sapiens	Metazoa	1070	False	1
P40465	Saccharomyces cerevisiae (strain ATCC 204508 / S288c)	Fungi	213	False	1
Q12142	Saccharomyces cerevisiae (strain ATCC 204508 / S288c)	Fungi	997	False	1
P80680	Zea mays	Viridiplantae	97	False	1
A6NHX0	Homo sapiens	Metazoa	329	False	1
Q24400	Drosophila melanogaster	Metazoa	495	False	1
Q12440	Saccharomyces cerevisiae (strain ATCC 204508 / S288c)	Fungi	853	False	1
Q9D992	Mus musculus	Metazoa	256	False	1
Q96KP4	Homo sapiens	Metazoa	475	False	1
O74946	Schizosaccharomyces pombe (strain 972 / ATCC 24843)	Fungi	574	False	1
Q00947	Saccharomyces cerevisiae (strain ATCC 204508 / S288c)	Fungi	519	False	1
Q96L08	Homo sapiens	Metazoa	255	False	1
Q96TA1	Homo sapiens	Metazoa	746	False	1
Q06681	Saccharomyces cerevisiae (strain ATCC 204508 / S288c)	Fungi	1438	False	1
Q9VWE6	Drosophila melanogaster	Metazoa	2111	False	1
Q05515	Saccharomyces cerevisiae (strain ATCC 204508 / S288c)	Fungi	481	False	1
O13859	Schizosaccharomyces pombe (strain 972 / ATCC 24843)	Fungi	285	False	1
P09021	Mus musculus	Metazoa	270	False	1
Q9LUA3	Arabidopsis thaliana	Viridiplantae	122	False	1
Q9C5J3	Arabidopsis thaliana	Viridiplantae	946	False	1
Q18412	Caenorhabditis elegans	Metazoa	309	False	1
Q09884	Schizosaccharomyces pombe (strain 972 / ATCC 24843)	Fungi	1374	False	1
Q32P44	Homo sapiens	Metazoa	896	False	1
Q05050	Saccharomyces cerevisiae (strain ATCC 204508 / S288c)	Fungi	843	False	1
Q5ND34	Mus musculus	Metazoa	1934	False	1
Q09LZ8	Mus musculus	Metazoa	540	False	1
Q96PZ0	Homo sapiens	Metazoa	661	False	1
Q61048	Mus musculus	Metazoa	376	False	1
Q9VL14	Drosophila melanogaster	Metazoa	118	False	1
Q9ERG0	Mus musculus	Metazoa	753	False	1
O82259	Arabidopsis thaliana	Viridiplantae	225	False	1
O13326	Schizosaccharomyces pombe (strain 972 / ATCC 24843)	Fungi	429	False	1
Q12156	Saccharomyces cerevisiae (strain ATCC 204508 / S288c)	Fungi	149	False	1
Q70CQ1	Homo sapiens	Metazoa	688	False	1
Q8MSU4	Drosophila melanogaster	Metazoa	1165	False	1
I6VSD2	Capra hircus	Metazoa	224	True	1
P0DI81	Homo sapiens	Metazoa	140	False	1
Q10302	Schizosaccharomyces pombe (strain 972 / ATCC 24843)	Fungi	646	False	1
Q94AN2	Arabidopsis thaliana	Viridiplantae	700	True	1
Q9UDW3	Homo sapiens	Metazoa	170	False	1
Q8BKY8	Mus musculus	Metazoa	385	False	1
Q96TC7	Homo sapiens	Metazoa	470	True	1
Q08926	Saccharomyces cerevisiae (strain ATCC 204508 / S288c)	Fungi	304	False	1
O49629	Arabidopsis thaliana	Viridiplantae	310	False	1
P78963	Schizosaccharomyces pombe (strain 972 / ATCC 24843)	Fungi	625	False	1
O59744	Schizosaccharomyces pombe (strain 972 / ATCC 24843)	Fungi	815	False	1
Q7JRE4	Drosophila melanogaster	Metazoa	650	False	1
Q94535	Drosophila melanogaster	Metazoa	264	False	1
P0CJ62	Xenopus laevis	Metazoa	239	False	1
Q42687	Chlamydomonas reinhardtii	Viridiplantae	219	False	1
Q9BVN2	Homo sapiens	Metazoa	902	False	1
Q6ZRI6	Homo sapiens	Metazoa	1047	False	1
Q61884	Mus musculus	Metazoa	491	False	1
Q9H0F5	Homo sapiens	Metazoa	515	False	1
Q9LSD0	Arabidopsis thaliana	Viridiplantae	332	False	1
G2WVY3	Verticillium dahliae (strain VdLs.17 / ATCC MYA-4575 / FGSC 10137)	Fungi	224	True	1
P22138	Saccharomyces cerevisiae (strain ATCC 204508 / S288c)	Fungi	1203	False	1
Q8L7W1	Arabidopsis thaliana	Viridiplantae	678	False	1
Q7XA66	Arabidopsis thaliana	Viridiplantae	242	False	1
P32198	Rattus norvegicus	Metazoa	773	True	1
P46674	Saccharomyces cerevisiae (strain ATCC 204508 / S288c)	Fungi	1301	False	1
Q9LML2	Arabidopsis thaliana	Viridiplantae	979	False	1
P48526	Saccharomyces cerevisiae (strain ATCC 204508 / S288c)	Fungi	1002	False	1
Q9UKL0	Homo sapiens	Metazoa	485	False	1
Q96CX2	Homo sapiens	Metazoa	325	False	1
P40364	Saccharomyces cerevisiae (strain ATCC 204508 / S288c)	Fungi	252	False	1
Q9LU05	Arabidopsis thaliana	Viridiplantae	168	False	1
P17106	Saccharomyces cerevisiae (strain ATCC 204508 / S288c)	Fungi	351	False	1
P87142	Schizosaccharomyces pombe (strain 972 / ATCC 24843)	Fungi	550	False	1
E9Q5F9	Mus musculus	Metazoa	2537	False	1
Q68E01	Homo sapiens	Metazoa	1043	False	1
Q96T21	Homo sapiens	Metazoa	854	False	1
P40380	Schizosaccharomyces pombe (strain 972 / ATCC 24843)	Fungi	230	False	1
Q9FM19	Arabidopsis thaliana	Viridiplantae	286	False	1
A9LNK9	Arabidopsis thaliana	Viridiplantae	631	False	1
Q9LFC0	Arabidopsis thaliana	Viridiplantae	360	False	1
Q9M9V9	Arabidopsis thaliana	Viridiplantae	156	False	1
Q14973	Homo sapiens	Metazoa	349	True	1
Q54HC6	Dictyostelium discoideum	Other	1460	False	1
P07247	Drosophila melanogaster	Metazoa	502	False	1
Q8NEY8	Homo sapiens	Metazoa	458	False	1
Q12167	Saccharomyces cerevisiae (strain ATCC 204508 / S288c)	Fungi	365	False	1
Q8NEZ2	Homo sapiens	Metazoa	397	False	1
O43663	Homo sapiens	Metazoa	620	False	1
Q7TN79	Mus musculus	Metazoa	314	False	1
Q14203	Homo sapiens	Metazoa	1278	False	1
Q6NV75	Homo sapiens	Metazoa	609	True	1
Q93Y07	Arabidopsis thaliana	Viridiplantae	622	True	1
Q8AWF4	Xenopus laevis	Metazoa	462	False	1
Q12931	Homo sapiens	Metazoa	704	False	1
Q08949	Saccharomyces cerevisiae (strain ATCC 204508 / S288c)	Fungi	612	False	1
Q43295	Arabidopsis thaliana	Viridiplantae	276	False	1
Q95QA6	Caenorhabditis elegans	Metazoa	663	False	1
Q12179	Saccharomyces cerevisiae (strain ATCC 204508 / S288c)	Fungi	454	False	1
Q9FH37	Arabidopsis thaliana	Viridiplantae	234	False	1
P0CT73	Schizosaccharomyces pombe (strain 972 / ATCC 24843)	Fungi	152	False	1
Q9W6V6	Gallus gallus	Metazoa	2705	False	1
P25569	Saccharomyces cerevisiae (strain ATCC 204508 / S288c)	Fungi	745	False	1
Q96PM9	Homo sapiens	Metazoa	386	False	1
O65502	Arabidopsis thaliana	Viridiplantae	395	False	1
P91853	Caenorhabditis elegans	Metazoa	356	False	1
P27351	Saccharomyces cerevisiae (strain ATCC 204508 / S288c)	Fungi	700	False	1
Q9FZ89	Arabidopsis thaliana	Viridiplantae	123	False	1
P78780	Schizosaccharomyces pombe (strain 972 / ATCC 24843)	Fungi	357	False	1
Q9XZT7	Drosophila melanogaster	Metazoa	146	False	1
Q09601	Caenorhabditis elegans	Metazoa	381	False	1
O13684	Schizosaccharomyces pombe (strain 972 / ATCC 24843)	Fungi	261	False	1
P53369	Rattus norvegicus	Metazoa	156	False	1
Q9SR70	Arabidopsis thaliana	Viridiplantae	230	False	1
Q5SNT2	Homo sapiens	Metazoa	666	False	1
Q9VGA4	Drosophila melanogaster	Metazoa	1169	False	1
Q9LR64	Arabidopsis thaliana	Viridiplantae	174	False	1
Q9NSP4	Homo sapiens	Metazoa	180	False	1
O59773	Schizosaccharomyces pombe (strain 972 / ATCC 24843)	Fungi	994	False	1
Q5AFI4	Candida albicans (strain SC5314 / ATCC MYA-2876)	Fungi	337	True	1
Q8WXI7	Homo sapiens	Metazoa	14507	False	1
Q8VC65	Mus musculus	Metazoa	262	True	1
O75081	Homo sapiens	Metazoa	653	False	1
P40923	Schizosaccharomyces pombe (strain 972 / ATCC 24843)	Fungi	201	False	1
P16658	Saccharomyces cerevisiae (strain ATCC 204508 / S288c)	Fungi	377	False	1
Q8LBB2	Arabidopsis thaliana	Viridiplantae	424	False	1
P05109	Homo sapiens	Metazoa	93	False	1
Q99MR6	Mus musculus	Metazoa	875	False	1
Q07139	Mus musculus	Metazoa	913	False	1
O35260	Rattus norvegicus	Metazoa	514	False	1
Q8IU99	Homo sapiens	Metazoa	346	True	1
Q9P3W1	Schizosaccharomyces pombe (strain 972 / ATCC 24843)	Fungi	434	False	1
Q7SA60	Neurospora crassa (strain ATCC 24698 / 74-OR23-1A / CBS 708.71 / DSM 1257 / FGSC 987)	Fungi	228	False	1
Q8K440	Mus musculus	Metazoa	1620	True	1
Q9FVW4	Arabidopsis thaliana	Viridiplantae	482	False	1
Q8C8N2	Mus musculus	Metazoa	606	False	1
Q9CQ91	Mus musculus	Metazoa	84	True	1
Q7ZT47	Xenopus laevis	Metazoa	196	False	1
P38193	Saccharomyces cerevisiae (strain ATCC 204508 / S288c)	Fungi	441	False	1
O14368	Schizosaccharomyces pombe (strain 972 / ATCC 24843)	Fungi	143	False	1
Q90578	Gallus gallus	Metazoa	464	False	1
O13816	Schizosaccharomyces pombe (strain 972 / ATCC 24843)	Fungi	962	False	1
Q96QE3	Homo sapiens	Metazoa	1844	False	1
Q8I266	Plasmodium falciparum (isolate 3D7)	Other	1470	True	1
Q96P65	Homo sapiens	Metazoa	431	True	1
O70361	Mus musculus	Metazoa	1113	False	1
Q15697	Homo sapiens	Metazoa	407	False	1
Q5BJM8	Rattus norvegicus	Metazoa	378	True	1
Q5TCS8	Homo sapiens	Metazoa	1911	False	1
P40568	Saccharomyces cerevisiae (strain ATCC 204508 / S288c)	Fungi	576	False	1
Q8BGS1	Mus musculus	Metazoa	731	False	1
Q20929	Caenorhabditis elegans	Metazoa	510	True	1
O73622	Xenopus laevis	Metazoa	293	False	1
P39994	Saccharomyces cerevisiae (strain ATCC 204508 / S288c)	Fungi	560	False	1
A1Z6S7	Drosophila melanogaster	Metazoa	635	False	1
Q9LMR3	Arabidopsis thaliana	Viridiplantae	358	False	1
Q15398	Homo sapiens	Metazoa	846	False	1
Q02931	Saccharomyces cerevisiae (strain ATCC 204508 / S288c)	Fungi	896	False	1
Q96NE9	Homo sapiens	Metazoa	622	False	1
Q9P7C8	Schizosaccharomyces pombe (strain 972 / ATCC 24843)	Fungi	214	False	1
P18886	Rattus norvegicus	Metazoa	658	False	1
O14894	Homo sapiens	Metazoa	197	True	1
A0A075TRB3	Penicillium expansum	Fungi	259	False	1
Q96BN2	Homo sapiens	Metazoa	335	False	1
P23326	Spinacia oleracea	Viridiplantae	159	False	1
Q8IUG5	Homo sapiens	Metazoa	2567	False	1
P18491	Drosophila melanogaster	Metazoa	199	False	1
P42840	Saccharomyces cerevisiae (strain ATCC 204508 / S288c)	Fungi	284	True	1
Q66JZ4	Mus musculus	Metazoa	499	False	1
P40026	Saccharomyces cerevisiae (strain ATCC 204508 / S288c)	Fungi	464	False	1
Q60EN8	Oryza sativa subsp. japonica	Viridiplantae	151	True	1
Q23696	Crithidia fasciculata	Other	467	False	1
G2TRN4	Schizosaccharomyces pombe (strain 972 / ATCC 24843)	Fungi	104	False	1
Q9UST6	Schizosaccharomyces pombe (strain 972 / ATCC 24843)	Fungi	198	False	1
O43299	Homo sapiens	Metazoa	807	False	1
P40079	Saccharomyces cerevisiae (strain ATCC 204508 / S288c)	Fungi	357	False	1
Q058N4	Arabidopsis thaliana	Viridiplantae	459	False	1
Q05123	Saccharomyces cerevisiae (strain ATCC 204508 / S288c)	Fungi	467	False	1
Q80US8	Mus musculus	Metazoa	206	False	1
Q5BPF3	Arabidopsis thaliana	Viridiplantae	262	False	1
Q1G3I2	Arabidopsis thaliana	Viridiplantae	117	False	1
P20134	Saccharomyces cerevisiae (strain ATCC 204508 / S288c)	Fungi	766	False	1
Q9M0S5	Arabidopsis thaliana	Viridiplantae	764	False	1
Q92575	Homo sapiens	Metazoa	508	False	1
P39961	Saccharomyces cerevisiae (strain ATCC 204508 / S288c)	Fungi	794	False	1
O14212	Schizosaccharomyces pombe (strain 972 / ATCC 24843)	Fungi	470	False	1
Q8WXF8	Homo sapiens	Metazoa	326	False	1
A1ZAW0	Drosophila melanogaster	Metazoa	1722	False	1
Q64727	Mus musculus	Metazoa	1066	False	1
Q9FFS4	Arabidopsis thaliana	Viridiplantae	101	False	1
P41930	Saccharomyces cerevisiae (strain ATCC 204508 / S288c)	Fungi	458	True	1
Q66PJ3	Homo sapiens	Metazoa	237	False	1
P46655	Saccharomyces cerevisiae (strain ATCC 204508 / S288c)	Fungi	708	False	1
Q9SRK5	Arabidopsis thaliana	Viridiplantae	282	False	1
Q8BM75	Mus musculus	Metazoa	1188	False	1
O13851	Schizosaccharomyces pombe (strain 972 / ATCC 24843)	Fungi	294	False	1
Q06211	Saccharomyces cerevisiae (strain ATCC 204508 / S288c)	Fungi	1407	False	1
O02274	Caenorhabditis elegans	Metazoa	539	False	1
Q9DB41	Mus musculus	Metazoa	320	True	1
Q9BZH6	Homo sapiens	Metazoa	1224	False	1
O82279	Arabidopsis thaliana	Viridiplantae	350	False	1
P58281	Mus musculus	Metazoa	960	False	1
P92792	Solanum tuberosum	Viridiplantae	204	False	1
Q6PGP7	Homo sapiens	Metazoa	1564	False	1
P06168	Saccharomyces cerevisiae (strain ATCC 204508 / S288c)	Fungi	395	False	1
Q99417	Homo sapiens	Metazoa	103	False	1
P19525	Homo sapiens	Metazoa	551	False	1
Q3V6T2	Homo sapiens	Metazoa	1871	False	1
Q94AV5	Arabidopsis thaliana	Viridiplantae	459	False	1
Q6P2D8	Homo sapiens	Metazoa	792	False	1
B8ZXI1	Mus musculus	Metazoa	415	False	1
Q00873	Saccharomyces cerevisiae (strain ATCC 204508 / S288c)	Fungi	224	False	1
Q9QXN0	Mus musculus	Metazoa	1986	False	1
Q95RQ8	Drosophila melanogaster	Metazoa	683	False	1
Q9P7A0	Schizosaccharomyces pombe (strain 972 / ATCC 24843)	Fungi	319	False	1
Q09094	Schizosaccharomyces pombe (strain 972 / ATCC 24843)	Fungi	180	False	1
O75592	Homo sapiens	Metazoa	4678	False	1
Q8GYF7	Arabidopsis thaliana	Viridiplantae	377	False	1
P40474	Saccharomyces cerevisiae (strain ATCC 204508 / S288c)	Fungi	542	True	1
P09543	Homo sapiens	Metazoa	421	False	1
Q9BSN7	Homo sapiens	Metazoa	226	True	1
Q12788	Homo sapiens	Metazoa	808	False	1
F4JAU2	Arabidopsis thaliana	Viridiplantae	1697	False	1
O14893	Homo sapiens	Metazoa	280	False	1
P23772	Mus musculus	Metazoa	443	False	1
Q86UA6	Homo sapiens	Metazoa	219	False	1
Q9SJW9	Arabidopsis thaliana	Viridiplantae	571	False	1
Q9QX75	Rattus norvegicus	Metazoa	687	True	1
Q9JMB1	Mus musculus	Metazoa	375	False	1
Q9SGH4	Arabidopsis thaliana	Viridiplantae	220	False	1
O88466	Mus musculus	Metazoa	1888	False	1
P51163	Mus musculus	Metazoa	265	False	1
Q96P48	Homo sapiens	Metazoa	1450	False	1
Q03193	Saccharomyces cerevisiae (strain ATCC 204508 / S288c)	Fungi	310	True	1
Q920D2	Rattus norvegicus	Metazoa	187	False	1
B9DFX7	Arabidopsis thaliana	Viridiplantae	883	False	1
Q04411	Saccharomyces cerevisiae (strain ATCC 204508 / S288c)	Fungi	772	False	1
Q7M0E7	Rattus norvegicus	Metazoa	145	False	1
P36052	Saccharomyces cerevisiae (strain ATCC 204508 / S288c)	Fungi	402	False	1
Q96524	Arabidopsis thaliana	Viridiplantae	612	False	1
Q9FJI5	Arabidopsis thaliana	Viridiplantae	515	False	1
O55081	Rattus norvegicus	Metazoa	1135	False	1
Q9H1U9	Homo sapiens	Metazoa	297	True	1
Q9BSJ5	Homo sapiens	Metazoa	609	False	1
G3XA57	Mus musculus	Metazoa	512	False	1
P32259	Saccharomyces cerevisiae (strain ATCC 204508 / S288c)	Fungi	974	False	1
Q9LRI8	Spinacia oleracea	Viridiplantae	562	False	1
Q8RWG2	Arabidopsis thaliana	Viridiplantae	652	False	1
Q944Q0	Arabidopsis thaliana	Viridiplantae	563	False	1
Q8K4V4	Rattus norvegicus	Metazoa	539	False	1
Q99MZ3	Mus musculus	Metazoa	864	False	1
P40055	Saccharomyces cerevisiae (strain ATCC 204508 / S288c)	Fungi	554	False	1
O95990	Homo sapiens	Metazoa	144	False	1
Q8N183	Homo sapiens	Metazoa	169	False	1
Q8IU81	Homo sapiens	Metazoa	584	False	1
Q96DY5	Mus musculus	Metazoa	654	False	1
P36525	Saccharomyces cerevisiae (strain ATCC 204508 / S288c)	Fungi	258	False	1
Q15562	Homo sapiens	Metazoa	447	False	1
Q02796	Saccharomyces cerevisiae (strain ATCC 204508 / S288c)	Fungi	332	False	1
Q04779	Saccharomyces cerevisiae (strain ATCC 204508 / S288c)	Fungi	684	False	1
Q80ZD3	Mus musculus	Metazoa	593	True	1
P13231	Dictyostelium discoideum	Other	118	False	1
Q3E7Y6	Saccharomyces cerevisiae (strain ATCC 204508 / S288c)	Fungi	73	False	1
Q12416	Saccharomyces cerevisiae (strain ATCC 204508 / S288c)	Fungi	295	False	1
Q62141	Mus musculus	Metazoa	1098	False	1
Q4V7K4	Xenopus laevis	Metazoa	733	False	1
P62861	Homo sapiens	Metazoa	133	False	1
Q12462	Saccharomyces cerevisiae (strain ATCC 204508 / S288c)	Fungi	236	False	1
Q497V6	Mus musculus	Metazoa	772	False	1
P47149	Saccharomyces cerevisiae (strain ATCC 204508 / S288c)	Fungi	201	False	1
O74500	Schizosaccharomyces pombe (strain 972 / ATCC 24843)	Fungi	736	False	1
O60150	Schizosaccharomyces pombe (strain 972 / ATCC 24843)	Fungi	361	False	1
Q6NL34	Drosophila melanogaster	Metazoa	543	False	1
Q93ZB2	Arabidopsis thaliana	Viridiplantae	509	True	1
Q8N9I9	Homo sapiens	Metazoa	347	False	1
Q7Z7H3	Homo sapiens	Metazoa	387	False	1
P47077	Saccharomyces cerevisiae (strain ATCC 204508 / S288c)	Fungi	666	False	1
P08638	Saccharomyces cerevisiae (strain ATCC 204508 / S288c)	Fungi	886	False	1
Q925J9	Mus musculus	Metazoa	1575	False	1
Q9SA52	Arabidopsis thaliana	Viridiplantae	378	False	1
H2L0N8	Caenorhabditis elegans	Metazoa	370	False	1
Q9C7A2	Arabidopsis thaliana	Viridiplantae	590	False	1
P49815	Homo sapiens	Metazoa	1807	False	1
Q9NY25	Homo sapiens	Metazoa	188	True	1
Q05131	Saccharomyces cerevisiae (strain ATCC 204508 / S288c)	Fungi	434	True	1
Q9WU79	Mus musculus	Metazoa	599	False	1
Q9SU14	Arabidopsis thaliana	Viridiplantae	282	False	1
Q18237	Caenorhabditis elegans	Metazoa	1076	False	1
Q9P790	Schizosaccharomyces pombe (strain 972 / ATCC 24843)	Fungi	316	False	1
O94679	Schizosaccharomyces pombe (strain 972 / ATCC 24843)	Fungi	1158	False	1
P51175	Mus musculus	Metazoa	477	False	1
Q8LDU4	Arabidopsis thaliana	Viridiplantae	319	False	1
Q3TYA6	Mus musculus	Metazoa	858	False	1
Q12033	Saccharomyces cerevisiae (strain ATCC 204508 / S288c)	Fungi	661	False	1
Q96LD4	Homo sapiens	Metazoa	638	False	1
Q9H4Q4	Homo sapiens	Metazoa	367	False	1
Q8RWV3	Arabidopsis thaliana	Viridiplantae	416	False	1
P47130	Saccharomyces cerevisiae (strain ATCC 204508 / S288c)	Fungi	423	False	1
P50091	Saccharomyces cerevisiae (strain ATCC 204508 / S288c)	Fungi	288	False	1
Q6EMB2	Homo sapiens	Metazoa	1281	False	1
O95833	Homo sapiens	Metazoa	236	True	1
O43765	Homo sapiens	Metazoa	313	False	1
Q8BHN1	Mus musculus	Metazoa	524	False	1
Q9VBW9	Drosophila melanogaster	Metazoa	419	False	1
Q9GZT6	Homo sapiens	Metazoa	254	False	1
Q9SSA5	Arabidopsis thaliana	Viridiplantae	437	False	1
Q9ZV24	Arabidopsis thaliana	Viridiplantae	148	True	1
Q13426	Homo sapiens	Metazoa	336	False	1
P39735	Saccharomyces cerevisiae (strain ATCC 204508 / S288c)	Fungi	261	False	1
Q9Y7Q6	Schizosaccharomyces pombe (strain 972 / ATCC 24843)	Fungi	147	False	1
P40160	Saccharomyces cerevisiae (strain ATCC 204508 / S288c)	Fungi	425	False	1
P97717	Mus musculus	Metazoa	514	True	1
Q06091	Saccharomyces cerevisiae (strain ATCC 204508 / S288c)	Fungi	175	False	1
Q6ZWS8	Mus musculus	Metazoa	374	False	1
Q945M1	Arabidopsis thaliana	Viridiplantae	117	False	1
P06785	Saccharomyces cerevisiae (strain ATCC 204508 / S288c)	Fungi	304	False	1
Q12246	Saccharomyces cerevisiae (strain ATCC 204508 / S288c)	Fungi	624	False	1
Q17TI5	Arabidopsis thaliana	Viridiplantae	344	False	1
Q6GKV1	Arabidopsis thaliana	Viridiplantae	324	False	1
Q10173	Schizosaccharomyces pombe (strain 972 / ATCC 24843)	Fungi	441	False	1
Q9P7S6	Schizosaccharomyces pombe (strain 972 / ATCC 24843)	Fungi	274	False	1
O95466	Homo sapiens	Metazoa	1100	False	1
Q8IE47	Plasmodium falciparum (isolate 3D7)	Other	273	False	1
P98182	Homo sapiens	Metazoa	395	False	1
Q9NRP2	Homo sapiens	Metazoa	79	False	1
O15294	Homo sapiens	Metazoa	1046	False	1
P50861	Saccharomyces cerevisiae (strain ATCC 204508 / S288c)	Fungi	169	False	1
Q9TZ70	Caenorhabditis elegans	Metazoa	205	False	1
P53070	Saccharomyces cerevisiae (strain ATCC 204508 / S288c)	Fungi	669	False	1
P83758	Danio rerio	Metazoa	448	False	1
Q8VXP3	Chlamydomonas reinhardtii	Viridiplantae	1115	False	1
Q9Y371	Homo sapiens	Metazoa	365	False	1
Q8L794	Arabidopsis thaliana	Viridiplantae	478	False	1
P78811	Schizosaccharomyces pombe (strain 972 / ATCC 24843)	Fungi	506	False	1
Q9LSV0	Arabidopsis thaliana	Viridiplantae	289	False	1
Q1M168	Rattus norvegicus	Metazoa	372	False	1
Q96SQ7	Homo sapiens	Metazoa	321	False	1
P70500	Rattus norvegicus	Metazoa	213	True	1
Q43157	Spinacia oleracea	Viridiplantae	285	False	1
Q40089	Ipomoea batatas	Viridiplantae	200	False	1
Q6PB70	Mus musculus	Metazoa	1060	False	1
Q6DWJ6	Homo sapiens	Metazoa	353	True	1
P38439	Saccharomyces cerevisiae (strain ATCC 204508 / S288c)	Fungi	464	False	1
Q9WVS6	Mus musculus	Metazoa	464	False	1
Q05979	Saccharomyces cerevisiae (strain ATCC 204508 / S288c)	Fungi	453	False	1
O35394	Rattus norvegicus	Metazoa	185	True	1
Q9VAB8	Drosophila melanogaster	Metazoa	457	False	1
O13046	Xenopus laevis	Metazoa	1127	False	1
J9VUG5	Cryptococcus neoformans (strain H99 / ATCC 208821 / CBS 10515 / FGSC 9487)	Fungi	684	False	1
O77480	Bos taurus	Metazoa	390	False	1
Q9UHV9	Homo sapiens	Metazoa	154	False	1
A2ASQ1	Mus musculus	Metazoa	1950	True	1
P17540	Homo sapiens	Metazoa	419	False	1
Q8BZ97	Mus musculus	Metazoa	688	False	1
P12354	Spinacia oleracea	Viridiplantae	125	False	1
P53207	Saccharomyces cerevisiae (strain ATCC 204508 / S288c)	Fungi	620	False	1
Q6PEY1	Homo sapiens	Metazoa	159	True	1
Q9LTT3	Arabidopsis thaliana	Viridiplantae	319	False	1
Q9CQT2	Mus musculus	Metazoa	265	False	1
Q9SIV5	Arabidopsis thaliana	Viridiplantae	1773	False	1
Q8R0S1	Mus musculus	Metazoa	413	False	1
P62857	Homo sapiens	Metazoa	69	False	1
Q02932	Saccharomyces cerevisiae (strain ATCC 204508 / S288c)	Fungi	1032	False	1
Q7SB98	Neurospora crassa (strain ATCC 24698 / 74-OR23-1A / CBS 708.71 / DSM 1257 / FGSC 987)	Fungi	312	False	1
Q8BT35	Mus musculus	Metazoa	56	True	1
Q9Y7K9	Schizosaccharomyces pombe (strain 972 / ATCC 24843)	Fungi	246	False	1
O74504	Schizosaccharomyces pombe (strain 972 / ATCC 24843)	Fungi	791	False	1
Q9FJF4	Arabidopsis thaliana	Viridiplantae	306	False	1
P33339	Saccharomyces cerevisiae (strain ATCC 204508 / S288c)	Fungi	1025	False	1
Q15424	Homo sapiens	Metazoa	915	False	1
Q5SSJ5	Homo sapiens	Metazoa	553	False	1
Q9USQ7	Schizosaccharomyces pombe (strain 972 / ATCC 24843)	Fungi	606	False	1
P52868	Saccharomyces cerevisiae (strain ATCC 204508 / S288c)	Fungi	283	False	1
O13881	Schizosaccharomyces pombe (strain 972 / ATCC 24843)	Fungi	537	False	1
Q8L3P4	Arabidopsis thaliana	Viridiplantae	654	False	1
Q9USJ7	Schizosaccharomyces pombe (strain 972 / ATCC 24843)	Fungi	393	False	1
P41318	Saccharomyces cerevisiae (strain ATCC 204508 / S288c)	Fungi	303	False	1
Q8VE70	Mus musculus	Metazoa	212	False	1
Q96KQ7	Homo sapiens	Metazoa	1210	False	1
Q93V85	Arabidopsis thaliana	Viridiplantae	417	False	1
Q4WF55	Aspergillus fumigatus (strain ATCC MYA-4609 / CBS 101355 / FGSC A1100 / Af293)	Fungi	462	False	1
Q8VY88	Arabidopsis thaliana	Viridiplantae	175	False	1
Q86V15	Homo sapiens	Metazoa	1759	False	1
Q6PCT2	Homo sapiens	Metazoa	694	False	1
Q54LT0	Dictyostelium discoideum	Other	275	False	1
P33447	Trypanosoma cruzi	Other	416	False	1
Q3KRA9	Homo sapiens	Metazoa	238	False	1
Q12124	Saccharomyces cerevisiae (strain ATCC 204508 / S288c)	Fungi	431	False	1
P40060	Saccharomyces cerevisiae (strain ATCC 204508 / S288c)	Fungi	125	False	1
Q9Y2D8	Homo sapiens	Metazoa	614	False	1
Q15170	Homo sapiens	Metazoa	159	False	1
Q9LW57	Arabidopsis thaliana	Viridiplantae	284	False	1
Q9SCL7	Arabidopsis thaliana	Viridiplantae	347	False	1
Q5PT50	Rattus norvegicus	Metazoa	340	True	1
Q9Z2A5	Mus musculus	Metazoa	516	False	1
Q12018	Saccharomyces cerevisiae (strain ATCC 204508 / S288c)	Fungi	815	False	1
P0CY08	Saccharomyces cerevisiae (strain ATCC 204508 / S288c)	Fungi	210	False	1
Q9SJ50	Arabidopsis thaliana	Viridiplantae	333	False	1
Q8BGY9	Mus musculus	Metazoa	580	True	1
P56192	Homo sapiens	Metazoa	900	False	1
P50536	Drosophila melanogaster	Metazoa	512	False	1
Q12874	Homo sapiens	Metazoa	501	False	1
Q3E772	Saccharomyces cerevisiae (strain ATCC 204508 / S288c)	Fungi	92	False	1
Q96AP4	Homo sapiens	Metazoa	578	False	1
Q9NS37	Homo sapiens	Metazoa	354	False	1
O35284	Mus musculus	Metazoa	125	False	1
P10676	Drosophila melanogaster	Metazoa	1501	False	1
Q9NRY2	Homo sapiens	Metazoa	104	False	1
E9PRG8	Homo sapiens	Metazoa	123	False	1
Q9JHQ0	Mus musculus	Metazoa	345	False	1
Q01831	Homo sapiens	Metazoa	940	False	1
Q6VMQ6	Homo sapiens	Metazoa	1270	False	1
Q8L627	Arabidopsis thaliana	Viridiplantae	375	False	1
B8BDQ4	Oryza sativa subsp. indica	Viridiplantae	696	False	1
Q3E764	Saccharomyces cerevisiae (strain ATCC 204508 / S288c)	Fungi	64	False	1
O94875	Homo sapiens	Metazoa	1100	False	1
P48164	Saccharomyces cerevisiae (strain ATCC 204508 / S288c)	Fungi	190	False	1
Q945P0	Nicotiana tabacum	Viridiplantae	209	False	1
Q949J1	Chlamydomonas reinhardtii	Viridiplantae	192	False	1
P78929	Schizosaccharomyces pombe (strain 972 / ATCC 24843)	Fungi	137	False	1
O95359	Homo sapiens	Metazoa	2948	False	1
Q2HJJ1	Bos taurus	Metazoa	256	False	1
P25043	Saccharomyces cerevisiae (strain ATCC 204508 / S288c)	Fungi	261	False	1
Q0WPF2	Arabidopsis thaliana	Viridiplantae	808	False	1
Q6VY05	Mus musculus	Metazoa	352	False	1
P37263	Saccharomyces cerevisiae (strain ATCC 204508 / S288c)	Fungi	153	False	1
Q9SX65	Arabidopsis thaliana	Viridiplantae	156	False	1
Q96P66	Homo sapiens	Metazoa	508	True	1
P38882	Saccharomyces cerevisiae (strain ATCC 204508 / S288c)	Fungi	575	False	1
Q54ER9	Dictyostelium discoideum	Other	602	False	1
Q9SQU2	Arabidopsis thaliana	Viridiplantae	199	True	1
P23724	Saccharomyces cerevisiae (strain ATCC 204508 / S288c)	Fungi	241	False	1
Q76LB1	Triticum aestivum	Viridiplantae	459	True	1
Q90ZS6	Xenopus laevis	Metazoa	1271	False	1
Q9LVB9	Arabidopsis thaliana	Viridiplantae	172	False	1
Q9UGM6	Homo sapiens	Metazoa	360	False	1
P0CG13	Homo sapiens	Metazoa	121	False	1
Q9SGS4	Arabidopsis thaliana	Viridiplantae	302	False	1
Q1KPV0	Arabidopsis thaliana	Viridiplantae	912	False	1
P49662	Homo sapiens	Metazoa	377	False	1
P25348	Saccharomyces cerevisiae (strain ATCC 204508 / S288c)	Fungi	183	False	1
Q99278	Saccharomyces cerevisiae (strain ATCC 204508 / S288c)	Fungi	115	False	1
Q84VX3	Arabidopsis thaliana	Viridiplantae	626	False	1
Q0WVH0	Arabidopsis thaliana	Viridiplantae	594	False	1
Q8IIS5	Plasmodium falciparum (isolate 3D7)	Other	643	False	1
P90838	Caenorhabditis elegans	Metazoa	505	False	1
P15315	Saccharomyces cerevisiae (strain ATCC 204508 / S288c)	Fungi	225	False	1
O15068	Homo sapiens	Metazoa	1137	False	1
Q03973	Saccharomyces cerevisiae (strain ATCC 204508 / S288c)	Fungi	246	False	1
P22893	Mus musculus	Metazoa	319	False	1
Q91Z67	Mus musculus	Metazoa	1071	False	1
Q9UJY1	Homo sapiens	Metazoa	196	False	1
Q92989	Homo sapiens	Metazoa	425	False	1
P06509	Spinacia oleracea	Viridiplantae	272	False	1
O43070	Schizosaccharomyces pombe (strain 972 / ATCC 24843)	Fungi	613	False	1
P41695	Saccharomyces cerevisiae (strain ATCC 204508 / S288c)	Fungi	1021	False	1
P05030	Saccharomyces cerevisiae (strain ATCC 204508 / S288c)	Fungi	918	False	1
Q9CR51	Mus musculus	Metazoa	118	False	1
Q967U1	Dictyostelium discoideum	Other	225	False	1
Q9D8B6	Mus musculus	Metazoa	190	False	1
P32855	Saccharomyces cerevisiae (strain ATCC 204508 / S288c)	Fungi	1065	False	1
Q99547	Homo sapiens	Metazoa	160	False	1
O59746	Schizosaccharomyces pombe (strain 972 / ATCC 24843)	Fungi	819	False	1
Q93092	Mus musculus	Metazoa	337	False	1
Q6IN84	Homo sapiens	Metazoa	353	False	1
Q04048	Saccharomyces cerevisiae (strain ATCC 204508 / S288c)	Fungi	859	False	1
Q12285	Saccharomyces cerevisiae (strain ATCC 204508 / S288c)	Fungi	212	False	1
Q19131	Caenorhabditis elegans	Metazoa	813	False	1
P36152	Saccharomyces cerevisiae (strain ATCC 204508 / S288c)	Fungi	348	False	1
Q8H0V4	Arabidopsis thaliana	Viridiplantae	722	False	1
Q7SHR9	Neurospora crassa (strain ATCC 24698 / 74-OR23-1A / CBS 708.71 / DSM 1257 / FGSC 987)	Fungi	316	False	1
P41933	Caenorhabditis elegans	Metazoa	457	False	1
O43557	Homo sapiens	Metazoa	240	True	1
Q6LA54	Schizosaccharomyces pombe (strain 972 / ATCC 24843)	Fungi	933	False	1
Q9GZS1	Homo sapiens	Metazoa	419	False	1
Q38890	Arabidopsis thaliana	Viridiplantae	621	True	1
O59757	Schizosaccharomyces pombe (strain 972 / ATCC 24843)	Fungi	1364	False	1
O88457	Rattus norvegicus	Metazoa	1765	False	1
Q7L2Z9	Homo sapiens	Metazoa	268	False	1
O61707	Caenorhabditis elegans	Metazoa	523	False	1
Q9Y375	Homo sapiens	Metazoa	327	False	1
P53955	Saccharomyces cerevisiae (strain ATCC 204508 / S288c)	Fungi	656	False	1
Q9Y5U8	Homo sapiens	Metazoa	109	True	1
Q9P7V3	Schizosaccharomyces pombe (strain 972 / ATCC 24843)	Fungi	220	False	1
Q9LU68	Arabidopsis thaliana	Viridiplantae	435	False	1
O22773	Arabidopsis thaliana	Viridiplantae	216	False	1
Q9WTJ4	Mus musculus	Metazoa	500	False	1
P54074	Saccharomyces cerevisiae (strain ATCC 204508 / S288c)	Fungi	624	True	1
Q9BWX1	Homo sapiens	Metazoa	381	False	1
Q9D842	Mus musculus	Metazoa	499	False	1
P38628	Saccharomyces cerevisiae (strain ATCC 204508 / S288c)	Fungi	557	False	1
Q7Z2G1	Homo sapiens	Metazoa	153	False	1
P38755	Saccharomyces cerevisiae (strain ATCC 204508 / S288c)	Fungi	437	False	1
O74736	Schizosaccharomyces pombe (strain 972 / ATCC 24843)	Fungi	305	False	1
E9Q6W4	Mus musculus	Metazoa	445	False	1
Q59UY7	Candida albicans (strain SC5314 / ATCC MYA-2876)	Fungi	917	False	1
Q24119	Drosophila melanogaster	Metazoa	1022	False	1
Q8L785	Arabidopsis thaliana	Viridiplantae	1067	False	1
F4K1B4	Arabidopsis thaliana	Viridiplantae	335	False	1
Q10332	Schizosaccharomyces pombe (strain 972 / ATCC 24843)	Fungi	830	False	1
Q99PP2	Mus musculus	Metazoa	2237	False	1
Q9P7G6	Schizosaccharomyces pombe (strain 972 / ATCC 24843)	Fungi	566	False	1
P46972	Saccharomyces cerevisiae (strain ATCC 204508 / S288c)	Fungi	177	False	1
Q9JJD0	Mus musculus	Metazoa	305	False	1
O65282	Arabidopsis thaliana	Viridiplantae	253	False	1
Q9Y275	Homo sapiens	Metazoa	285	True	1
Q03200	Oryza sativa subsp. japonica	Viridiplantae	128	False	1
Q38895	Arabidopsis thaliana	Viridiplantae	204	False	1
Q80VL1	Mus musculus	Metazoa	560	False	1
P56778	Arabidopsis thaliana	Viridiplantae	473	True	1
Q4WJ81	Aspergillus fumigatus (strain ATCC MYA-4609 / CBS 101355 / FGSC A1100 / Af293)	Fungi	754	False	1
P40513	Saccharomyces cerevisiae (strain ATCC 204508 / S288c)	Fungi	266	False	1
P16383	Homo sapiens	Metazoa	781	False	1
P35735	Saccharomyces cerevisiae (strain ATCC 204508 / S288c)	Fungi	353	True	1
Q9JJ28	Mus musculus	Metazoa	1271	False	1
Q501D2	Arabidopsis thaliana	Viridiplantae	572	False	1
P21691	Saccharomyces cerevisiae (strain ATCC 204508 / S288c)	Fungi	654	False	1
P07255	Saccharomyces cerevisiae (strain ATCC 204508 / S288c)	Fungi	59	True	1
Q9Y6X4	Homo sapiens	Metazoa	670	False	1
Q811D2	Mus musculus	Metazoa	1581	False	1
Q6FN94	Candida glabrata (strain ATCC 2001 / BCRC 20586 / JCM 3761 / NBRC 0622 / NRRL Y-65 / CBS 138)	Fungi	499	False	1
Q18807	Caenorhabditis elegans	Metazoa	339	True	1
Q9D067	Mus musculus	Metazoa	708	False	1
O14730	Homo sapiens	Metazoa	519	False	1
P06838	Saccharomyces cerevisiae (strain ATCC 204508 / S288c)	Fungi	210	False	1
F4JW79	Arabidopsis thaliana	Viridiplantae	1493	False	1
P40897	Saccharomyces cerevisiae (strain ATCC 204508 / S288c)	Fungi	799	False	1
Q5XIE6	Rattus norvegicus	Metazoa	385	False	1
O15084	Homo sapiens	Metazoa	1053	False	1
P36516	Saccharomyces cerevisiae (strain ATCC 204508 / S288c)	Fungi	390	False	1
Q8W5B1	Arabidopsis thaliana	Viridiplantae	440	False	1
B4FUP5	Zea mays	Viridiplantae	253	False	1
P07236	Saccharomyces cerevisiae (strain ATCC 204508 / S288c)	Fungi	462	False	1
Q9UHV7	Homo sapiens	Metazoa	2174	False	1
P05435	Spinacia oleracea	Viridiplantae	364	False	1
Q8MXU4	Caenorhabditis elegans	Metazoa	107	False	1
F4J284	Arabidopsis thaliana	Viridiplantae	860	False	1
P40085	Saccharomyces cerevisiae (strain ATCC 204508 / S288c)	Fungi	556	True	1
Q9S752	Arabidopsis thaliana	Viridiplantae	388	False	1
Q9P0R6	Homo sapiens	Metazoa	139	False	1
P17898	Saccharomyces cerevisiae (strain ATCC 204508 / S288c)	Fungi	393	True	1
Q9Y118	Drosophila melanogaster	Metazoa	431	False	1
Q9H9P5	Homo sapiens	Metazoa	680	False	1
O18412	Drosophila melanogaster	Metazoa	718	False	1
Q5T890	Homo sapiens	Metazoa	1561	False	1
P18911	Mus musculus	Metazoa	458	False	1
P45974	Homo sapiens	Metazoa	858	False	1
Q9VF30	Drosophila melanogaster	Metazoa	885	False	1
P34241	Saccharomyces cerevisiae (strain ATCC 204508 / S288c)	Fungi	1764	False	1
Q02969	Saccharomyces cerevisiae (strain ATCC 204508 / S288c)	Fungi	394	False	1
Q948R9	Arabidopsis thaliana	Viridiplantae	314	False	1
F4IV16	Arabidopsis thaliana	Viridiplantae	267	False	1
P11638	Neurospora crassa (strain ATCC 24698 / 74-OR23-1A / CBS 708.71 / DSM 1257 / FGSC 987)	Fungi	816	False	1
Q8S950	Nicotiana tabacum	Viridiplantae	959	False	1
P59178	Mus musculus	Metazoa	703	False	1
O94410	Schizosaccharomyces pombe (strain 972 / ATCC 24843)	Fungi	186	False	1
P40368	Saccharomyces cerevisiae (strain ATCC 204508 / S288c)	Fungi	713	False	1
Q20733	Caenorhabditis elegans	Metazoa	900	False	1
P34909	Saccharomyces cerevisiae (strain ATCC 204508 / S288c)	Fungi	587	False	1
P04080	Homo sapiens	Metazoa	98	False	1
Q99679	Homo sapiens	Metazoa	349	True	1
Q05937	Saccharomyces cerevisiae (strain ATCC 204508 / S288c)	Fungi	343	False	1
P38772	Saccharomyces cerevisiae (strain ATCC 204508 / S288c)	Fungi	366	False	1
Q80TH2	Mus musculus	Metazoa	1402	False	1
Q9Y605	Homo sapiens	Metazoa	127	False	1
Q8I8U7	Drosophila melanogaster	Metazoa	3790	False	1
Q8TD19	Homo sapiens	Metazoa	979	False	1
Q9CPQ8	Mus musculus	Metazoa	103	False	1
P07195	Homo sapiens	Metazoa	334	False	1
O22152	Arabidopsis thaliana	Viridiplantae	229	False	1
Q09814	Schizosaccharomyces pombe (strain 972 / ATCC 24843)	Fungi	239	False	1
O43543	Homo sapiens	Metazoa	280	False	1
O13895	Schizosaccharomyces pombe (strain 972 / ATCC 24843)	Fungi	377	False	1
Q03219	Saccharomyces cerevisiae (strain ATCC 204508 / S288c)	Fungi	274	False	1
Q8C854	Mus musculus	Metazoa	591	False	1
A1A4Y4	Homo sapiens	Metazoa	181	False	1
P53853	Saccharomyces cerevisiae (strain ATCC 204508 / S288c)	Fungi	264	False	1
P47116	Saccharomyces cerevisiae (strain ATCC 204508 / S288c)	Fungi	818	False	1
Q23238	Caenorhabditis elegans	Metazoa	893	False	1
Q9C5Z3	Arabidopsis thaliana	Viridiplantae	441	False	1
Q9BUZ4	Homo sapiens	Metazoa	470	False	1
P11101	Rattus norvegicus	Metazoa	114	False	1
Q95X44	Caenorhabditis elegans	Metazoa	226	False	1
Q9LVV5	Arabidopsis thaliana	Viridiplantae	223	False	1
P62854	Homo sapiens	Metazoa	115	False	1
O13601	Schizosaccharomyces pombe (strain 972 / ATCC 24843)	Fungi	494	False	1
Q58FA4	Mus musculus	Metazoa	860	False	1
P53331	Saccharomyces cerevisiae (strain ATCC 204508 / S288c)	Fungi	553	False	1
G5ECN5	Caenorhabditis elegans	Metazoa	388	False	1
E9PVX6	Mus musculus	Metazoa	3177	False	1
Q9FKB5	Arabidopsis thaliana	Viridiplantae	222	False	1
Q9H633	Homo sapiens	Metazoa	154	False	1
Q9D808	Mus musculus	Metazoa	123	True	1
Q6P1S2	Homo sapiens	Metazoa	294	True	1
Q12252	Saccharomyces cerevisiae (strain ATCC 204508 / S288c)	Fungi	991	True	1
P40033	Saccharomyces cerevisiae (strain ATCC 204508 / S288c)	Fungi	138	False	1
Q04347	Saccharomyces cerevisiae (strain ATCC 204508 / S288c)	Fungi	519	False	1
O70337	Mus musculus	Metazoa	150	False	1
P09132	Homo sapiens	Metazoa	144	False	1
Q15365	Homo sapiens	Metazoa	356	False	1
Q76PC4	Schizosaccharomyces pombe (strain 972 / ATCC 24843)	Fungi	562	False	1
Q8RWN0	Arabidopsis thaliana	Viridiplantae	571	False	1
Q9WVL3	Mus musculus	Metazoa	1083	False	1
Q3TQ03	Mus musculus	Metazoa	375	False	1
Q8L748	Arabidopsis thaliana	Viridiplantae	1101	False	1
Q9UT46	Schizosaccharomyces pombe (strain 972 / ATCC 24843)	Fungi	508	False	1
P53944	Saccharomyces cerevisiae (strain ATCC 204508 / S288c)	Fungi	314	False	1
Q8N4H5	Homo sapiens	Metazoa	51	True	1
Q92353	Schizosaccharomyces pombe (strain 972 / ATCC 24843)	Fungi	468	False	1
O94617	Schizosaccharomyces pombe (strain 972 / ATCC 24843)	Fungi	475	False	1
P39988	Saccharomyces cerevisiae (strain ATCC 204508 / S288c)	Fungi	312	False	1
Q02721	Saccharomyces cerevisiae (strain ATCC 204508 / S288c)	Fungi	264	False	1
Q9SRP6	Arabidopsis thaliana	Viridiplantae	194	False	1
P40571	Saccharomyces cerevisiae (strain ATCC 204508 / S288c)	Fungi	144	False	1
P34707	Caenorhabditis elegans	Metazoa	623	False	1
O42804	Aspergillus niger	Fungi	945	False	1
Q10103	Schizosaccharomyces pombe (strain 972 / ATCC 24843)	Fungi	960	False	1
Q7YZH1	Drosophila melanogaster	Metazoa	3241	False	1
Q10109	Schizosaccharomyces pombe (strain 972 / ATCC 24843)	Fungi	688	False	1
Q8N9N2	Homo sapiens	Metazoa	400	False	1
O13801	Schizosaccharomyces pombe (strain 972 / ATCC 24843)	Fungi	596	False	1
Q04477	Saccharomyces cerevisiae (strain ATCC 204508 / S288c)	Fungi	213	False	1
P46818	Sinapis alba	Viridiplantae	1078	False	1
B2RWS6	Mus musculus	Metazoa	2412	False	1
Q9UBY9	Homo sapiens	Metazoa	170	False	1
P21359	Homo sapiens	Metazoa	2839	False	1
O75695	Homo sapiens	Metazoa	350	False	1
Q8IQG1	Drosophila melanogaster	Metazoa	566	False	1
G3XKQ9	Oryza sativa subsp. japonica	Viridiplantae	394	False	1
O75616	Homo sapiens	Metazoa	437	False	1
Q3U5Q7	Mus musculus	Metazoa	447	False	1
Q9UN81	Homo sapiens	Metazoa	338	False	1
Q6UXV4	Homo sapiens	Metazoa	268	False	1
Q5T1C6	Homo sapiens	Metazoa	240	False	1
Q61115	Mus musculus	Metazoa	1434	True	1
Q811A2	Rattus norvegicus	Metazoa	172	True	1
Q12102	Saccharomyces cerevisiae (strain ATCC 204508 / S288c)	Fungi	859	False	1
O14322	Schizosaccharomyces pombe (strain 972 / ATCC 24843)	Fungi	313	False	1
Q03201	Saccharomyces cerevisiae (strain ATCC 204508 / S288c)	Fungi	203	False	1
O95476	Homo sapiens	Metazoa	244	True	1
G1X9H9	Arthrobotrys oligospora (strain ATCC 24927 / CBS 115.81 / DSM 1491)	Fungi	411	False	1
P04840	Saccharomyces cerevisiae (strain ATCC 204508 / S288c)	Fungi	283	False	1
O22806	Arabidopsis thaliana	Viridiplantae	395	False	1
O60941	Homo sapiens	Metazoa	627	False	1
Q8IXP5	Homo sapiens	Metazoa	288	False	1
P41895	Saccharomyces cerevisiae (strain ATCC 204508 / S288c)	Fungi	735	False	1
P38207	Saccharomyces cerevisiae (strain ATCC 204508 / S288c)	Fungi	520	False	1
E7FKV8	Oryzias latipes	Metazoa	2742	False	1
Q9SW31	Arabidopsis thaliana	Viridiplantae	157	False	1
Q3UL36	Mus musculus	Metazoa	271	False	1
Q13889	Homo sapiens	Metazoa	308	False	1
Q8RY71	Arabidopsis thaliana	Viridiplantae	341	False	1
Q1HG44	Homo sapiens	Metazoa	320	True	1
P31385	Saccharomyces cerevisiae (strain ATCC 204508 / S288c)	Fungi	405	False	1
Q6UWU4	Homo sapiens	Metazoa	347	True	1
Q80W99	Mus musculus	Metazoa	395	True	1
O74469	Schizosaccharomyces pombe (strain 972 / ATCC 24843)	Fungi	133	False	1
Q4ADV7	Homo sapiens	Metazoa	1423	False	1
Q9NUJ1	Homo sapiens	Metazoa	306	False	1
Q4VAE3	Mus musculus	Metazoa	234	False	1
Q9Y7X6	Schizosaccharomyces pombe (strain 972 / ATCC 24843)	Fungi	684	False	1
Q23544	Caenorhabditis elegans	Metazoa	508	True	1
Q9LY00	Arabidopsis thaliana	Viridiplantae	294	False	1
Q9ZR07	Arabidopsis thaliana	Viridiplantae	187	False	1
Q96K80	Homo sapiens	Metazoa	434	False	1
O43829	Homo sapiens	Metazoa	449	False	1
Q94515	Drosophila melanogaster	Metazoa	321	True	1
P38851	Saccharomyces cerevisiae (strain ATCC 204508 / S288c)	Fungi	1228	False	1
Q9H0Z9	Homo sapiens	Metazoa	239	False	1
Q9Y2I9	Homo sapiens	Metazoa	924	False	1
P49454	Homo sapiens	Metazoa	3114	False	1
Q7RYV0	Neurospora crassa (strain ATCC 24698 / 74-OR23-1A / CBS 708.71 / DSM 1257 / FGSC 987)	Fungi	176	False	1
Q39709	Isochrysis galbana	Other	208	False	1
P16522	Saccharomyces cerevisiae (strain ATCC 204508 / S288c)	Fungi	626	False	1
Q23405	Caenorhabditis elegans	Metazoa	842	False	1
Q8RWS0	Arabidopsis thaliana	Viridiplantae	124	False	1
Q8NHV9	Homo sapiens	Metazoa	184	False	1
Q9H1E3	Homo sapiens	Metazoa	243	False	1
Q9Y2G0	Homo sapiens	Metazoa	817	False	1
P21951	Saccharomyces cerevisiae (strain ATCC 204508 / S288c)	Fungi	2222	False	1
Q9UJX5	Homo sapiens	Metazoa	808	False	1
O88339	Rattus norvegicus	Metazoa	575	False	1
Q10430	Schizosaccharomyces pombe (strain 972 / ATCC 24843)	Fungi	238	False	1
Q9UBH6	Homo sapiens	Metazoa	696	False	1
Q571I4	Mus musculus	Metazoa	1373	False	1
Q9UBE0	Homo sapiens	Metazoa	346	False	1
Q9UM63	Homo sapiens	Metazoa	463	False	1
Q9HGL9	Schizosaccharomyces pombe (strain 972 / ATCC 24843)	Fungi	252	False	1
Q9NXF7	Homo sapiens	Metazoa	216	False	1
P00560	Saccharomyces cerevisiae (strain ATCC 204508 / S288c)	Fungi	416	False	1
P87233	Schizosaccharomyces pombe (strain 972 / ATCC 24843)	Fungi	461	False	1
O09130	Mus musculus	Metazoa	412	False	1
P19735	Saccharomyces cerevisiae (strain ATCC 204508 / S288c)	Fungi	899	False	1
Q9USM3	Schizosaccharomyces pombe (strain 972 / ATCC 24843)	Fungi	418	False	1
O42924	Schizosaccharomyces pombe (strain 972 / ATCC 24843)	Fungi	272	False	1
Q9VE86	Drosophila melanogaster	Metazoa	353	False	1
Q06364	Daucus carota	Viridiplantae	489	False	1
O94888	Homo sapiens	Metazoa	489	False	1
G5EEG9	Caenorhabditis elegans	Metazoa	399	False	1
O94687	Schizosaccharomyces pombe (strain 972 / ATCC 24843)	Fungi	549	False	1
Q9ZNQ8	Arabidopsis thaliana	Viridiplantae	633	False	1
Q07684	Saccharomyces cerevisiae (strain ATCC 204508 / S288c)	Fungi	458	False	1
P23611	Mus musculus	Metazoa	424	False	1
Q03214	Saccharomyces cerevisiae (strain ATCC 204508 / S288c)	Fungi	1411	False	1
E9EWQ4	Metarhizium robertsii (strain ARSEF 23 / ATCC MYA-3075)	Fungi	1004	False	1
Q16891	Homo sapiens	Metazoa	758	True	1
Q9Y5Q8	Homo sapiens	Metazoa	519	False	1
Q8H1U5	Arabidopsis thaliana	Viridiplantae	865	False	1
P53335	Saccharomyces cerevisiae (strain ATCC 204508 / S288c)	Fungi	271	False	1
Q9LZD0	Arabidopsis thaliana	Viridiplantae	599	False	1
P56560	Bos taurus	Metazoa	520	False	1
C8VP82	Emericella nidulans (strain FGSC A4 / ATCC 38163 / CBS 112.46 / NRRL 194 / M139)	Fungi	339	False	1
Q6YSY5	Oryza sativa subsp. japonica	Viridiplantae	357	False	1
Q9QYW0	Rattus norvegicus	Metazoa	523	False	1
Q08683	Saccharomyces cerevisiae (strain ATCC 204508 / S288c)	Fungi	685	False	1
P40957	Saccharomyces cerevisiae (strain ATCC 204508 / S288c)	Fungi	749	False	1
Q9D1E5	Mus musculus	Metazoa	489	True	1
Q9ESC8	Mus musculus	Metazoa	1160	False	1
P32367	Saccharomyces cerevisiae (strain ATCC 204508 / S288c)	Fungi	649	False	1
Q9ERV1	Mus musculus	Metazoa	416	False	1
P83510	Mus musculus	Metazoa	1323	False	1
Q9SEE9	Arabidopsis thaliana	Viridiplantae	414	False	1
O13577	Saccharomyces cerevisiae (strain ATCC 204508 / S288c)	Fungi	133	False	1
Q8CHP0	Mus musculus	Metazoa	950	False	1
Q5ND04	Mus musculus	Metazoa	624	False	1
O13329	Saccharomyces cerevisiae (strain ATCC 204508 / S288c)	Fungi	566	False	1
Q9BSH4	Homo sapiens	Metazoa	297	False	1
Q9NX47	Homo sapiens	Metazoa	278	False	1
A0A7J6KE60	Toxoplasma gondii	Other	652	True	1
Q58WW2	Homo sapiens	Metazoa	860	False	1
Q9GZL7	Homo sapiens	Metazoa	423	False	1
Q12382	Saccharomyces cerevisiae (strain ATCC 204508 / S288c)	Fungi	290	True	1
Q9BVS5	Homo sapiens	Metazoa	477	False	1
Q9VEX5	Drosophila melanogaster	Metazoa	689	False	1
Q9NVH2	Homo sapiens	Metazoa	962	False	1
Q9Y222	Homo sapiens	Metazoa	760	False	1
Q16873	Homo sapiens	Metazoa	150	True	1
Q9U213	Caenorhabditis elegans	Metazoa	425	False	1
Q8L5Z4	Arabidopsis thaliana	Viridiplantae	584	False	1
Q9NYL2	Homo sapiens	Metazoa	800	False	1
Q9LKA0	Arabidopsis thaliana	Viridiplantae	259	False	1
Q96QA5	Homo sapiens	Metazoa	445	False	1
Q0VG06	Homo sapiens	Metazoa	881	False	1
Q09683	Schizosaccharomyces pombe (strain 972 / ATCC 24843)	Fungi	649	False	1
Q02206	Saccharomyces cerevisiae (strain ATCC 204508 / S288c)	Fungi	625	False	1
Q04175	Saccharomyces cerevisiae (strain ATCC 204508 / S288c)	Fungi	944	False	1
P43586	Saccharomyces cerevisiae (strain ATCC 204508 / S288c)	Fungi	204	False	1
Q06139	Saccharomyces cerevisiae (strain ATCC 204508 / S288c)	Fungi	101	False	1
Q9QXX8	Mus musculus	Metazoa	484	False	1
Q21443	Caenorhabditis elegans	Metazoa	566	False	1
Q8BMD2	Mus musculus	Metazoa	852	False	1
Q9VC61	Drosophila melanogaster	Metazoa	755	False	1
O74829	Schizosaccharomyces pombe (strain 972 / ATCC 24843)	Fungi	516	True	1
Q941D3	Arabidopsis thaliana	Viridiplantae	239	False	1
Q96LI5	Homo sapiens	Metazoa	555	False	1
O61715	Caenorhabditis elegans	Metazoa	454	True	1
P46435	Schistosoma mansoni	Metazoa	259	False	1
Q12321	Saccharomyces cerevisiae (strain ATCC 204508 / S288c)	Fungi	566	False	1
P38253	Saccharomyces cerevisiae (strain ATCC 204508 / S288c)	Fungi	122	True	1
Q96EH3	Homo sapiens	Metazoa	234	False	1
Q7M3M8	Drosophila melanogaster	Metazoa	793	False	1
Q5U458	Mus musculus	Metazoa	559	False	1
Q9STS7	Arabidopsis thaliana	Viridiplantae	353	False	1
Q9QY93	Mus musculus	Metazoa	170	False	1
Q9YHT2	Gallus gallus	Metazoa	290	False	1
Q9WUU9	Mus musculus	Metazoa	1971	False	1
Q9FT52	Arabidopsis thaliana	Viridiplantae	168	False	1
P38909	Saccharomyces cerevisiae (strain ATCC 204508 / S288c)	Fungi	366	False	1
Q9Y6W5	Homo sapiens	Metazoa	498	False	1
Q9Z0S4	Mus musculus	Metazoa	211	True	1
Q12259	Saccharomyces cerevisiae (strain ATCC 204508 / S288c)	Fungi	485	False	1
P36012	Saccharomyces cerevisiae (strain ATCC 204508 / S288c)	Fungi	229	False	1
P52296	Rattus norvegicus	Metazoa	875	False	1
P32833	Saccharomyces cerevisiae (strain ATCC 204508 / S288c)	Fungi	620	False	1
Q93227	Caenorhabditis elegans	Metazoa	431	False	1
A9JRD8	Danio rerio	Metazoa	540	False	1
Q06810	Saccharomyces cerevisiae (strain ATCC 204508 / S288c)	Fungi	360	False	1
M0R7Z9	Rattus norvegicus	Metazoa	475	False	1
Q9UGR2	Homo sapiens	Metazoa	977	False	1
Q8IV76	Homo sapiens	Metazoa	773	False	1
Q8N699	Homo sapiens	Metazoa	235	False	1
P06786	Saccharomyces cerevisiae (strain ATCC 204508 / S288c)	Fungi	1428	False	1
Q9LS24	Arabidopsis thaliana	Viridiplantae	292	False	1
P0C6T3	Rattus norvegicus	Metazoa	269	True	1
Q95T12	Drosophila melanogaster	Metazoa	194	True	1
O64827	Arabidopsis thaliana	Viridiplantae	1382	False	1
O94538	Schizosaccharomyces pombe (strain 972 / ATCC 24843)	Fungi	649	False	1
Q42876	Solanum lycopersicum	Viridiplantae	569	False	1
Q9LZB8	Arabidopsis thaliana	Viridiplantae	634	True	1
Q12045	Saccharomyces cerevisiae (strain ATCC 204508 / S288c)	Fungi	647	False	1
A1Z8P9	Drosophila melanogaster	Metazoa	2346	False	1
Q9GZY4	Homo sapiens	Metazoa	146	True	1
P53721	Saccharomyces cerevisiae (strain ATCC 204508 / S288c)	Fungi	224	True	1
Q99MY0	Mus musculus	Metazoa	378	False	1
A0A5B9G902	Aureobasidium melanogenum	Fungi	521	False	1
Q21209	Caenorhabditis elegans	Metazoa	702	False	1
O43909	Homo sapiens	Metazoa	919	True	1
D4A7U2	Rattus norvegicus	Metazoa	587	False	1
P22936	Saccharomyces cerevisiae (strain ATCC 204508 / S288c)	Fungi	367	False	1
Q9D328	Mus musculus	Metazoa	167	True	1
Q3E7A8	Saccharomyces cerevisiae (strain ATCC 204508 / S288c)	Fungi	72	False	1
P38877	Saccharomyces cerevisiae (strain ATCC 204508 / S288c)	Fungi	133	False	1
Q9GYS1	Caenorhabditis elegans	Metazoa	459	False	1
O22682	Arabidopsis thaliana	Viridiplantae	404	False	1
Q96KS0	Homo sapiens	Metazoa	407	False	1
Q9S7Z2	Arabidopsis thaliana	Viridiplantae	319	False	1
Q12341	Saccharomyces cerevisiae (strain ATCC 204508 / S288c)	Fungi	374	False	1
A2AG06	Mus musculus	Metazoa	965	False	1
P48039	Homo sapiens	Metazoa	350	True	1
Q9UHQ1	Homo sapiens	Metazoa	456	False	1
Q9NR83	Homo sapiens	Metazoa	387	False	1
Q9UL49	Homo sapiens	Metazoa	500	False	1
O14737	Homo sapiens	Metazoa	125	False	1
O95059	Homo sapiens	Metazoa	124	False	1
Q9UTF7	Schizosaccharomyces pombe (strain 972 / ATCC 24843)	Fungi	327	True	1
Q9SYQ0	Arabidopsis thaliana	Viridiplantae	463	False	1
Q06184	Euplotes crassus	Other	446	False	1
O59767	Schizosaccharomyces pombe (strain 972 / ATCC 24843)	Fungi	310	False	1
P53142	Saccharomyces cerevisiae (strain ATCC 204508 / S288c)	Fungi	486	True	1
P0DO12	Arabidopsis thaliana	Viridiplantae	126	False	1
P40084	Saccharomyces cerevisiae (strain ATCC 204508 / S288c)	Fungi	226	False	1
Q9BT43	Homo sapiens	Metazoa	218	False	1
P25578	Saccharomyces cerevisiae (strain ATCC 204508 / S288c)	Fungi	521	False	1
Q9BTV5	Homo sapiens	Metazoa	496	False	1
Q9CX80	Mus musculus	Metazoa	190	False	1
Q9SE43	Arabidopsis thaliana	Viridiplantae	842	False	1
O94580	Schizosaccharomyces pombe (strain 972 / ATCC 24843)	Fungi	282	False	1
Q53H12	Homo sapiens	Metazoa	422	False	1
Q54EQ8	Dictyostelium discoideum	Other	2053	False	1
Q80VY9	Mus musculus	Metazoa	698	False	1
Q9UT55	Schizosaccharomyces pombe (strain 972 / ATCC 24843)	Fungi	438	False	1
P62128	Spinacia oleracea	Viridiplantae	123	False	1
Q9P7T4	Schizosaccharomyces pombe (strain 972 / ATCC 24843)	Fungi	1019	False	1
Q5Q0E6	Arabidopsis thaliana	Viridiplantae	473	False	1
P86452	Homo sapiens	Metazoa	979	False	1
Q9Y5B8	Homo sapiens	Metazoa	376	False	1
P34537	Caenorhabditis elegans	Metazoa	837	False	1
Q12158	Saccharomyces cerevisiae (strain ATCC 204508 / S288c)	Fungi	566	False	1
Q2VUH8	Komagataella pastoris	Fungi	323	False	1
Q9V463	Drosophila melanogaster	Metazoa	1365	False	1
Q8W191	Arabidopsis thaliana	Viridiplantae	149	False	1
O74547	Schizosaccharomyces pombe (strain 972 / ATCC 24843)	Fungi	422	False	1
P33895	Saccharomyces cerevisiae (strain ATCC 204508 / S288c)	Fungi	451	False	1
Q9SBK6	Brassica rapa subsp. pekinensis	Viridiplantae	392	False	1
Q86YI8	Homo sapiens	Metazoa	300	False	1
Q6P087	Homo sapiens	Metazoa	351	False	1
Q9HD34	Homo sapiens	Metazoa	91	False	1
Q8VDF2	Mus musculus	Metazoa	782	False	1
P40169	Saccharomyces cerevisiae (strain ATCC 204508 / S288c)	Fungi	301	True	1
Q96LI6	Homo sapiens	Metazoa	401	False	1
P09547	Saccharomyces cerevisiae (strain ATCC 204508 / S288c)	Fungi	1314	False	1
F4I718	Arabidopsis thaliana	Viridiplantae	2136	False	1
Q66HC5	Rattus norvegicus	Metazoa	819	False	1
P36151	Saccharomyces cerevisiae (strain ATCC 204508 / S288c)	Fungi	352	False	1
Q09793	Schizosaccharomyces pombe (strain 972 / ATCC 24843)	Fungi	425	False	1
Q06675	Saccharomyces cerevisiae (strain ATCC 204508 / S288c)	Fungi	368	False	1
O74910	Schizosaccharomyces pombe (strain 972 / ATCC 24843)	Fungi	638	False	1
Q9VAS7	Drosophila melanogaster	Metazoa	395	True	1
O43822	Homo sapiens	Metazoa	256	False	1
O43818	Homo sapiens	Metazoa	475	False	1
Q9SU25	Arabidopsis thaliana	Viridiplantae	649	False	1
Q14CX5	Homo sapiens	Metazoa	517	True	1
Q8IVH4	Homo sapiens	Metazoa	418	False	1
O75179	Homo sapiens	Metazoa	2603	False	1
G2HK15	Caenorhabditis elegans	Metazoa	367	False	2
P43449	Gallus gallus	Metazoa	395	False	2
Q9C8L2	Arabidopsis thaliana	Viridiplantae	287	False	2
P30706	Pisum sativum	Viridiplantae	457	False	2
Q96RL7	Homo sapiens	Metazoa	3174	False	2
Q08774	Saccharomyces cerevisiae (strain ATCC 204508 / S288c)	Fungi	242	False	2
Q336R3	Oryza sativa subsp. japonica	Viridiplantae	844	False	2
Q02204	Saccharomyces cerevisiae (strain ATCC 204508 / S288c)	Fungi	264	False	2
O75127	Homo sapiens	Metazoa	700	False	2
Q9SRY4	Arabidopsis thaliana	Viridiplantae	453	False	2
Q8N9N5	Homo sapiens	Metazoa	519	False	2
Q9BT78	Homo sapiens	Metazoa	406	False	2
Q01842	Drosophila melanogaster	Metazoa	732	False	2
Q9VLJ8	Drosophila melanogaster	Metazoa	453	False	2
P32807	Saccharomyces cerevisiae (strain ATCC 204508 / S288c)	Fungi	602	False	2
O60239	Homo sapiens	Metazoa	455	False	2
Q12955	Homo sapiens	Metazoa	4377	False	2
P23615	Saccharomyces cerevisiae (strain ATCC 204508 / S288c)	Fungi	1451	False	2
Q8NFZ0	Homo sapiens	Metazoa	1043	False	2
Q5U117	Drosophila melanogaster	Metazoa	639	False	2
Q336N8	Oryza sativa subsp. japonica	Viridiplantae	858	False	2
P87052	Schizosaccharomyces pombe (strain 972 / ATCC 24843)	Fungi	344	False	2
Q501F9	Arabidopsis thaliana	Viridiplantae	370	False	2
Q84JE8	Arabidopsis thaliana	Viridiplantae	694	False	2
O82660	Arabidopsis thaliana	Viridiplantae	403	False	2
P32570	Saccharomyces cerevisiae (strain ATCC 204508 / S288c)	Fungi	121	False	2
Q12768	Homo sapiens	Metazoa	1159	False	2
Q9Y2I8	Homo sapiens	Metazoa	494	False	2
O94822	Homo sapiens	Metazoa	1766	False	2
A4UVI1	Papio anubis	Metazoa	444	False	2
Q8N140	Homo sapiens	Metazoa	333	False	2
Q9Y4L5	Homo sapiens	Metazoa	304	False	2
P23511	Homo sapiens	Metazoa	347	False	2
Q52LJ0	Homo sapiens	Metazoa	433	False	2
Q5I2A0	Mus musculus	Metazoa	440	False	2
Q86WB7	Homo sapiens	Metazoa	457	True	2
Q7L3V2	Homo sapiens	Metazoa	364	False	2
P61244	Homo sapiens	Metazoa	160	False	2
J9VIL4	Cryptococcus neoformans (strain H99 / ATCC 208821 / CBS 10515 / FGSC 9487)	Fungi	623	True	2
Q9VY78	Drosophila melanogaster	Metazoa	260	True	2
Q0J995	Oryza sativa subsp. japonica	Viridiplantae	424	False	2
Q7TMF2	Mus musculus	Metazoa	345	False	2
Q9FN69	Arabidopsis thaliana	Viridiplantae	637	False	2
Q96RG2	Homo sapiens	Metazoa	1323	False	2
Q9VVR2	Drosophila melanogaster	Metazoa	539	False	2
Q5SV85	Mus musculus	Metazoa	1306	False	2
O23174	Arabidopsis thaliana	Viridiplantae	536	False	2
P36144	Saccharomyces cerevisiae (strain ATCC 204508 / S288c)	Fungi	274	False	2
P18480	Saccharomyces cerevisiae (strain ATCC 204508 / S288c)	Fungi	905	False	2
P41812	Saccharomyces cerevisiae (strain ATCC 204508 / S288c)	Fungi	875	False	2
Q21148	Caenorhabditis elegans	Metazoa	308	False	2
P34234	Saccharomyces cerevisiae (strain ATCC 204508 / S288c)	Fungi	306	False	2
Q05809	Saccharomyces cerevisiae (strain ATCC 204508 / S288c)	Fungi	96	False	2
P0C6S7	Rattus norvegicus	Metazoa	1260	False	2
P91027	Caenorhabditis elegans	Metazoa	338	False	2
Q07794	Saccharomyces cerevisiae (strain ATCC 204508 / S288c)	Fungi	436	False	2
Q6S5G3	Arabidopsis thaliana	Viridiplantae	793	False	2
P21357	Solanum tuberosum	Viridiplantae	538	False	2
P97852	Rattus norvegicus	Metazoa	735	False	2
O13712	Schizosaccharomyces pombe (strain 972 / ATCC 24843)	Fungi	844	False	2
O22130	Arabidopsis thaliana	Viridiplantae	317	False	2
P0DYC2	Talaromyces sp	Fungi	412	True	2
P46943	Saccharomyces cerevisiae (strain ATCC 204508 / S288c)	Fungi	645	False	2
Q06596	Saccharomyces cerevisiae (strain ATCC 204508 / S288c)	Fungi	294	False	2
A0A8I3PDQ1	Canis lupus familiaris	Metazoa	834	False	2
P53317	Saccharomyces cerevisiae (strain ATCC 204508 / S288c)	Fungi	196	False	2
Q9LX31	Arabidopsis thaliana	Viridiplantae	265	False	2
P32338	Saccharomyces cerevisiae (strain ATCC 204508 / S288c)	Fungi	300	False	2
A9UHW6	Homo sapiens	Metazoa	222	False	2
Q9QXM1	Mus musculus	Metazoa	983	False	2
P78965	Schizosaccharomyces pombe (strain 972 / ATCC 24843)	Fungi	464	False	2
Q96IU4	Homo sapiens	Metazoa	210	False	2
Q1W6H9	Homo sapiens	Metazoa	321	False	2
Q9VAH9	Drosophila melanogaster	Metazoa	597	False	2
Q9UUI2	Schizosaccharomyces pombe (strain 972 / ATCC 24843)	Fungi	165	False	2
P39985	Saccharomyces cerevisiae (strain ATCC 204508 / S288c)	Fungi	1022	False	2
O94751	Schizosaccharomyces pombe (strain 972 / ATCC 24843)	Fungi	1044	False	2
Q8BJQ4	Mus musculus	Metazoa	232	False	2
Q6K1E7	Mus musculus	Metazoa	370	False	2
O94830	Homo sapiens	Metazoa	711	False	2
O60158	Schizosaccharomyces pombe (strain 972 / ATCC 24843)	Fungi	432	False	2
Q9EQN3	Mus musculus	Metazoa	387	False	2
Q8L8M9	Arabidopsis thaliana	Viridiplantae	442	False	2
Q05519	Homo sapiens	Metazoa	484	False	2
Q67UR2	Oryza sativa subsp. japonica	Viridiplantae	419	False	2
Q9SS48	Arabidopsis thaliana	Viridiplantae	629	False	2
Q9UP83	Homo sapiens	Metazoa	860	False	2
Q8I1X7	Plasmodium falciparum (isolate 3D7)	Other	579	False	2
O74458	Schizosaccharomyces pombe (strain 972 / ATCC 24843)	Fungi	1006	False	2
Q9VFS6	Drosophila melanogaster	Metazoa	994	False	2
P51556	Rattus norvegicus	Metazoa	727	False	2
Q5W0Q7	Homo sapiens	Metazoa	1092	False	2
Q6SKR2	Mus musculus	Metazoa	214	False	2
Q8TEQ6	Homo sapiens	Metazoa	1508	False	2
Q9C757	Arabidopsis thaliana	Viridiplantae	580	True	2
Q80YF9	Mus musculus	Metazoa	1305	False	2
Q9BVI4	Homo sapiens	Metazoa	516	False	2
P32800	Saccharomyces cerevisiae (strain ATCC 204508 / S288c)	Fungi	271	True	2
Q6NLW5	Arabidopsis thaliana	Viridiplantae	300	False	2
Q8LEA8	Arabidopsis thaliana	Viridiplantae	336	False	2
O22267	Arabidopsis thaliana	Viridiplantae	1122	True	2
Q03338	Saccharomyces cerevisiae (strain ATCC 204508 / S288c)	Fungi	469	False	2
O01811	Caenorhabditis elegans	Metazoa	377	True	2
G5EEQ5	Caenorhabditis elegans	Metazoa	367	False	2
P53883	Saccharomyces cerevisiae (strain ATCC 204508 / S288c)	Fungi	403	False	2
P38783	Saccharomyces cerevisiae (strain ATCC 204508 / S288c)	Fungi	130	False	2
Q3URD3	Mus musculus	Metazoa	845	True	2
Q9UIG8	Homo sapiens	Metazoa	710	True	2
Q8GY65	Arabidopsis thaliana	Viridiplantae	343	False	2
Q9C516	Arabidopsis thaliana	Viridiplantae	848	False	2
P0C7R1	Arabidopsis thaliana	Viridiplantae	239	False	2
P42356	Homo sapiens	Metazoa	2102	False	2
O94308	Schizosaccharomyces pombe (strain 972 / ATCC 24843)	Fungi	422	False	2
Q19614	Caenorhabditis elegans	Metazoa	433	False	2
Q6DYE4	Arabidopsis thaliana	Viridiplantae	455	False	2
Q9HB21	Homo sapiens	Metazoa	404	False	2
Q12383	Saccharomyces cerevisiae (strain ATCC 204508 / S288c)	Fungi	476	False	2
Q99K90	Mus musculus	Metazoa	693	False	2
Q9NS73	Homo sapiens	Metazoa	344	False	2
A2T1U1	Brassica oleracea var. botrytis	Viridiplantae	305	False	2
Q257B3	Trypanosoma brucei brucei	Other	345	False	2
Q7LDG7	Homo sapiens	Metazoa	609	False	2
G5EDP2	Caenorhabditis elegans	Metazoa	412	False	2
Q8CC88	Mus musculus	Metazoa	1905	False	2
Q96E11	Homo sapiens	Metazoa	262	False	2
Q9UDX5	Homo sapiens	Metazoa	166	True	2
Q9P032	Homo sapiens	Metazoa	175	False	2
Q7TS63	Mus musculus	Metazoa	1237	False	2
Q8BHK1	Mus musculus	Metazoa	323	True	2
Q8VY15	Arabidopsis thaliana	Viridiplantae	899	False	2
O59858	Schizosaccharomyces pombe (strain 972 / ATCC 24843)	Fungi	158	False	2
Q09330	Schizosaccharomyces pombe (strain 972 / ATCC 24843)	Fungi	199	False	2
Q0WP44	Arabidopsis thaliana	Viridiplantae	1202	False	2
Q8NE79	Homo sapiens	Metazoa	360	True	2
O60336	Homo sapiens	Metazoa	1514	False	2
Q9SWI1	Arabidopsis thaliana	Viridiplantae	439	False	2
P81451	Saccharomyces cerevisiae (strain ATCC 204508 / S288c)	Fungi	68	True	2
Q9W123	Drosophila melanogaster	Metazoa	495	False	2
Q63768	Rattus norvegicus	Metazoa	304	False	2
Q9Y3R4	Homo sapiens	Metazoa	380	False	2
Q2HJF1	Bos taurus	Metazoa	112	False	2
Q06152	Saccharomyces cerevisiae (strain ATCC 204508 / S288c)	Fungi	274	False	2
Q04377	Saccharomyces cerevisiae (strain ATCC 204508 / S288c)	Fungi	747	False	2
D3ZVU9	Rattus norvegicus	Metazoa	299	False	2
Q9BZF1	Homo sapiens	Metazoa	889	False	2
Q9FNE9	Arabidopsis thaliana	Viridiplantae	349	False	2
Q07845	Saccharomyces cerevisiae (strain ATCC 204508 / S288c)	Fungi	632	False	2
P32796	Saccharomyces cerevisiae (strain ATCC 204508 / S288c)	Fungi	670	False	2
Q3UHC2	Mus musculus	Metazoa	2014	False	2
Q8LDV3	Arabidopsis thaliana	Viridiplantae	185	False	2
Q9EQ28	Mus musculus	Metazoa	462	False	2
Q8IUR6	Homo sapiens	Metazoa	639	False	2
Q6TCH4	Homo sapiens	Metazoa	344	True	2
Q9ULZ2	Homo sapiens	Metazoa	295	False	2
Q1ACB3	Arabidopsis thaliana	Viridiplantae	386	False	2
P48995	Homo sapiens	Metazoa	793	False	2
Q8IZS7	Homo sapiens	Metazoa	167	True	2
P82931	Bos taurus	Metazoa	124	False	2
P32266	Saccharomyces cerevisiae (strain ATCC 204508 / S288c)	Fungi	881	True	2
P18263	Chlamydomonas reinhardtii	Viridiplantae	46	True	2
Q4ZGE1	Schizosaccharomyces pombe (strain 972 / ATCC 24843)	Fungi	61	True	2
Q9P7B7	Schizosaccharomyces pombe (strain 972 / ATCC 24843)	Fungi	295	False	2
Q8JFQ4	Gallus gallus	Metazoa	277	False	2
P21620	Leishmania donovani	Other	514	False	2
P23610	Homo sapiens	Metazoa	371	False	2
P17890	Saccharomyces cerevisiae (strain ATCC 204508 / S288c)	Fungi	251	False	2
Q86VP1	Homo sapiens	Metazoa	789	False	2
Q07362	Saccharomyces cerevisiae (strain ATCC 204508 / S288c)	Fungi	185	False	2
P81900	Drosophila melanogaster	Metazoa	377	False	2
P25638	Saccharomyces cerevisiae (strain ATCC 204508 / S288c)	Fungi	111	False	2
Q9LLC6	Chlamydomonas reinhardtii	Viridiplantae	198	False	2
Q9V6U9	Drosophila melanogaster	Metazoa	357	False	2
O14423	Schizosaccharomyces pombe (strain 972 / ATCC 24843)	Fungi	514	False	2
P32776	Saccharomyces cerevisiae (strain ATCC 204508 / S288c)	Fungi	642	False	2
Q9V4P1	Drosophila melanogaster	Metazoa	1239	False	2
P93740	Arabidopsis thaliana	Viridiplantae	280	False	2
P46669	Saccharomyces cerevisiae (strain ATCC 204508 / S288c)	Fungi	326	False	2
A2AUU0	Mus musculus	Metazoa	281	False	2
P19736	Saccharomyces cerevisiae (strain ATCC 204508 / S288c)	Fungi	530	False	2
Q9LVG4	Arabidopsis thaliana	Viridiplantae	495	False	2
Q14164	Homo sapiens	Metazoa	716	False	2
Q08470	Drosophila pseudoobscura pseudoobscura	Metazoa	1166	False	2
Q12216	Saccharomyces cerevisiae (strain ATCC 204508 / S288c)	Fungi	726	False	2
P36521	Saccharomyces cerevisiae (strain ATCC 204508 / S288c)	Fungi	249	False	2
Q8LPQ5	Arabidopsis thaliana	Viridiplantae	1254	False	2
P97480	Mus musculus	Metazoa	510	False	2
Q9XF57	Arabidopsis thaliana	Viridiplantae	317	False	2
Q6PJ21	Homo sapiens	Metazoa	355	False	2
O48533	Arabidopsis thaliana	Viridiplantae	259	False	2
Q62318	Mus musculus	Metazoa	834	False	2
Q9SX77	Arabidopsis thaliana	Viridiplantae	257	False	2
Q96HJ9	Homo sapiens	Metazoa	113	False	2
Q86XI2	Homo sapiens	Metazoa	1143	False	2
Q2TB10	Homo sapiens	Metazoa	664	False	2
Q9VQ30	Drosophila melanogaster	Metazoa	604	False	2
P15291	Homo sapiens	Metazoa	398	True	2
Q6DYE8	Mus musculus	Metazoa	874	True	2
P39715	Saccharomyces cerevisiae (strain ATCC 204508 / S288c)	Fungi	212	False	2
Q9VN45	Drosophila melanogaster	Metazoa	553	False	2
P32179	Saccharomyces cerevisiae (strain ATCC 204508 / S288c)	Fungi	357	False	2
Q15477	Homo sapiens	Metazoa	1246	False	2
Q9VMA3	Drosophila melanogaster	Metazoa	1117	False	2
P43589	Saccharomyces cerevisiae (strain ATCC 204508 / S288c)	Fungi	448	False	2
Q3ZBI7	Bos taurus	Metazoa	58	True	2
Q9SZR3	Arabidopsis thaliana	Viridiplantae	1017	False	2
D4A2Y9	Rattus norvegicus	Metazoa	403	False	2
Q94C32	Arabidopsis thaliana	Viridiplantae	320	False	2
Q8BZA9	Mus musculus	Metazoa	269	False	2
P42208	Mus musculus	Metazoa	361	False	2
Q16611	Homo sapiens	Metazoa	211	False	2
Q7TQD2	Mus musculus	Metazoa	218	False	2
Q14978	Homo sapiens	Metazoa	699	False	2
Q6UFS5	Danio rerio	Metazoa	563	False	2
Q9P7N0	Schizosaccharomyces pombe (strain 972 / ATCC 24843)	Fungi	392	False	2
P54258	Rattus norvegicus	Metazoa	1183	False	2
Q5VWG9	Homo sapiens	Metazoa	929	False	2
Q99MQ3	Mus musculus	Metazoa	580	False	2
P82538	Arabidopsis thaliana	Viridiplantae	230	False	2
Q96RS6	Homo sapiens	Metazoa	583	False	2
A8MR65	Arabidopsis thaliana	Viridiplantae	201	False	2
Q9C900	Arabidopsis thaliana	Viridiplantae	193	False	2
Q86BP6	Drosophila melanogaster	Metazoa	1162	False	2
Q8TDM6	Homo sapiens	Metazoa	1919	False	2
Q9NWW0	Homo sapiens	Metazoa	138	False	2
Q9WUB9	Mesocricetus auratus	Metazoa	483	True	2
P14724	Saccharomyces cerevisiae (strain ATCC 204508 / S288c)	Fungi	124	False	2
Q04724	Homo sapiens	Metazoa	770	False	2
P40069	Saccharomyces cerevisiae (strain ATCC 204508 / S288c)	Fungi	1113	False	2
Q42496	Chlamydomonas reinhardtii	Viridiplantae	99	True	2
P49888	Homo sapiens	Metazoa	294	False	2
I6PL68	Oryza sativa subsp. japonica	Viridiplantae	303	False	2
Q9P2D0	Homo sapiens	Metazoa	1353	False	2
O13539	Saccharomyces cerevisiae (strain ATCC 204508 / S288c)	Fungi	261	False	2
Q04178	Saccharomyces cerevisiae (strain ATCC 204508 / S288c)	Fungi	221	False	2
O14216	Schizosaccharomyces pombe (strain 972 / ATCC 24843)	Fungi	337	False	2
Q69383	Homo sapiens	Metazoa	105	False	2
Q8VZB2	Arabidopsis thaliana	Viridiplantae	221	True	2
Q62264	Mus musculus	Metazoa	150	False	2
Q7XZF5	Arabidopsis thaliana	Viridiplantae	1841	False	2
O75952	Homo sapiens	Metazoa	493	False	2
Q9UUB6	Schizosaccharomyces pombe (strain 972 / ATCC 24843)	Fungi	300	False	2
Q16774	Homo sapiens	Metazoa	197	False	2
Q9TYY7	Caenorhabditis elegans	Metazoa	478	True	2
Q7XK25	Oryza sativa subsp. japonica	Viridiplantae	475	False	2
Q652K4	Oryza sativa subsp. japonica	Viridiplantae	315	False	2
O46411	Bos taurus	Metazoa	560	False	2
Q86SP6	Homo sapiens	Metazoa	731	True	2
Q04675	Saccharomyces cerevisiae (strain ATCC 204508 / S288c)	Fungi	128	False	2
P33419	Saccharomyces cerevisiae (strain ATCC 204508 / S288c)	Fungi	253	False	2
S8EZA7	Toxoplasma gondii (strain ATCC 50611 / Me49)	Other	534	True	2
Q8BGY7	Mus musculus	Metazoa	273	False	2
Q9NWY4	Homo sapiens	Metazoa	346	False	2
P38632	Saccharomyces cerevisiae (strain ATCC 204508 / S288c)	Fungi	267	False	2
P57680	Mus musculus	Metazoa	1005	True	2
Q96JJ3	Homo sapiens	Metazoa	720	False	2
P36626	Schizosaccharomyces pombe (strain 972 / ATCC 24843)	Fungi	561	False	2
Q9N658	Drosophila melanogaster	Metazoa	541	False	2
Q9VFK6	Drosophila melanogaster	Metazoa	691	False	2
Q9P797	Schizosaccharomyces pombe (strain 972 / ATCC 24843)	Fungi	1142	False	2
Q06315	Saccharomyces cerevisiae (strain ATCC 204508 / S288c)	Fungi	1026	False	2
Q5W7F1	Danio rerio	Metazoa	743	True	2
Q03067	Saccharomyces cerevisiae (strain ATCC 204508 / S288c)	Fungi	99	False	2
Q9JM80	Rattus norvegicus	Metazoa	424	True	2
Q9Y803	Schizosaccharomyces pombe (strain 972 / ATCC 24843)	Fungi	127	False	2
Q9FJH5	Arabidopsis thaliana	Viridiplantae	283	False	2
Q08902	Saccharomyces cerevisiae (strain ATCC 204508 / S288c)	Fungi	515	True	2
Q9Y808	Schizosaccharomyces pombe (strain 972 / ATCC 24843)	Fungi	1063	False	2
O82286	Arabidopsis thaliana	Viridiplantae	226	False	2
Q15057	Homo sapiens	Metazoa	778	False	2
Q6P4F7	Homo sapiens	Metazoa	1023	False	2
P47158	Saccharomyces cerevisiae (strain ATCC 204508 / S288c)	Fungi	497	False	2
P38989	Saccharomyces cerevisiae (strain ATCC 204508 / S288c)	Fungi	1170	False	2
Q00922	Candida boidinii	Fungi	663	False	2
Q7Z4T9	Homo sapiens	Metazoa	767	False	2
Q9FJY5	Arabidopsis thaliana	Viridiplantae	524	False	2
P46060	Homo sapiens	Metazoa	587	False	2
Q5SU73	Mus musculus	Metazoa	570	False	2
O74783	Schizosaccharomyces pombe (strain 972 / ATCC 24843)	Fungi	463	False	2
Q8CJF7	Mus musculus	Metazoa	2243	False	2
O22832	Arabidopsis thaliana	Viridiplantae	401	False	2
Q9VPM5	Drosophila melanogaster	Metazoa	539	False	2
Q05016	Saccharomyces cerevisiae (strain ATCC 204508 / S288c)	Fungi	267	False	2
Q04364	Saccharomyces cerevisiae (strain ATCC 204508 / S288c)	Fungi	514	False	2
Q13950	Homo sapiens	Metazoa	521	False	2
Q8N9M5	Homo sapiens	Metazoa	508	False	2
Q99L02	Mus musculus	Metazoa	253	False	2
Q9ERS2	Mus musculus	Metazoa	144	True	2
G5EEW6	Caenorhabditis elegans	Metazoa	427	False	2
Q86WR0	Homo sapiens	Metazoa	208	True	2
Q9LQI7	Arabidopsis thaliana	Viridiplantae	227	False	2
Q3U827	Mus musculus	Metazoa	592	False	2
Q17990	Caenorhabditis elegans	Metazoa	439	True	2
G3UVW3	Mus musculus	Metazoa	457	True	2
Q91ZR5	Mus musculus	Metazoa	686	False	2
Q9ZUT3	Arabidopsis thaliana	Viridiplantae	273	True	2
Q99JS0	Mus musculus	Metazoa	100	True	2
Q6U6G5	Rattus norvegicus	Metazoa	426	False	2
Q6NNL9	Arabidopsis thaliana	Viridiplantae	93	False	2
Q9HE02	Schizosaccharomyces pombe (strain 972 / ATCC 24843)	Fungi	1185	False	2
P48329	Cyanophora paradoxa	Other	180	False	2
Q8VYR5	Arabidopsis thaliana	Viridiplantae	444	False	2
O23680	Arabidopsis thaliana	Viridiplantae	297	True	2
Q99PU7	Mus musculus	Metazoa	728	False	2
Q8WWC4	Homo sapiens	Metazoa	291	False	2
Q9ZWA1	Arabidopsis thaliana	Viridiplantae	393	False	2
Q9UTH3	Schizosaccharomyces pombe (strain 972 / ATCC 24843)	Fungi	775	False	2
Q01613	Xenopus laevis	Metazoa	1420	False	2
Q5SXA9	Mus musculus	Metazoa	1104	False	2
Q9SS80	Arabidopsis thaliana	Viridiplantae	685	False	2
P48231	Saccharomyces cerevisiae (strain ATCC 204508 / S288c)	Fungi	1178	False	2
Q6R0G4	Arabidopsis thaliana	Viridiplantae	293	False	2
Q96EY7	Homo sapiens	Metazoa	689	False	2
P30307	Homo sapiens	Metazoa	473	False	2
Q0WPT7	Arabidopsis thaliana	Viridiplantae	352	False	2
Q61624	Mus musculus	Metazoa	794	False	2
O60182	Schizosaccharomyces pombe (strain 972 / ATCC 24843)	Fungi	934	False	2
Q96EL1	Homo sapiens	Metazoa	287	False	2
O60094	Schizosaccharomyces pombe (strain 972 / ATCC 24843)	Fungi	959	False	2
A0A5F8MPU3	Mus musculus	Metazoa	2282	False	2
Q39056	Arabidopsis thaliana	Viridiplantae	270	False	2
Q8TBK2	Homo sapiens	Metazoa	473	False	2
Q9HAW4	Homo sapiens	Metazoa	1339	False	2
P82411	Spinacia oleracea	Viridiplantae	116	False	2
Q9BUB7	Homo sapiens	Metazoa	260	False	2
Q7RWZ7	Neurospora crassa (strain ATCC 24698 / 74-OR23-1A / CBS 708.71 / DSM 1257 / FGSC 987)	Fungi	201	False	2
P47139	Saccharomyces cerevisiae (strain ATCC 204508 / S288c)	Fungi	656	False	2
Q9WV02	Mus musculus	Metazoa	391	False	2
Q07065	Homo sapiens	Metazoa	602	False	2
P18887	Homo sapiens	Metazoa	633	False	2
P47148	Saccharomyces cerevisiae (strain ATCC 204508 / S288c)	Fungi	283	False	2
Q9BXC9	Homo sapiens	Metazoa	721	False	2
O13848	Schizosaccharomyces pombe (strain 972 / ATCC 24843)	Fungi	284	False	2
Q60698	Mus musculus	Metazoa	725	False	2
P52656	Drosophila melanogaster	Metazoa	106	False	2
O14734	Homo sapiens	Metazoa	319	False	2
Q9H5Q4	Homo sapiens	Metazoa	396	False	2
O13563	Saccharomyces cerevisiae (strain ATCC 204508 / S288c)	Fungi	156	False	2
P38818	Saccharomyces cerevisiae (strain ATCC 204508 / S288c)	Fungi	585	False	2
P21957	Saccharomyces cerevisiae (strain ATCC 204508 / S288c)	Fungi	404	False	2
Q9LF24	Arabidopsis thaliana	Viridiplantae	927	False	2
P38803	Saccharomyces cerevisiae (strain ATCC 204508 / S288c)	Fungi	334	False	2
O88271	Mus musculus	Metazoa	295	False	2
Q9NSN8	Homo sapiens	Metazoa	517	False	2
Q92785	Homo sapiens	Metazoa	391	False	2
P19538	Drosophila melanogaster	Metazoa	1397	False	2
Q6B0I6	Homo sapiens	Metazoa	523	False	2
P32335	Saccharomyces cerevisiae (strain ATCC 204508 / S288c)	Fungi	436	False	2
Q9UT76	Schizosaccharomyces pombe (strain 972 / ATCC 24843)	Fungi	393	False	2
P36528	Saccharomyces cerevisiae (strain ATCC 204508 / S288c)	Fungi	281	False	2
P53859	Saccharomyces cerevisiae (strain ATCC 204508 / S288c)	Fungi	292	False	2
Q9VEB4	Drosophila melanogaster	Metazoa	560	False	2
C0HME5	Homo sapiens	Metazoa	99	False	2
O60174	Schizosaccharomyces pombe (strain 972 / ATCC 24843)	Fungi	582	False	2
P40228	Arabidopsis thaliana	Viridiplantae	287	False	2
O74350	Schizosaccharomyces pombe (strain 972 / ATCC 24843)	Fungi	299	False	2
P83267	Hydrolagus colliei	Metazoa	48	False	2
Q03702	Saccharomyces cerevisiae (strain ATCC 204508 / S288c)	Fungi	353	False	2
Q96BP2	Homo sapiens	Metazoa	118	False	2
P86044	Mus musculus	Metazoa	747	False	2
P30038	Homo sapiens	Metazoa	563	False	2
P15771	Gallus gallus	Metazoa	694	False	2
Q9C9B9	Arabidopsis thaliana	Viridiplantae	643	False	2
P14137	Rattus norvegicus	Metazoa	526	False	2
Q8K3W3	Mus musculus	Metazoa	698	False	2
Q8L719	Arabidopsis thaliana	Viridiplantae	292	False	2
P48268	Chlamydomonas reinhardtii	Viridiplantae	82	True	2
P28324	Homo sapiens	Metazoa	431	False	2
Q7Z591	Homo sapiens	Metazoa	1439	False	2
B2D6P4	Caenorhabditis elegans	Metazoa	508	False	2
Q8WVI0	Homo sapiens	Metazoa	70	True	2
Q80UF7	Mus musculus	Metazoa	732	False	2
Q8NHG8	Homo sapiens	Metazoa	242	False	2
P80304	Sepia officinalis	Metazoa	51	False	2
Q8WVQ1	Homo sapiens	Metazoa	401	True	2
Q80X86	Mus musculus	Metazoa	340	False	2
Q64279	Mus musculus	Metazoa	216	False	2
Q6PEM8	Mus musculus	Metazoa	459	True	2
P38283	Saccharomyces cerevisiae (strain ATCC 204508 / S288c)	Fungi	698	False	2
P25087	Saccharomyces cerevisiae (strain ATCC 204508 / S288c)	Fungi	383	False	2
Q91YM2	Mus musculus	Metazoa	1499	False	2
Q8QZY3	Mus musculus	Metazoa	150	False	2
Q6W2J9	Homo sapiens	Metazoa	1755	False	2
P53267	Saccharomyces cerevisiae (strain ATCC 204508 / S288c)	Fungi	343	False	2
Q9LDD5	Arabidopsis thaliana	Viridiplantae	373	False	2
Q38FI2	Trypanosoma brucei brucei (strain 927/4 GUTat10.1)	Other	143	False	2
Q8LJT8	Arabidopsis thaliana	Viridiplantae	743	False	2
Q1MTQ0	Schizosaccharomyces pombe (strain 972 / ATCC 24843)	Fungi	692	False	2
Q9SJZ6	Arabidopsis thaliana	Viridiplantae	219	False	2
Q99288	Saccharomyces cerevisiae (strain ATCC 204508 / S288c)	Fungi	334	False	2
Q1H5E9	Arabidopsis thaliana	Viridiplantae	397	False	2
E9QDC5	Danio rerio	Metazoa	294	True	2
P91277	Caenorhabditis elegans	Metazoa	397	False	2
Q8SWX0	Drosophila melanogaster	Metazoa	167	False	2
P40317	Saccharomyces cerevisiae (strain ATCC 204508 / S288c)	Fungi	901	False	2
Q9D855	Mus musculus	Metazoa	111	False	2
P12904	Saccharomyces cerevisiae (strain ATCC 204508 / S288c)	Fungi	322	False	2
Q0WVF8	Arabidopsis thaliana	Viridiplantae	1134	False	2
Q9FNQ0	Arabidopsis thaliana	Viridiplantae	625	False	2
Q6K678	Oryza sativa subsp. japonica	Viridiplantae	210	False	2
Q42564	Arabidopsis thaliana	Viridiplantae	287	False	2
Q9DBU6	Mus musculus	Metazoa	334	False	2
O23210	Arabidopsis thaliana	Viridiplantae	486	False	2
Q3U284	Mus musculus	Metazoa	315	True	2
P07253	Saccharomyces cerevisiae (strain ATCC 204508 / S288c)	Fungi	162	False	2
Q9R1X4	Mus musculus	Metazoa	1197	False	2
P25588	Saccharomyces cerevisiae (strain ATCC 204508 / S288c)	Fungi	1096	False	2
P34427	Caenorhabditis elegans	Metazoa	962	False	2
Q03281	Saccharomyces cerevisiae (strain ATCC 204508 / S288c)	Fungi	663	False	2
O13688	Schizosaccharomyces pombe (strain 972 / ATCC 24843)	Fungi	522	False	2
Q96D46	Homo sapiens	Metazoa	503	False	2
Q05583	Saccharomyces cerevisiae (strain ATCC 204508 / S288c)	Fungi	330	False	2
P56277	Homo sapiens	Metazoa	68	False	2
P0CX38	Saccharomyces cerevisiae (strain ATCC 204508 / S288c)	Fungi	236	False	2
Q9D8F1	Mus musculus	Metazoa	300	False	2
Q9BPX3	Homo sapiens	Metazoa	1015	False	2
Q53GL7	Homo sapiens	Metazoa	1025	False	2
O49660	Arabidopsis thaliana	Viridiplantae	491	True	2
Q9M591	Arabidopsis thaliana	Viridiplantae	409	False	2
Q9HBM0	Homo sapiens	Metazoa	779	False	2
Q15785	Homo sapiens	Metazoa	309	False	2
Q8R4P5	Mus musculus	Metazoa	757	False	2
P39011	Saccharomyces cerevisiae (strain ATCC 204508 / S288c)	Fungi	633	False	2
Q99177	Saccharomyces cerevisiae (strain ATCC 204508 / S288c)	Fungi	341	False	2
Q86XE0	Homo sapiens	Metazoa	403	False	2
O43236	Homo sapiens	Metazoa	996	False	2
Q9HDB9	Homo sapiens	Metazoa	667	False	2
A0A509AJL3	Plasmodium berghei (strain Anka)	Other	1087	False	2
Q9UHW5	Homo sapiens	Metazoa	284	False	2
O64517	Arabidopsis thaliana	Viridiplantae	418	False	2
Q7T0L4	Gallus gallus	Metazoa	329	False	2
Q8R5A3	Mus musculus	Metazoa	670	False	2
P40532	Saccharomyces cerevisiae (strain ATCC 204508 / S288c)	Fungi	138	True	2
O08774	Rattus norvegicus	Metazoa	1387	False	2
Q9VQD6	Drosophila melanogaster	Metazoa	381	False	2
Q9NZ42	Homo sapiens	Metazoa	101	True	2
Q9M3I4	Spinacia oleracea	Viridiplantae	90	False	2
F4JT76	Arabidopsis thaliana	Viridiplantae	1034	False	2
P25284	Neurospora crassa (strain ATCC 24698 / 74-OR23-1A / CBS 708.71 / DSM 1257 / FGSC 987)	Fungi	375	False	2
O81787	Arabidopsis thaliana	Viridiplantae	527	False	2
Q63342	Rattus norvegicus	Metazoa	857	False	2
O43805	Homo sapiens	Metazoa	119	False	2
P03920	Bos taurus	Metazoa	606	True	2
F4HZG9	Arabidopsis thaliana	Viridiplantae	493	False	2
P37107	Arabidopsis thaliana	Viridiplantae	564	False	2
Q94BY9	Arabidopsis thaliana	Viridiplantae	550	False	2
Q9P7X2	Schizosaccharomyces pombe (strain 972 / ATCC 24843)	Fungi	533	False	2
P52172	Drosophila melanogaster	Metazoa	1264	False	2
Q9CAF5	Arabidopsis thaliana	Viridiplantae	338	False	2
Q9UH92	Homo sapiens	Metazoa	298	False	2
Q9LXI8	Arabidopsis thaliana	Viridiplantae	67	False	2
Q9FZ47	Arabidopsis thaliana	Viridiplantae	290	False	2
Q03718	Saccharomyces cerevisiae (strain ATCC 204508 / S288c)	Fungi	556	False	2
Q38834	Arabidopsis thaliana	Viridiplantae	852	False	2
Q96UP3	Schizosaccharomyces pombe (strain 972 / ATCC 24843)	Fungi	1400	False	2
Q9MZ03	Oryctolagus cuniculus	Metazoa	298	True	2
Q969S3	Homo sapiens	Metazoa	477	False	2
Q9XIB5	Arabidopsis thaliana	Viridiplantae	226	False	2
Q20024	Caenorhabditis elegans	Metazoa	306	False	2
P40106	Saccharomyces cerevisiae (strain ATCC 204508 / S288c)	Fungi	250	False	2
Q9USX8	Schizosaccharomyces pombe (strain 972 / ATCC 24843)	Fungi	237	False	2
O95714	Homo sapiens	Metazoa	4834	False	2
Q10432	Schizosaccharomyces pombe (strain 972 / ATCC 24843)	Fungi	735	False	2
P38241	Saccharomyces cerevisiae (strain ATCC 204508 / S288c)	Fungi	364	False	2
P14906	Saccharomyces cerevisiae (strain ATCC 204508 / S288c)	Fungi	663	True	2
Q8WV41	Homo sapiens	Metazoa	574	False	2
Q69ZN7	Mus musculus	Metazoa	2048	False	2
Q9VSB9	Drosophila melanogaster	Metazoa	376	True	2
Q8IMZ9	Drosophila melanogaster	Metazoa	853	False	2
O94585	Schizosaccharomyces pombe (strain 972 / ATCC 24843)	Fungi	187	False	2
Q15543	Homo sapiens	Metazoa	124	False	2
P33448	Saccharomyces cerevisiae (strain ATCC 204508 / S288c)	Fungi	61	True	2
Q9ASY8	Arabidopsis thaliana	Viridiplantae	75	True	2
Q9SU08	Arabidopsis thaliana	Viridiplantae	904	False	2
Q9BUH6	Homo sapiens	Metazoa	204	False	2
P45976	Saccharomyces cerevisiae (strain ATCC 204508 / S288c)	Fungi	327	False	2
Q8VDY4	Mus musculus	Metazoa	628	False	2
Q4L180	Homo sapiens	Metazoa	1135	False	2
Q03661	Saccharomyces cerevisiae (strain ATCC 204508 / S288c)	Fungi	1658	False	2
Q8WUX2	Homo sapiens	Metazoa	184	False	2
Q9DAM1	Mus musculus	Metazoa	415	False	2
Q08760	Saccharomyces cerevisiae (strain ATCC 204508 / S288c)	Fungi	435	False	2
A0A1D9BZF0	Mus musculus	Metazoa	507	False	2
A0A5K7RLP0	Mus musculus	Metazoa	589	False	2
Q21773	Caenorhabditis elegans	Metazoa	489	False	2
Q9UTT2	Schizosaccharomyces pombe (strain 972 / ATCC 24843)	Fungi	1206	False	2
Q9UMS0	Homo sapiens	Metazoa	254	False	2
Q9BY41	Homo sapiens	Metazoa	377	False	2
Q93442	Caenorhabditis elegans	Metazoa	2862	False	2
Q6IEG0	Homo sapiens	Metazoa	339	False	2
Q9S7W5	Arabidopsis thaliana	Viridiplantae	355	False	2
Q80U72	Mus musculus	Metazoa	1665	False	2
Q93YU5	Arabidopsis thaliana	Viridiplantae	1053	False	2
Q9TYT3	Caenorhabditis elegans	Metazoa	316	False	2
Q9D489	Mus musculus	Metazoa	467	False	2
W7MAT5	Gibberella moniliformis (strain M3125 / FGSC 7600)	Fungi	574	True	2
G5EGD2	Caenorhabditis elegans	Metazoa	719	False	2
P53881	Saccharomyces cerevisiae (strain ATCC 204508 / S288c)	Fungi	309	False	2
O96033	Homo sapiens	Metazoa	88	False	2
Q8N5G0	Homo sapiens	Metazoa	67	True	2
P53256	Saccharomyces cerevisiae (strain ATCC 204508 / S288c)	Fungi	223	False	2
P19517	Oryctolagus cuniculus	Metazoa	524	False	2
Q86UP8	Homo sapiens	Metazoa	949	False	2
Q5SFM8	Mus musculus	Metazoa	1060	False	2
Q9R226	Mus musculus	Metazoa	346	False	2
P14064	Saccharomyces cerevisiae (strain ATCC 204508 / S288c)	Fungi	554	False	2
Q80UF9	Mus musculus	Metazoa	577	True	2
Q9H3M7	Homo sapiens	Metazoa	391	False	2
Q7ZT48	Xenopus laevis	Metazoa	221	False	2
P10734	Drosophila melanogaster	Metazoa	429	False	2
Q94JY0	Arabidopsis thaliana	Viridiplantae	330	False	2
P53307	Saccharomyces cerevisiae (strain ATCC 204508 / S288c)	Fungi	113	False	2
O00257	Homo sapiens	Metazoa	560	False	2
Q5H9S7	Homo sapiens	Metazoa	520	False	2
P0CT60	Schizosaccharomyces pombe (strain 972 / ATCC 24843)	Fungi	139	False	2
Q86TS9	Homo sapiens	Metazoa	123	False	2
Q9C0C9	Homo sapiens	Metazoa	1292	False	2
P53598	Saccharomyces cerevisiae (strain ATCC 204508 / S288c)	Fungi	329	False	2
P38863	Saccharomyces cerevisiae (strain ATCC 204508 / S288c)	Fungi	823	False	2
Q7S054	Neurospora crassa (strain ATCC 24698 / 74-OR23-1A / CBS 708.71 / DSM 1257 / FGSC 987)	Fungi	300	False	2
O13339	Schizosaccharomyces pombe (strain 972 / ATCC 24843)	Fungi	988	False	2
O74944	Schizosaccharomyces pombe (strain 972 / ATCC 24843)	Fungi	547	False	2
Q08816	Saccharomyces cerevisiae (strain ATCC 204508 / S288c)	Fungi	343	False	2
Q9NPI8	Homo sapiens	Metazoa	374	False	2
Q9BLG3	Dictyostelium discoideum	Other	431	True	2
Q9XIE2	Arabidopsis thaliana	Viridiplantae	1469	False	2
Q9CQR4	Mus musculus	Metazoa	140	False	2
Q9VEC1	Drosophila melanogaster	Metazoa	642	False	2
Q921G6	Mus musculus	Metazoa	680	False	2
Q9W157	Drosophila melanogaster	Metazoa	971	False	2
P25451	Saccharomyces cerevisiae (strain ATCC 204508 / S288c)	Fungi	205	False	2
Q8N100	Homo sapiens	Metazoa	152	False	2
P49773	Homo sapiens	Metazoa	126	False	2
Q9XI84	Arabidopsis thaliana	Viridiplantae	482	False	2
Q498E2	Rattus norvegicus	Metazoa	182	False	2
Q05192	Drosophila melanogaster	Metazoa	808	False	2
E2RU10	Giardia intestinalis (strain ATCC 50803 / WB clone C6)	Other	238	False	2
Q949W6	Arabidopsis thaliana	Viridiplantae	485	False	2
P24226	Brassica oleracea var. capitata	Viridiplantae	469	False	2
P81269	Mus musculus	Metazoa	269	False	2
Q23794	Chironomus tentans	Metazoa	99	False	2
P61793	Mus musculus	Metazoa	364	True	2
Q9FMS5	Arabidopsis thaliana	Viridiplantae	672	False	2
Q12144	Saccharomyces cerevisiae (strain ATCC 204508 / S288c)	Fungi	273	True	2
Q8IRB5	Drosophila melanogaster	Metazoa	1465	False	2
P47881	Homo sapiens	Metazoa	315	True	2
Q09228	Caenorhabditis elegans	Metazoa	1129	False	2
Q9SX99	Arabidopsis thaliana	Viridiplantae	261	False	2
Q9UI40	Homo sapiens	Metazoa	661	True	2
Q6EPW7	Oryza sativa subsp. japonica	Viridiplantae	233	False	2
P36130	Saccharomyces cerevisiae (strain ATCC 204508 / S288c)	Fungi	643	False	2
Q14694	Homo sapiens	Metazoa	798	False	2
Q8WY91	Homo sapiens	Metazoa	577	False	2
Q9H2D6	Homo sapiens	Metazoa	2365	False	2
O22802	Arabidopsis thaliana	Viridiplantae	97	True	2
Q07307	Emericella nidulans (strain FGSC A4 / ATCC 38163 / CBS 112.46 / NRRL 194 / M139)	Fungi	574	True	2
P32432	Saccharomyces cerevisiae (strain ATCC 204508 / S288c)	Fungi	683	False	2
Q8RXH2	Arabidopsis thaliana	Viridiplantae	716	False	2
P37727	Rattus norvegicus	Metazoa	650	False	2
Q9W088	Drosophila melanogaster	Metazoa	431	False	2
P07910	Homo sapiens	Metazoa	306	False	2
Q06236	Saccharomyces cerevisiae (strain ATCC 204508 / S288c)	Fungi	168	True	2
P36093	Saccharomyces cerevisiae (strain ATCC 204508 / S288c)	Fungi	366	False	2
Q8IYL3	Homo sapiens	Metazoa	243	False	2
Q45FA5	Badhamia polycephala	Other	426	False	2
Q9CQY9	Mus musculus	Metazoa	76	True	2
P40515	Saccharomyces cerevisiae (strain ATCC 204508 / S288c)	Fungi	155	False	2
A0A2R6X6S3	Marchantia polymorpha	Viridiplantae	911	False	2
P91928	Drosophila melanogaster	Metazoa	739	True	2
Q9C4Z7	Arabidopsis thaliana	Viridiplantae	229	False	2
Q8NF64	Homo sapiens	Metazoa	920	False	2
Q9CQC7	Mus musculus	Metazoa	129	True	2
Q9LNE8	Arabidopsis thaliana	Viridiplantae	200	False	2
O88735	Mus musculus	Metazoa	730	False	2
Q00653	Homo sapiens	Metazoa	900	False	2
P40992	Saccharomyces cerevisiae (strain ATCC 204508 / S288c)	Fungi	514	False	2
O94851	Homo sapiens	Metazoa	1957	False	2
O24164	Nicotiana tabacum	Viridiplantae	504	False	2
P18074	Homo sapiens	Metazoa	760	False	2
Q8WZK3	Schizosaccharomyces pombe (strain 972 / ATCC 24843)	Fungi	138	False	2
Q9NUQ6	Homo sapiens	Metazoa	558	False	2
D0Q0Y7	Rattus norvegicus	Metazoa	160	True	2
Q9LKX9	Zea mays	Viridiplantae	867	False	2
P79083	Schizosaccharomyces pombe (strain 972 / ATCC 24843)	Fungi	328	False	2
Q84SC3	Oryza sativa subsp. japonica	Viridiplantae	91	False	2
Q9Y7L8	Schizosaccharomyces pombe (strain 972 / ATCC 24843)	Fungi	292	False	2
P32453	Saccharomyces cerevisiae (strain ATCC 204508 / S288c)	Fungi	318	False	2
Q9Z0W3	Mus musculus	Metazoa	1402	False	2
Q8VDS3	Mus musculus	Metazoa	158	False	2
Q9VW51	Drosophila melanogaster	Metazoa	1059	False	2
Q96CW1	Homo sapiens	Metazoa	435	False	2
P23023	Drosophila melanogaster	Metazoa	549	False	2
O95989	Homo sapiens	Metazoa	172	False	2
Q03388	Saccharomyces cerevisiae (strain ATCC 204508 / S288c)	Fungi	795	False	2
Q93009	Homo sapiens	Metazoa	1102	False	2
G8B839	Candida parapsilosis (strain CDC 317 / ATCC MYA-4646)	Fungi	266	False	2
Q9CZX7	Mus musculus	Metazoa	257	False	2
Q969Y2	Homo sapiens	Metazoa	492	False	2
P12689	Saccharomyces cerevisiae (strain ATCC 204508 / S288c)	Fungi	985	False	2
O61016	Crithidia fasciculata	Other	151	False	2
Q04839	Saccharomyces cerevisiae (strain ATCC 204508 / S288c)	Fungi	188	False	2
Q21738	Caenorhabditis elegans	Metazoa	335	False	2
O13974	Schizosaccharomyces pombe (strain 972 / ATCC 24843)	Fungi	329	False	2
P39965	Saccharomyces cerevisiae (strain ATCC 204508 / S288c)	Fungi	576	False	2
P81909	Drosophila melanogaster	Metazoa	397	True	2
P31334	Saccharomyces cerevisiae (strain ATCC 204508 / S288c)	Fungi	269	False	2
Q800K6	Xenopus laevis	Metazoa	1513	False	2
Q0WUY1	Arabidopsis thaliana	Viridiplantae	534	False	2
Q8NFG4	Homo sapiens	Metazoa	579	False	2
Q92317	Saccharomyces cerevisiae (strain ATCC 204508 / S288c)	Fungi	146	False	2
Q6QJ72	Arabidopsis thaliana	Viridiplantae	187	False	2
P52503	Mus musculus	Metazoa	116	False	2
O95218	Homo sapiens	Metazoa	330	False	2
V5IQE0	Neurospora crassa (strain ATCC 24698 / 74-OR23-1A / CBS 708.71 / DSM 1257 / FGSC 987)	Fungi	202	False	2
P54345	Chlamydomonas reinhardtii	Viridiplantae	156	False	2
Q09725	Schizosaccharomyces pombe (strain 972 / ATCC 24843)	Fungi	1587	False	2
P40492	Saccharomyces cerevisiae (strain ATCC 204508 / S288c)	Fungi	516	False	2
Q3UHU5	Mus musculus	Metazoa	1945	False	2
O55102	Mus musculus	Metazoa	125	False	2
Q8VZ80	Arabidopsis thaliana	Viridiplantae	539	True	2
Q39134	Arabidopsis thaliana	Viridiplantae	476	True	2
P20484	Saccharomyces cerevisiae (strain ATCC 204508 / S288c)	Fungi	414	False	2
Q9WTQ8	Mus musculus	Metazoa	209	True	2
Q12050	Saccharomyces cerevisiae (strain ATCC 204508 / S288c)	Fungi	791	False	2
O94603	Schizosaccharomyces pombe (strain 972 / ATCC 24843)	Fungi	948	False	2
Q9SLB9	Arabidopsis thaliana	Viridiplantae	450	False	2
O43006	Schizosaccharomyces pombe (strain 972 / ATCC 24843)	Fungi	225	False	2
Q9ZQI7	Arabidopsis thaliana	Viridiplantae	456	False	2
Q9WTK2	Mus musculus	Metazoa	593	False	2
O35094	Rattus norvegicus	Metazoa	453	False	2
P38883	Saccharomyces cerevisiae (strain ATCC 204508 / S288c)	Fungi	763	False	2
Q9SR62	Arabidopsis thaliana	Viridiplantae	309	False	2
P86981	Podarcis siculus	Metazoa	81	False	2
P26321	Saccharomyces cerevisiae (strain ATCC 204508 / S288c)	Fungi	297	False	2
P35734	Saccharomyces cerevisiae (strain ATCC 204508 / S288c)	Fungi	292	False	2
P47027	Saccharomyces cerevisiae (strain ATCC 204508 / S288c)	Fungi	764	False	2
O00522	Homo sapiens	Metazoa	736	False	2
P41224	Rattus norvegicus	Metazoa	301	False	2
A2RTF1	Mus musculus	Metazoa	1109	False	2
Q90Z72	Gallus gallus	Metazoa	458	False	2
O80796	Arabidopsis thaliana	Viridiplantae	330	False	2
Q9M086	Arabidopsis thaliana	Viridiplantae	1883	False	2
Q9Y6B6	Homo sapiens	Metazoa	198	False	2
Q43715	Pisum sativum	Viridiplantae	809	False	2
P25042	Saccharomyces cerevisiae (strain ATCC 204508 / S288c)	Fungi	368	False	2
Q9CAC5	Arabidopsis thaliana	Viridiplantae	191	True	2
P82924	Bos taurus	Metazoa	435	False	2
Q04601	Saccharomyces cerevisiae (strain ATCC 204508 / S288c)	Fungi	652	False	2
Q8BGD7	Mus musculus	Metazoa	802	False	2
Q7KMJ6	Drosophila melanogaster	Metazoa	793	False	2
O14523	Homo sapiens	Metazoa	706	True	2
Q6NQK2	Arabidopsis thaliana	Viridiplantae	449	False	2
Q15038	Homo sapiens	Metazoa	168	False	2
Q9WVB3	Mus musculus	Metazoa	581	False	2
Q9H9P8	Homo sapiens	Metazoa	463	False	2
P13621	Bos taurus	Metazoa	213	False	2
Q9QYK3	Rattus norvegicus	Metazoa	287	False	2
P97346	Mus musculus	Metazoa	435	False	2
O76064	Homo sapiens	Metazoa	485	False	2
Q7SBR3	Neurospora crassa (strain ATCC 24698 / 74-OR23-1A / CBS 708.71 / DSM 1257 / FGSC 987)	Fungi	86	False	2
O22210	Arabidopsis thaliana	Viridiplantae	248	False	2
F4J7T2	Arabidopsis thaliana	Viridiplantae	1907	False	2
P41223	Homo sapiens	Metazoa	144	False	2
P46414	Mus musculus	Metazoa	197	False	2
E9Q9M8	Mus musculus	Metazoa	600	False	2
Q9Z2Q2	Mus musculus	Metazoa	478	False	2
Q924C5	Mus musculus	Metazoa	1680	False	2
Q5VTE6	Homo sapiens	Metazoa	544	False	2
Q8GUK1	Arabidopsis thaliana	Viridiplantae	602	False	2
Q149B8	Mus musculus	Metazoa	807	False	2
Q9DAG4	Mus musculus	Metazoa	180	False	2
Q12354	Saccharomyces cerevisiae (strain ATCC 204508 / S288c)	Fungi	227	False	2
Q9UGU0	Homo sapiens	Metazoa	1960	False	2
P51636	Homo sapiens	Metazoa	162	False	2
B6HQ74	Penicillium rubens (strain ATCC 28089 / DSM 1075 / NRRL 1951 / Wisconsin 54-1255)	Fungi	390	False	2
Q39659	Cucumis sativus	Viridiplantae	725	False	2
Q06163	Saccharomyces cerevisiae (strain ATCC 204508 / S288c)	Fungi	884	False	2
Q9LD47	Arabidopsis thaliana	Viridiplantae	320	False	2
Q9SEL5	Arabidopsis thaliana	Viridiplantae	222	False	2
B3DH96	Danio rerio	Metazoa	325	True	2
A0A1D8PN96	Candida albicans (strain SC5314 / ATCC MYA-2876)	Fungi	981	False	2
P13164	Homo sapiens	Metazoa	125	True	2
Q8K4J6	Mus musculus	Metazoa	964	False	2
Q9UUK4	Schizosaccharomyces pombe (strain 972 / ATCC 24843)	Fungi	202	False	2
P0DJH6	Gallus gallus	Metazoa	76	False	2
P38634	Saccharomyces cerevisiae (strain ATCC 204508 / S288c)	Fungi	284	False	2
Q9Z309	Mus musculus	Metazoa	187	False	2
O22287	Arabidopsis thaliana	Viridiplantae	361	False	2
Q27934	Drosophila melanogaster	Metazoa	400	False	2
P53540	Saccharomyces cerevisiae (strain ATCC 204508 / S288c)	Fungi	846	False	2
Q5F1R6	Homo sapiens	Metazoa	531	False	2
Q7RYM5	Neurospora crassa (strain ATCC 24698 / 74-OR23-1A / CBS 708.71 / DSM 1257 / FGSC 987)	Fungi	292	False	2
Q7S5M7	Neurospora crassa (strain ATCC 24698 / 74-OR23-1A / CBS 708.71 / DSM 1257 / FGSC 987)	Fungi	64	True	2
P40473	Saccharomyces cerevisiae (strain ATCC 204508 / S288c)	Fungi	351	False	2
P49916	Homo sapiens	Metazoa	1009	False	2
Q92878	Homo sapiens	Metazoa	1312	False	2
Q08282	Saccharomyces cerevisiae (strain ATCC 204508 / S288c)	Fungi	695	False	2
Q15744	Homo sapiens	Metazoa	281	False	2
P38793	Saccharomyces cerevisiae (strain ATCC 204508 / S288c)	Fungi	499	False	2
P40971	Saccharomyces cerevisiae (strain ATCC 204508 / S288c)	Fungi	790	False	2
Q15049	Homo sapiens	Metazoa	377	True	2
Q03776	Saccharomyces cerevisiae (strain ATCC 204508 / S288c)	Fungi	544	False	2
O14230	Schizosaccharomyces pombe (strain 972 / ATCC 24843)	Fungi	347	False	2
Q9BRU2	Homo sapiens	Metazoa	100	False	2
Q03799	Saccharomyces cerevisiae (strain ATCC 204508 / S288c)	Fungi	155	False	2
P32337	Saccharomyces cerevisiae (strain ATCC 204508 / S288c)	Fungi	1089	False	2
O60683	Homo sapiens	Metazoa	326	True	2
P48552	Homo sapiens	Metazoa	1158	False	2
Q04401	Saccharomyces cerevisiae (strain ATCC 204508 / S288c)	Fungi	133	False	2
P22469	Drosophila melanogaster	Metazoa	90	False	2
Q96301	Arabidopsis thaliana	Viridiplantae	914	False	2
P42117	Neurospora crassa (strain ATCC 24698 / 74-OR23-1A / CBS 708.71 / DSM 1257 / FGSC 987)	Fungi	82	True	2
Q93062	Homo sapiens	Metazoa	196	False	2
O74400	Schizosaccharomyces pombe (strain 972 / ATCC 24843)	Fungi	674	False	2
P36112	Saccharomyces cerevisiae (strain ATCC 204508 / S288c)	Fungi	540	True	2
A0A3B3IS91	Homo sapiens	Metazoa	260	False	2
Q9H1J1	Homo sapiens	Metazoa	476	False	2
Q9SNC0	Arabidopsis thaliana	Viridiplantae	182	False	2
A0A0D1CRC9	Mycosarcoma maydis	Fungi	534	False	2
Q9Y6I9	Homo sapiens	Metazoa	313	True	2
Q05568	Saccharomyces cerevisiae (strain ATCC 204508 / S288c)	Fungi	337	True	2
Q95T19	Drosophila melanogaster	Metazoa	464	False	2
P07663	Drosophila melanogaster	Metazoa	1218	False	2
Q9Y2M2	Homo sapiens	Metazoa	375	False	2
Q12487	Saccharomyces cerevisiae (strain ATCC 204508 / S288c)	Fungi	163	False	2
Q8NCN2	Homo sapiens	Metazoa	500	False	2
Q8IZ08	Homo sapiens	Metazoa	494	True	2
G5EEH9	Caenorhabditis elegans	Metazoa	1678	False	2
P11471	Chlamydomonas reinhardtii	Viridiplantae	245	False	2
P56347	Chlorella vulgaris	Viridiplantae	161	False	2
Q9SM57	Pisum sativum	Viridiplantae	177	False	2
Q9Y7U7	Schizosaccharomyces pombe (strain 972 / ATCC 24843)	Fungi	878	False	2
Q16775	Homo sapiens	Metazoa	308	False	2
Q9Y7N1	Schizosaccharomyces pombe (strain 972 / ATCC 24843)	Fungi	240	False	2
Q9NZZ3	Homo sapiens	Metazoa	219	False	2
Q9LY66	Arabidopsis thaliana	Viridiplantae	346	False	2
A0A0A6YY25	Mus musculus	Metazoa	723	False	2
P20240	Drosophila melanogaster	Metazoa	424	False	2
P30658	Mus musculus	Metazoa	519	False	2
P16458	Sterkiella nova	Other	385	False	2
Q23590	Caenorhabditis elegans	Metazoa	1390	False	2
O95926	Homo sapiens	Metazoa	243	False	2
P42845	Saccharomyces cerevisiae (strain ATCC 204508 / S288c)	Fungi	420	False	2
E5RQA1	Oryza sativa subsp. japonica	Viridiplantae	257	False	2
Q86UB2	Homo sapiens	Metazoa	503	False	2
Q9WVH3	Mus musculus	Metazoa	505	False	2
Q9BZB8	Homo sapiens	Metazoa	566	False	2
P14284	Saccharomyces cerevisiae (strain ATCC 204508 / S288c)	Fungi	1504	False	2
Q9VKJ9	Drosophila melanogaster	Metazoa	816	False	2
P24345	Zea mays	Viridiplantae	359	False	2
Q8VEH6	Mus musculus	Metazoa	393	False	2
P97452	Mus musculus	Metazoa	732	False	2
Q08887	Saccharomyces cerevisiae (strain ATCC 204508 / S288c)	Fungi	554	False	2
Q03937	Saccharomyces cerevisiae (strain ATCC 204508 / S288c)	Fungi	162	False	2
P12524	Homo sapiens	Metazoa	364	False	2
Q921E6	Mus musculus	Metazoa	441	False	2
P38264	Saccharomyces cerevisiae (strain ATCC 204508 / S288c)	Fungi	188	True	2
Q9Y388	Homo sapiens	Metazoa	322	False	2
C4QWS8	Komagataella phaffii (strain GS115 / ATCC 20864)	Fungi	363	False	2
Q20992	Caenorhabditis elegans	Metazoa	667	False	2
Q94JV5	Arabidopsis thaliana	Viridiplantae	307	False	2
Q07508	Saccharomyces cerevisiae (strain ATCC 204508 / S288c)	Fungi	261	False	2
Q6PCP7	Mus musculus	Metazoa	798	True	2
Q61161	Mus musculus	Metazoa	821	False	2
Q9FNC7	Arabidopsis thaliana	Viridiplantae	717	False	2
P32897	Saccharomyces cerevisiae (strain ATCC 204508 / S288c)	Fungi	222	True	2
P56282	Homo sapiens	Metazoa	527	False	2
Q8LDL0	Arabidopsis thaliana	Viridiplantae	231	False	2
Q96MF7	Homo sapiens	Metazoa	247	False	2
O00483	Homo sapiens	Metazoa	81	True	2
P28007	Saccharomyces cerevisiae (strain ATCC 204508 / S288c)	Fungi	205	False	2
Q7L0Y3	Homo sapiens	Metazoa	403	False	2
Q00816	Saccharomyces cerevisiae (strain ATCC 204508 / S288c)	Fungi	1014	False	2
P70174	Mus musculus	Metazoa	488	True	2
Q8WWM7	Homo sapiens	Metazoa	1075	False	2
P34257	Caenorhabditis elegans	Metazoa	329	False	2
O95571	Homo sapiens	Metazoa	254	False	2
Q7L5D6	Homo sapiens	Metazoa	327	False	2
Q8VY74	Arabidopsis thaliana	Viridiplantae	333	False	2
Q5VYK3	Homo sapiens	Metazoa	1845	False	2
Q8NDZ0	Homo sapiens	Metazoa	799	False	2
Q8R000	Mus musculus	Metazoa	340	True	2
Q9SWA6	Arabidopsis thaliana	Viridiplantae	432	False	2
P87231	Schizosaccharomyces pombe (strain 972 / ATCC 24843)	Fungi	608	False	2
Q9GMC9	Ovis aries	Metazoa	169	True	2
O46101	Drosophila melanogaster	Metazoa	244	True	2
O55207	Rattus norvegicus	Metazoa	1496	False	2
Q9P258	Homo sapiens	Metazoa	522	False	2
P28070	Homo sapiens	Metazoa	264	False	2
P32388	Saccharomyces cerevisiae (strain ATCC 204508 / S288c)	Fungi	137	False	2
Q8IPX7	Drosophila melanogaster	Metazoa	232	False	2
Q504T8	Homo sapiens	Metazoa	468	False	2
Q9JJK4	Rattus norvegicus	Metazoa	372	True	2
O08608	Mus musculus	Metazoa	189	False	2
Q02637	Drosophila melanogaster	Metazoa	449	False	2
Q9SYM5	Arabidopsis thaliana	Viridiplantae	669	False	2
Q9ASS2	Arabidopsis thaliana	Viridiplantae	601	False	2
P19407	Spinacia oleracea	Viridiplantae	62	True	2
P41958	Caenorhabditis elegans	Metazoa	280	False	2
P53136	Saccharomyces cerevisiae (strain ATCC 204508 / S288c)	Fungi	463	False	2
P40345	Saccharomyces cerevisiae (strain ATCC 204508 / S288c)	Fungi	661	True	2
Q8N726	Homo sapiens	Metazoa	132	False	2
Q9BRV3	Homo sapiens	Metazoa	221	True	2
A0A286YD83	Mus musculus	Metazoa	63	True	2
O81242	Arabidopsis thaliana	Viridiplantae	355	False	2
P24118	Tetrahymena thermophila	Other	462	False	2
P19824	Chlamydomonas reinhardtii	Viridiplantae	375	False	2
Q9H5U6	Homo sapiens	Metazoa	513	False	2
Q84T94	Oryza sativa subsp. japonica	Viridiplantae	639	False	2
P16048	Pisum sativum	Viridiplantae	165	False	2
Q8N0T1	Homo sapiens	Metazoa	100	False	2
Q15751	Homo sapiens	Metazoa	4861	False	2
P25686	Homo sapiens	Metazoa	324	False	2
G5EDN3	Caenorhabditis elegans	Metazoa	1353	False	2
Q920Q8	Mus musculus	Metazoa	642	False	2
Q96JH7	Homo sapiens	Metazoa	1222	False	2
Q9H832	Homo sapiens	Metazoa	354	False	2
Q5H943	Homo sapiens	Metazoa	113	True	2
Q14CB8	Homo sapiens	Metazoa	494	False	2
Q9P7K5	Schizosaccharomyces pombe (strain 972 / ATCC 24843)	Fungi	1098	False	2
Q9UNA4	Homo sapiens	Metazoa	740	False	2
Q9WV31	Mus musculus	Metazoa	396	False	2
Q8TF63	Homo sapiens	Metazoa	244	False	2
P20676	Saccharomyces cerevisiae (strain ATCC 204508 / S288c)	Fungi	1076	False	2
A0A0D1CRD0	Mycosarcoma maydis	Fungi	550	False	2
O74563	Schizosaccharomyces pombe (strain 972 / ATCC 24843)	Fungi	680	False	2
Q14498	Homo sapiens	Metazoa	530	False	2
P87169	Schizosaccharomyces pombe (strain 972 / ATCC 24843)	Fungi	676	False	2
P26269	Ascaris suum	Metazoa	361	False	2
P38110	Saccharomyces cerevisiae (strain ATCC 204508 / S288c)	Fungi	2787	False	2
P32342	Saccharomyces cerevisiae (strain ATCC 204508 / S288c)	Fungi	167	False	2
G5DGA8	Ips pini	Metazoa	253	False	2
P40356	Saccharomyces cerevisiae (strain ATCC 204508 / S288c)	Fungi	397	False	2
P40161	Saccharomyces cerevisiae (strain ATCC 204508 / S288c)	Fungi	455	False	2
Q03834	Saccharomyces cerevisiae (strain ATCC 204508 / S288c)	Fungi	1242	False	2
P36531	Saccharomyces cerevisiae (strain ATCC 204508 / S288c)	Fungi	177	False	2
Q147X3	Homo sapiens	Metazoa	362	False	2
O74848	Schizosaccharomyces pombe (strain 972 / ATCC 24843)	Fungi	311	False	2
Q386M3	Trypanosoma brucei brucei (strain 927/4 GUTat10.1)	Other	862	False	2
O48847	Arabidopsis thaliana	Viridiplantae	787	False	2
Q9JJL0	Mus musculus	Metazoa	238	False	2
Q9XH37	Oryza sativa subsp. indica	Viridiplantae	277	False	2
Q9VYX1	Drosophila melanogaster	Metazoa	101	False	2
Q9ES73	Rattus norvegicus	Metazoa	775	False	2
Q9C446	Penicillium paxilli	Fungi	371	False	2
Q03323	Saccharomyces cerevisiae (strain ATCC 204508 / S288c)	Fungi	175	False	2
Q9NRP7	Homo sapiens	Metazoa	1315	False	2
P25028	Drosophila melanogaster	Metazoa	696	False	2
Q9FG00	Arabidopsis thaliana	Viridiplantae	491	True	2
Q12445	Saccharomyces cerevisiae (strain ATCC 204508 / S288c)	Fungi	299	True	2
Q6T4R5	Homo sapiens	Metazoa	1651	False	2
Q9WVE0	Mus musculus	Metazoa	198	False	2
Q59NP1	Candida albicans (strain SC5314 / ATCC MYA-2876)	Fungi	251	True	2
Q9FFD8	Arabidopsis thaliana	Viridiplantae	104	False	2
P16521	Saccharomyces cerevisiae (strain ATCC 204508 / S288c)	Fungi	1044	False	2
O82775	Arabidopsis thaliana	Viridiplantae	256	False	2
Q9PTD5	Gallus gallus	Metazoa	335	False	2
F6ZDS4	Mus musculus	Metazoa	2431	False	2
P33749	Saccharomyces cerevisiae (strain ATCC 204508 / S288c)	Fungi	630	False	2
P32790	Saccharomyces cerevisiae (strain ATCC 204508 / S288c)	Fungi	1244	False	2
Q86WR6	Homo sapiens	Metazoa	236	False	2
Q0E671	Danio rerio	Metazoa	430	False	2
P98200	Mus musculus	Metazoa	1148	True	2
O74905	Schizosaccharomyces pombe (strain 972 / ATCC 24843)	Fungi	189	False	2
Q8QG92	Xenopus laevis	Metazoa	824	False	2
Q06164	Saccharomyces cerevisiae (strain ATCC 204508 / S288c)	Fungi	1454	False	2
B4DJY2	Homo sapiens	Metazoa	109	True	2
Q04751	Saccharomyces cerevisiae (strain ATCC 204508 / S288c)	Fungi	285	False	2
Q9QY02	Rattus norvegicus	Metazoa	738	False	2
P47154	Saccharomyces cerevisiae (strain ATCC 204508 / S288c)	Fungi	453	True	2
P38302	Saccharomyces cerevisiae (strain ATCC 204508 / S288c)	Fungi	140	False	2
P40337	Homo sapiens	Metazoa	213	False	2
Q07914	Saccharomyces cerevisiae (strain ATCC 204508 / S288c)	Fungi	168	True	2
P42696	Homo sapiens	Metazoa	430	False	2
Q90ZF9	Gallus gallus	Metazoa	235	False	2
Q9LQU4	Arabidopsis thaliana	Viridiplantae	152	True	2
F4HYF3	Arabidopsis thaliana	Viridiplantae	401	False	2
P39023	Homo sapiens	Metazoa	403	False	2
P07261	Saccharomyces cerevisiae (strain ATCC 204508 / S288c)	Fungi	785	False	2
A0A0D1E3S6	Mycosarcoma maydis	Fungi	591	False	2
Q94ID2	Arabidopsis thaliana	Viridiplantae	330	False	2
Q96MB7	Homo sapiens	Metazoa	349	False	2
Q13015	Homo sapiens	Metazoa	90	False	2
Q96QE5	Homo sapiens	Metazoa	360	False	2
Q15233	Homo sapiens	Metazoa	471	False	2
O60127	Schizosaccharomyces pombe (strain 972 / ATCC 24843)	Fungi	126	False	2
Q90941	Gallus gallus	Metazoa	1633	False	2
Q1MTQ9	Schizosaccharomyces pombe (strain 972 / ATCC 24843)	Fungi	180	False	2
P55212	Homo sapiens	Metazoa	293	False	2
P82249	Spinacia oleracea	Viridiplantae	130	False	2
Q9P0N8	Homo sapiens	Metazoa	246	False	2
Q0WQ41	Arabidopsis thaliana	Viridiplantae	594	False	2
Q8IWV7	Homo sapiens	Metazoa	1749	False	2
Q8CJ67	Mus musculus	Metazoa	570	False	2
O42958	Schizosaccharomyces pombe (strain 972 / ATCC 24843)	Fungi	754	False	2
P38281	Saccharomyces cerevisiae (strain ATCC 204508 / S288c)	Fungi	316	False	2
Q6RVV4	Pisum sativum	Viridiplantae	316	False	2
Q6UVM4	Rattus norvegicus	Metazoa	1142	True	2
P42925	Mus musculus	Metazoa	194	True	2
A0A455ZAR2	Homo sapiens	Metazoa	87	False	2
Q8R515	Rattus norvegicus	Metazoa	873	False	2
Q9NXW2	Homo sapiens	Metazoa	375	False	2
Q8RWE8	Arabidopsis thaliana	Viridiplantae	442	False	2
Q8L7N4	Arabidopsis thaliana	Viridiplantae	343	True	2
O44827	Caenorhabditis elegans	Metazoa	510	True	2
Q04264	Saccharomyces cerevisiae (strain ATCC 204508 / S288c)	Fungi	1277	False	2
A2VEY9	Drosophila melanogaster	Metazoa	693	True	2
P40205	Homo sapiens	Metazoa	109	False	2
Q0WMY5	Arabidopsis thaliana	Viridiplantae	952	False	2
P92948	Arabidopsis thaliana	Viridiplantae	844	False	2
Q96SB8	Homo sapiens	Metazoa	1091	False	2
Q9ESV1	Rattus norvegicus	Metazoa	1051	False	2
P39522	Saccharomyces cerevisiae (strain ATCC 204508 / S288c)	Fungi	585	False	2
Q9D5U8	Mus musculus	Metazoa	673	False	2
Q5T4T6	Homo sapiens	Metazoa	812	False	2
Q9VX12	Drosophila melanogaster	Metazoa	359	False	2
C4R4G9	Komagataella phaffii (strain GS115 / ATCC 20864)	Fungi	344	False	2
Q9LG26	Arabidopsis thaliana	Viridiplantae	689	False	2
O74309	Schizosaccharomyces pombe (strain 972 / ATCC 24843)	Fungi	807	False	2
Q27403	Drosophila melanogaster	Metazoa	504	False	2
P36036	Saccharomyces cerevisiae (strain ATCC 204508 / S288c)	Fungi	203	False	2
O82628	Arabidopsis thaliana	Viridiplantae	110	False	2
Q9MBA2	Arabidopsis thaliana	Viridiplantae	326	False	2
Q5EGY4	Rattus norvegicus	Metazoa	198	False	2
Q9UKJ5	Homo sapiens	Metazoa	165	False	2
P32898	Saccharomyces cerevisiae (strain ATCC 204508 / S288c)	Fungi	989	False	2
Q8GSJ6	Arabidopsis thaliana	Viridiplantae	154	True	2
Q681Y3	Arabidopsis thaliana	Viridiplantae	432	False	2
O02751	Bos taurus	Metazoa	592	False	2
Q9H8M7	Homo sapiens	Metazoa	445	False	2
O44498	Caenorhabditis elegans	Metazoa	1623	False	2
Q8TDT2	Homo sapiens	Metazoa	470	True	2
P22561	Mus musculus	Metazoa	449	False	2
Q9WTJ6	Mus musculus	Metazoa	475	False	2
O94708	Schizosaccharomyces pombe (strain 972 / ATCC 24843)	Fungi	394	False	2
O54931	Mus musculus	Metazoa	1089	False	2
Q9GZN2	Homo sapiens	Metazoa	237	False	2
Q9XWL9	Caenorhabditis elegans	Metazoa	895	False	2
Q9H4M3	Homo sapiens	Metazoa	255	False	2
Q924L1	Mus musculus	Metazoa	360	False	2
P15382	Homo sapiens	Metazoa	129	True	2
Q9BY10	Homo sapiens	Metazoa	475	True	2
P57744	Saccharomyces cerevisiae (strain ATCC 204508 / S288c)	Fungi	87	False	2
Q6ZI01	Oryza sativa subsp. japonica	Viridiplantae	213	False	2
Q6UXN9	Homo sapiens	Metazoa	313	False	2
Q6IBW4	Homo sapiens	Metazoa	605	False	2
I3W9F6	Rhizophagus irregularis	Fungi	276	True	2
Q01543	Homo sapiens	Metazoa	452	False	2
Q8MIR0	Sus scrofa	Metazoa	373	False	2
P40535	Saccharomyces cerevisiae (strain ATCC 204508 / S288c)	Fungi	587	False	2
Q9FWA3	Arabidopsis thaliana	Viridiplantae	486	False	2
Q92945	Homo sapiens	Metazoa	711	False	2
P38210	Saccharomyces cerevisiae (strain ATCC 204508 / S288c)	Fungi	180	False	2
O74535	Schizosaccharomyces pombe (strain 972 / ATCC 24843)	Fungi	710	False	2
Q9QZS8	Mus musculus	Metazoa	854	False	2
Q9H4B6	Homo sapiens	Metazoa	383	False	2
Q9P6Q0	Schizosaccharomyces pombe (strain 972 / ATCC 24843)	Fungi	112	False	2
P18583	Homo sapiens	Metazoa	2426	False	2
C0HMD7	Homo sapiens	Metazoa	151	False	2
Q3UYV9	Mus musculus	Metazoa	790	False	2
Q8K3D3	Mus musculus	Metazoa	89	False	2
Q9NZD8	Homo sapiens	Metazoa	308	False	2
Q54ET6	Dictyostelium discoideum	Other	2364	False	2
O43290	Homo sapiens	Metazoa	800	False	2
Q8N5C7	Homo sapiens	Metazoa	304	False	2
Q94AQ8	Arabidopsis thaliana	Viridiplantae	348	False	2
P32505	Saccharomyces cerevisiae (strain ATCC 204508 / S288c)	Fungi	525	False	2
Q9ULP9	Homo sapiens	Metazoa	559	False	2
Q9LW26	Arabidopsis thaliana	Viridiplantae	701	False	2
B1AL88	Homo sapiens	Metazoa	458	True	2
Q9LLY4	Brassica napus	Viridiplantae	344	False	2
Q02775	Saccharomyces cerevisiae (strain ATCC 204508 / S288c)	Fungi	382	False	2
Q12117	Saccharomyces cerevisiae (strain ATCC 204508 / S288c)	Fungi	320	True	2
Q8BM47	Mus musculus	Metazoa	761	False	2
P26754	Saccharomyces cerevisiae (strain ATCC 204508 / S288c)	Fungi	273	False	2
P35729	Saccharomyces cerevisiae (strain ATCC 204508 / S288c)	Fungi	1037	False	2
Q9M9X4	Arabidopsis thaliana	Viridiplantae	295	False	2
Q9VCP1	Drosophila melanogaster	Metazoa	424	False	2
Q22663	Caenorhabditis elegans	Metazoa	183	False	2
Q6NZY4	Homo sapiens	Metazoa	707	False	2
P78508	Homo sapiens	Metazoa	379	True	2
Q06991	Saccharomyces cerevisiae (strain ATCC 204508 / S288c)	Fungi	263	True	2
Q96QT6	Homo sapiens	Metazoa	1004	False	2
Q5BKX6	Homo sapiens	Metazoa	768	True	2
P51830	Mus musculus	Metazoa	1353	False	2
P57742	Arabidopsis thaliana	Viridiplantae	151	False	2
Q8R4F0	Mus musculus	Metazoa	553	True	2
Q9BU61	Homo sapiens	Metazoa	184	False	2
F7VJQ1	Homo sapiens	Metazoa	73	True	2
Q94K75	Arabidopsis thaliana	Viridiplantae	401	False	2
Q9NAD6	Caenorhabditis elegans	Metazoa	706	False	2
Q12333	Saccharomyces cerevisiae (strain ATCC 204508 / S288c)	Fungi	620	True	2
O13927	Schizosaccharomyces pombe (strain 972 / ATCC 24843)	Fungi	201	False	2
Q8C1E7	Mus musculus	Metazoa	343	False	2
Q86XK2	Homo sapiens	Metazoa	927	False	2
Q9FKS8	Arabidopsis thaliana	Viridiplantae	446	True	2
Q96SD1	Homo sapiens	Metazoa	692	False	2
Q920Q0	Rattus norvegicus	Metazoa	383	False	2
Q13772	Homo sapiens	Metazoa	614	False	2
P24613	Spinacia oleracea	Viridiplantae	256	False	2
Q76KJ5	Mus musculus	Metazoa	399	False	2
Q7SGH0	Neurospora crassa (strain ATCC 24698 / 74-OR23-1A / CBS 708.71 / DSM 1257 / FGSC 987)	Fungi	98	False	2
Q52KF3	Mus musculus	Metazoa	598	False	2
P33307	Saccharomyces cerevisiae (strain ATCC 204508 / S288c)	Fungi	960	False	2
Q40477	Nicotiana tabacum	Viridiplantae	225	False	2
B2CW77	Homo sapiens	Metazoa	178	False	2
Q9URY2	Schizosaccharomyces pombe (strain 972 / ATCC 24843)	Fungi	474	False	2
Q9NPJ6	Homo sapiens	Metazoa	270	False	2
Q6RFZ7	Rattus norvegicus	Metazoa	1039	False	2
Q9Y2M0	Homo sapiens	Metazoa	1017	False	2
A2AAJ9	Mus musculus	Metazoa	8886	False	2
Q9Y2D9	Homo sapiens	Metazoa	606	False	2
P16603	Saccharomyces cerevisiae (strain ATCC 204508 / S288c)	Fungi	691	True	2
Q4W9R0	Aspergillus fumigatus (strain ATCC MYA-4609 / CBS 101355 / FGSC A1100 / Af293)	Fungi	153	False	2
Q8NEZ5	Homo sapiens	Metazoa	403	False	2
Q06409	Saccharomyces cerevisiae (strain ATCC 204508 / S288c)	Fungi	1932	False	2
Q6PL11	Oryza sativa subsp. japonica	Viridiplantae	173	False	2
Q96AP0	Homo sapiens	Metazoa	458	False	2
Q94JZ8	Arabidopsis thaliana	Viridiplantae	468	False	2
Q6Q547	Saccharomyces cerevisiae (strain ATCC 204508 / S288c)	Fungi	58	False	2
Q12753	Saccharomyces cerevisiae (strain ATCC 204508 / S288c)	Fungi	694	False	2
Q92508	Homo sapiens	Metazoa	2521	True	2
Q7XR83	Oryza sativa subsp. japonica	Viridiplantae	333	False	2
P53081	Saccharomyces cerevisiae (strain ATCC 204508 / S288c)	Fungi	288	False	2
Q84VG7	Arabidopsis thaliana	Viridiplantae	587	False	2
Q8LE98	Arabidopsis thaliana	Viridiplantae	344	False	2
B6RAL1	Penicillium expansum	Fungi	1394	False	2
Q8NCE0	Homo sapiens	Metazoa	465	False	2
Q9FGN8	Arabidopsis thaliana	Viridiplantae	639	False	2
P27882	Saccharomyces cerevisiae (strain ATCC 204508 / S288c)	Fungi	189	False	2
Q23500	Caenorhabditis elegans	Metazoa	887	False	2
Q05779	Saccharomyces cerevisiae (strain ATCC 204508 / S288c)	Fungi	260	False	2
P11978	Saccharomyces cerevisiae (strain ATCC 204508 / S288c)	Fungi	1358	False	2
Q04637	Homo sapiens	Metazoa	1599	False	2
P83111	Homo sapiens	Metazoa	547	False	2
Q28205	Bos taurus	Metazoa	1199	False	2
P28715	Homo sapiens	Metazoa	1186	False	2
Q8W4F1	Arabidopsis thaliana	Viridiplantae	284	False	2
Q949M9	Arabidopsis thaliana	Viridiplantae	353	False	2
Q7Z7K6	Homo sapiens	Metazoa	275	False	2
Q9CZ42	Mus musculus	Metazoa	343	False	2
P60323	Homo sapiens	Metazoa	173	False	2
P21135	Schizosaccharomyces pombe (strain 972 / ATCC 24843)	Fungi	296	False	2
C0HM53	Populus euphratica	Viridiplantae	510	False	2
P53051	Saccharomyces cerevisiae (strain ATCC 204508 / S288c)	Fungi	589	False	2
Q6P8Z1	Mus musculus	Metazoa	170	False	2
O95847	Homo sapiens	Metazoa	323	True	2
Q96SW2	Homo sapiens	Metazoa	442	False	2
O74854	Schizosaccharomyces pombe (strain 972 / ATCC 24843)	Fungi	872	False	2
Q9UPN3	Homo sapiens	Metazoa	7388	False	2
Q09728	Schizosaccharomyces pombe (strain 972 / ATCC 24843)	Fungi	411	False	2
P41779	Caenorhabditis elegans	Metazoa	338	False	2
Q9HC21	Homo sapiens	Metazoa	320	True	2
P40099	Saccharomyces cerevisiae (strain ATCC 204508 / S288c)	Fungi	211	False	2
Q8CEG8	Mus musculus	Metazoa	438	False	2
Q86V20	Homo sapiens	Metazoa	835	False	2
P40155	Saccharomyces cerevisiae (strain ATCC 204508 / S288c)	Fungi	199	True	2
O74356	Schizosaccharomyces pombe (strain 972 / ATCC 24843)	Fungi	585	False	2
Q06679	Saccharomyces cerevisiae (strain ATCC 204508 / S288c)	Fungi	776	False	2
B0F481	Arabidopsis thaliana	Viridiplantae	833	False	2
Q9SX29	Arabidopsis thaliana	Viridiplantae	159	False	2
Q9H334	Homo sapiens	Metazoa	677	False	2
Q9LQ02	Arabidopsis thaliana	Viridiplantae	1453	False	2
Q9BT23	Homo sapiens	Metazoa	127	False	2
Q5C9Z4	Homo sapiens	Metazoa	860	False	2
Q8N7A1	Homo sapiens	Metazoa	406	False	2
Q96M94	Homo sapiens	Metazoa	604	False	2
P07665	Drosophila melanogaster	Metazoa	356	False	2
P32445	Saccharomyces cerevisiae (strain ATCC 204508 / S288c)	Fungi	135	False	2
Q19253	Caenorhabditis elegans	Metazoa	592	False	2
Q9VLP7	Drosophila melanogaster	Metazoa	397	False	2
Q96SK2	Homo sapiens	Metazoa	561	True	2
B2RW88	Mus musculus	Metazoa	366	False	2
P33076	Homo sapiens	Metazoa	1130	False	2
Q9UKV3	Homo sapiens	Metazoa	1341	False	2
Q944N1	Solanum lycopersicum	Viridiplantae	399	False	2
Q9Z158	Rattus norvegicus	Metazoa	301	False	2
Q9FN48	Arabidopsis thaliana	Viridiplantae	387	False	2
P03911	Mus musculus	Metazoa	459	True	2
P36078	Saccharomyces cerevisiae (strain ATCC 204508 / S288c)	Fungi	116	False	2
Q8IWV1	Homo sapiens	Metazoa	398	True	2
P53833	Saccharomyces cerevisiae (strain ATCC 204508 / S288c)	Fungi	195	False	2
P09595	Spinacia oleracea	Viridiplantae	218	False	2
P47171	Saccharomyces cerevisiae (strain ATCC 204508 / S288c)	Fungi	1648	False	2
A0PK05	Homo sapiens	Metazoa	275	True	2
P47057	Saccharomyces cerevisiae (strain ATCC 204508 / S288c)	Fungi	423	False	2
Q12275	Saccharomyces cerevisiae (strain ATCC 204508 / S288c)	Fungi	1648	False	2
O43542	Homo sapiens	Metazoa	346	False	2
P11181	Bos taurus	Metazoa	482	False	2
G5EDE2	Caenorhabditis elegans	Metazoa	175	False	2
Q9FFZ1	Arabidopsis thaliana	Viridiplantae	484	False	2
Q8VZV9	Arabidopsis thaliana	Viridiplantae	161	False	2
Q04749	Saccharomyces cerevisiae (strain ATCC 204508 / S288c)	Fungi	426	False	2
Q9LTY1	Arabidopsis thaliana	Viridiplantae	726	False	2
Q12049	Saccharomyces cerevisiae (strain ATCC 204508 / S288c)	Fungi	470	False	2
Q92349	Schizosaccharomyces pombe (strain 972 / ATCC 24843)	Fungi	1318	False	2
D3U717	Petunia hybrida	Viridiplantae	434	False	2
Q09961	Caenorhabditis elegans	Metazoa	148	False	2
O74991	Schizosaccharomyces pombe (strain 972 / ATCC 24843)	Fungi	577	False	2
B7Z0L8	Drosophila melanogaster	Metazoa	178	False	2
Q8WSR2	Ascaris suum	Metazoa	141	True	2
P59942	Homo sapiens	Metazoa	119	False	2
P13638	Rattus norvegicus	Metazoa	290	True	2
Q07923	Saccharomyces cerevisiae (strain ATCC 204508 / S288c)	Fungi	191	False	2
Q6PCZ4	Mus musculus	Metazoa	918	False	2
Q13277	Homo sapiens	Metazoa	289	False	2
P33418	Saccharomyces cerevisiae (strain ATCC 204508 / S288c)	Fungi	1100	False	2
Q08B36	Xenopus laevis	Metazoa	374	False	2
Q32MQ0	Homo sapiens	Metazoa	723	False	2
Q8L940	Arabidopsis thaliana	Viridiplantae	309	False	2
Q9D915	Mus musculus	Metazoa	106	False	2
Q9JII1	Mus musculus	Metazoa	647	False	2
Q764M6	Sus scrofa	Metazoa	419	False	2
Q86WX3	Homo sapiens	Metazoa	136	False	2
Q9HB75	Homo sapiens	Metazoa	910	False	2
A0A2R8Y7D0	Homo sapiens	Metazoa	87	False	2
Q94126	Caenorhabditis elegans	Metazoa	211	False	2
Q1K7P9	Neurospora crassa (strain ATCC 24698 / 74-OR23-1A / CBS 708.71 / DSM 1257 / FGSC 987)	Fungi	140	False	2
Q6X632	Mus musculus	Metazoa	540	True	2
Q95749	Arabidopsis thaliana	Viridiplantae	556	False	2
O94818	Homo sapiens	Metazoa	638	False	2
P84817	Rattus norvegicus	Metazoa	152	False	2
O14036	Schizosaccharomyces pombe (strain 972 / ATCC 24843)	Fungi	115	False	2
P84086	Mus musculus	Metazoa	134	False	2
Q8LPS2	Arabidopsis thaliana	Viridiplantae	670	False	2
Q9GZM5	Homo sapiens	Metazoa	350	False	2
Q9UBK9	Homo sapiens	Metazoa	157	False	2
A0A3S7X906	Leishmania donovani	Other	625	False	2
P29372	Homo sapiens	Metazoa	298	False	2
Q9CPU2	Mus musculus	Metazoa	105	False	2
Q8IXQ6	Homo sapiens	Metazoa	854	False	2
Q9UU76	Schizosaccharomyces pombe (strain 972 / ATCC 24843)	Fungi	642	False	2
Q9URV9	Schizosaccharomyces pombe (strain 972 / ATCC 24843)	Fungi	124	False	2
O74553	Schizosaccharomyces pombe (strain 972 / ATCC 24843)	Fungi	326	False	2
Q52M58	Homo sapiens	Metazoa	125	False	2
P38137	Saccharomyces cerevisiae (strain ATCC 204508 / S288c)	Fungi	543	False	2
Q7KTX8	Drosophila melanogaster	Metazoa	2618	False	2
Q8VIJ5	Rattus norvegicus	Metazoa	916	False	2
P48629	Spinacia oleracea	Viridiplantae	447	False	2
F4HU58	Arabidopsis thaliana	Viridiplantae	420	False	2
Q02873	Saccharomyces cerevisiae (strain ATCC 204508 / S288c)	Fungi	248	False	2
Q8BIA4	Mus musculus	Metazoa	598	False	2
Q3USZ2	Mus musculus	Metazoa	394	False	2
P34886	Caenorhabditis elegans	Metazoa	724	False	2
Q3E840	Saccharomyces cerevisiae (strain ATCC 204508 / S288c)	Fungi	82	False	2
Q9H1P3	Homo sapiens	Metazoa	480	False	2
Q9UU84	Schizosaccharomyces pombe (strain 972 / ATCC 24843)	Fungi	426	False	2
Q9C106	Schizosaccharomyces pombe (strain 972 / ATCC 24843)	Fungi	591	False	2
Q9UTM0	Schizosaccharomyces pombe (strain 972 / ATCC 24843)	Fungi	249	False	2
E9AGH7	Leishmania infantum	Other	365	False	2
Q8IYM2	Homo sapiens	Metazoa	578	False	2
Q9WV69	Mus musculus	Metazoa	405	False	2
Q2KID9	Bos taurus	Metazoa	430	False	2
O46043	Drosophila melanogaster	Metazoa	723	False	2
Q19972	Caenorhabditis elegans	Metazoa	270	False	2
Q03280	Saccharomyces cerevisiae (strain ATCC 204508 / S288c)	Fungi	3268	False	2
A8MQL1	Arabidopsis thaliana	Viridiplantae	1082	False	2
A3KPQ7	Danio rerio	Metazoa	1378	True	2
P24642	Bufo japonicus	Metazoa	40	False	2
Q8L7E9	Arabidopsis thaliana	Viridiplantae	421	False	2
O17286	Caenorhabditis elegans	Metazoa	403	False	2
Q8ST83	Drosophila melanogaster	Metazoa	520	False	2
P80483	Amphidinium carterae	Other	323	False	2
Q9B6C8	Yarrowia lipolytica (strain CLIB 122 / E 150)	Fungi	469	True	2
Q9NPL8	Homo sapiens	Metazoa	285	True	2
P38075	Saccharomyces cerevisiae (strain ATCC 204508 / S288c)	Fungi	228	False	2
O94614	Schizosaccharomyces pombe (strain 972 / ATCC 24843)	Fungi	633	False	2
P38532	Mus musculus	Metazoa	525	False	2
P53437	Saccharomyces cerevisiae (strain ATCC 204508 / S288c)	Fungi	365	False	2
Q6P926	Mus musculus	Metazoa	205	False	2
Q24025	Drosophila melanogaster	Metazoa	1038	True	2
P40502	Saccharomyces cerevisiae (strain ATCC 204508 / S288c)	Fungi	157	True	2
P40154	Saccharomyces cerevisiae (strain ATCC 204508 / S288c)	Fungi	320	False	2
Q8WVY7	Homo sapiens	Metazoa	318	False	2
Q94AQ9	Arabidopsis thaliana	Viridiplantae	260	False	2
Q584D1	Trypanosoma brucei brucei (strain 927/4 GUTat10.1)	Other	639	False	2
P51530	Homo sapiens	Metazoa	1060	False	2
P53064	Saccharomyces cerevisiae (strain ATCC 204508 / S288c)	Fungi	558	False	2
Q10362	Schizosaccharomyces pombe (strain 972 / ATCC 24843)	Fungi	859	False	2
O76329	Dictyostelium discoideum	Other	1738	False	2
O59793	Schizosaccharomyces pombe (strain 972 / ATCC 24843)	Fungi	384	False	2
O95180	Homo sapiens	Metazoa	2353	False	2
Q66L44	Mus musculus	Metazoa	698	True	2
Q22002	Caenorhabditis elegans	Metazoa	582	False	2
Q9ZPX5	Arabidopsis thaliana	Viridiplantae	632	False	2
O00180	Homo sapiens	Metazoa	336	True	2
Q9Y252	Homo sapiens	Metazoa	685	False	2
S8F0G9	Toxoplasma gondii (strain ATCC 50611 / Me49)	Other	920	False	2
Q9Y7M6	Schizosaccharomyces pombe (strain 972 / ATCC 24843)	Fungi	217	False	2
Q99K24	Mus musculus	Metazoa	317	True	2
P46998	Saccharomyces cerevisiae (strain ATCC 204508 / S288c)	Fungi	180	True	2
O42649	Schizosaccharomyces pombe (strain 972 / ATCC 24843)	Fungi	1194	False	2
P53919	Saccharomyces cerevisiae (strain ATCC 204508 / S288c)	Fungi	492	False	2
Q9UNS2	Homo sapiens	Metazoa	423	False	2
Q5VZV1	Homo sapiens	Metazoa	264	False	2
Q20977	Caenorhabditis elegans	Metazoa	567	False	2
Q9Z125	Mus musculus	Metazoa	519	False	2
P17677	Homo sapiens	Metazoa	238	False	2
P82869	Arabidopsis thaliana	Viridiplantae	466	False	2
Q9VUF8	Drosophila melanogaster	Metazoa	540	False	2
Q9NQC3	Homo sapiens	Metazoa	1192	False	2
P07703	Saccharomyces cerevisiae (strain ATCC 204508 / S288c)	Fungi	335	False	2
P33400	Saccharomyces cerevisiae (strain ATCC 204508 / S288c)	Fungi	625	False	2
P11746	Saccharomyces cerevisiae (strain ATCC 204508 / S288c)	Fungi	286	False	2
Q99P21	Mus musculus	Metazoa	515	False	2
P33075	Schizosaccharomyces pombe (strain 972 / ATCC 24843)	Fungi	220	False	2
Q8NC56	Homo sapiens	Metazoa	503	False	2
Q4G0N4	Homo sapiens	Metazoa	442	False	2
Q90X64	Xenopus laevis	Metazoa	521	False	2
Q9Y3C4	Homo sapiens	Metazoa	175	False	2
Q4KLP8	Xenopus laevis	Metazoa	663	False	2
O60504	Homo sapiens	Metazoa	671	False	2
O75414	Homo sapiens	Metazoa	186	False	2
Q8TD16	Homo sapiens	Metazoa	824	False	2
Q22707	Caenorhabditis elegans	Metazoa	233	False	2
Q8IWA0	Homo sapiens	Metazoa	830	False	2
Q14739	Homo sapiens	Metazoa	615	False	2
Q96C86	Homo sapiens	Metazoa	337	False	2
Q381V1	Trypanosoma brucei brucei (strain 927/4 GUTat10.1)	Other	250	False	2
P53159	Saccharomyces cerevisiae (strain ATCC 204508 / S288c)	Fungi	387	False	2
O94826	Homo sapiens	Metazoa	608	True	2
Q9P0W2	Homo sapiens	Metazoa	317	False	2
Q96TL7	Schizosaccharomyces pombe (strain 972 / ATCC 24843)	Fungi	693	False	2
A0A0G2K309	Rattus norvegicus	Metazoa	301	True	2
Q14166	Homo sapiens	Metazoa	644	False	2
Q6NVG5	Mus musculus	Metazoa	214	False	2
Q8IS16	Dictyostelium discoideum	Other	604	False	2
O02351	Antheraea polyphemus	Metazoa	525	True	2
O00555	Homo sapiens	Metazoa	2506	False	2
Q7TNV0	Mus musculus	Metazoa	380	False	2
Q6PID8	Homo sapiens	Metazoa	442	False	2
Q9NYK5	Homo sapiens	Metazoa	338	False	2
A2ALU4	Mus musculus	Metazoa	1481	False	2
Q91VJ2	Mus musculus	Metazoa	260	False	2
P21981	Mus musculus	Metazoa	686	False	2
O94279	Schizosaccharomyces pombe (strain 972 / ATCC 24843)	Fungi	172	False	2
P59103	Homo sapiens	Metazoa	153	False	2
Q9VH08	Drosophila melanogaster	Metazoa	317	False	2
P0DKH5	Arabidopsis thaliana	Viridiplantae	1288	False	2
Q5AJU7	Candida albicans (strain SC5314 / ATCC MYA-2876)	Fungi	499	False	2
Q12509	Saccharomyces cerevisiae (strain ATCC 204508 / S288c)	Fungi	438	False	2
Q02630	Saccharomyces cerevisiae (strain ATCC 204508 / S288c)	Fungi	1113	False	2
Q8TAM2	Homo sapiens	Metazoa	541	False	2
Q5D869	Arabidopsis thaliana	Viridiplantae	1976	False	2
Q53R41	Homo sapiens	Metazoa	847	False	2
Q94CD4	Arabidopsis thaliana	Viridiplantae	134	False	2
Q13156	Homo sapiens	Metazoa	261	False	2
Q8H1D9	Arabidopsis thaliana	Viridiplantae	605	False	2
Q07243	Mus musculus	Metazoa	675	False	2
Q92574	Homo sapiens	Metazoa	1164	False	2
P70372	Mus musculus	Metazoa	326	False	2
Q9SU05	Arabidopsis thaliana	Viridiplantae	382	False	2
Q86TW2	Homo sapiens	Metazoa	530	False	2
P22907	Mus musculus	Metazoa	361	False	2
Q80ZG6	Rattus norvegicus	Metazoa	193	False	2
P40541	Saccharomyces cerevisiae (strain ATCC 204508 / S288c)	Fungi	1150	False	2
Q9P802	Schizosaccharomyces pombe (strain 972 / ATCC 24843)	Fungi	194	False	2
Q9Y616	Homo sapiens	Metazoa	596	False	2
O95817	Homo sapiens	Metazoa	575	False	2
P36632	Schizosaccharomyces pombe (strain 972 / ATCC 24843)	Fungi	614	False	2
Q9VNS0	Drosophila melanogaster	Metazoa	459	False	2
Q01329	Saccharomyces cerevisiae (strain ATCC 204508 / S288c)	Fungi	785	False	2
A6NFQ2	Homo sapiens	Metazoa	919	False	2
P25346	Saccharomyces cerevisiae (strain ATCC 204508 / S288c)	Fungi	518	True	2
Q9H078	Homo sapiens	Metazoa	707	False	2
P10749	Mus musculus	Metazoa	269	False	2
B5KM66	Mus musculus	Metazoa	88	False	2
Q12192	Saccharomyces cerevisiae (strain ATCC 204508 / S288c)	Fungi	310	False	2
P06652	Schizosaccharomyces pombe (strain 972 / ATCC 24843)	Fungi	596	False	2
Q4KMQ1	Homo sapiens	Metazoa	711	False	2
P00950	Saccharomyces cerevisiae (strain ATCC 204508 / S288c)	Fungi	247	False	2
Q9NXZ1	Homo sapiens	Metazoa	904	False	2
F4JS25	Arabidopsis thaliana	Viridiplantae	1052	False	2
Q9ZPQ3	Arabidopsis thaliana	Viridiplantae	317	False	2
P08740	Chlamydomonas reinhardtii	Viridiplantae	382	True	2
Q6GYP7	Mus musculus	Metazoa	2035	False	2
P32785	Saccharomyces cerevisiae (strain ATCC 204508 / S288c)	Fungi	401	False	2
P27680	Saccharomyces cerevisiae (strain ATCC 204508 / S288c)	Fungi	312	False	2
P27469	Homo sapiens	Metazoa	103	False	2
Q10990	Schizosaccharomyces pombe (strain 972 / ATCC 24843)	Fungi	490	False	2
Q9UUB5	Schizosaccharomyces pombe (strain 972 / ATCC 24843)	Fungi	329	False	2
Q06629	Saccharomyces cerevisiae (strain ATCC 204508 / S288c)	Fungi	674	False	2
Q02959	Saccharomyces cerevisiae (strain ATCC 204508 / S288c)	Fungi	697	False	2
P23276	Homo sapiens	Metazoa	732	True	2
P53628	Saccharomyces cerevisiae (strain ATCC 204508 / S288c)	Fungi	566	False	2
Q9M3K7	Spinacia oleracea	Viridiplantae	101	False	2
P97524	Rattus norvegicus	Metazoa	620	True	2
Q8WVC0	Homo sapiens	Metazoa	666	False	2
Q9VJN5	Drosophila melanogaster	Metazoa	470	False	2
O43044	Schizosaccharomyces pombe (strain 972 / ATCC 24843)	Fungi	1136	False	2
Q96AH0	Homo sapiens	Metazoa	204	False	2
P38205	Saccharomyces cerevisiae (strain ATCC 204508 / S288c)	Fungi	684	False	2
Q7TNT2	Mus musculus	Metazoa	515	False	2
O43808	Homo sapiens	Metazoa	307	True	2
Q95ZL9	Caenorhabditis elegans	Metazoa	152	False	2
Q5BKR2	Mus musculus	Metazoa	547	True	2
P40019	Saccharomyces cerevisiae (strain ATCC 204508 / S288c)	Fungi	153	False	2
O04714	Arabidopsis thaliana	Viridiplantae	326	True	2
Q96P70	Homo sapiens	Metazoa	1041	False	2
Q9CPR8	Mus musculus	Metazoa	279	False	2
A0A0B5KU17	Penicillium brevicompactum	Fungi	2190	False	2
P43583	Saccharomyces cerevisiae (strain ATCC 204508 / S288c)	Fungi	2143	False	2
Q9QXY4	Rattus norvegicus	Metazoa	580	False	2
Q9Z1P2	Rattus norvegicus	Metazoa	892	False	2
Q9HAW0	Homo sapiens	Metazoa	419	False	2
Q8TEV9	Homo sapiens	Metazoa	937	False	2
Q9LN09	Arabidopsis thaliana	Viridiplantae	206	False	2
Q9NP94	Homo sapiens	Metazoa	309	True	2
P97481	Mus musculus	Metazoa	874	False	2
Q9BZZ5	Homo sapiens	Metazoa	524	False	2
Q92974	Homo sapiens	Metazoa	986	False	2
Q22355	Caenorhabditis elegans	Metazoa	377	False	2
Q9SL94	Arabidopsis thaliana	Viridiplantae	324	False	2
O14174	Schizosaccharomyces pombe (strain 972 / ATCC 24843)	Fungi	473	False	2
P47140	Saccharomyces cerevisiae (strain ATCC 204508 / S288c)	Fungi	327	False	2
Q3UL53	Mus musculus	Metazoa	246	False	2
Q9H1I8	Homo sapiens	Metazoa	757	False	2
O88379	Mus musculus	Metazoa	1555	False	2
P70279	Mus musculus	Metazoa	355	False	2
Q80WJ1	Mus musculus	Metazoa	673	False	2
Q95QK3	Caenorhabditis elegans	Metazoa	1061	False	2
Q7SGU0	Neurospora crassa (strain ATCC 24698 / 74-OR23-1A / CBS 708.71 / DSM 1257 / FGSC 987)	Fungi	376	False	2
P36038	Saccharomyces cerevisiae (strain ATCC 204508 / S288c)	Fungi	271	False	2
Q99J47	Mus musculus	Metazoa	323	True	2
P22812	Drosophila melanogaster	Metazoa	462	False	2
Q04149	Saccharomyces cerevisiae (strain ATCC 204508 / S288c)	Fungi	632	False	2
Q5IRJ6	Mus musculus	Metazoa	567	False	2
Q6ZQL4	Mus musculus	Metazoa	677	False	2
O35095	Rattus norvegicus	Metazoa	729	False	2
P25646	Saccharomyces cerevisiae (strain ATCC 204508 / S288c)	Fungi	442	False	2
Q9R0W5	Rattus norvegicus	Metazoa	495	True	2
Q9UUA8	Schizosaccharomyces pombe (strain 972 / ATCC 24843)	Fungi	120	False	2
Q9UT72	Schizosaccharomyces pombe (strain 972 / ATCC 24843)	Fungi	205	False	2
Q9M0Z3	Arabidopsis thaliana	Viridiplantae	776	False	2
P13010	Homo sapiens	Metazoa	732	False	2
Q9NQX1	Homo sapiens	Metazoa	630	False	2
Q9UHB9	Homo sapiens	Metazoa	627	False	2
O94874	Homo sapiens	Metazoa	794	False	2
A1Z9G3	Drosophila melanogaster	Metazoa	549	False	2
Q8JFY9	Xenopus laevis	Metazoa	292	False	2
Q12406	Saccharomyces cerevisiae (strain ATCC 204508 / S288c)	Fungi	477	False	2
P97838	Rattus norvegicus	Metazoa	977	False	2
Q8NGU9	Homo sapiens	Metazoa	434	True	2
O74808	Schizosaccharomyces pombe (strain 972 / ATCC 24843)	Fungi	1238	False	2
Q9SIU2	Arabidopsis thaliana	Viridiplantae	848	False	2
Q8R2Y0	Mus musculus	Metazoa	336	True	2
Q10B19	Oryza sativa subsp. japonica	Viridiplantae	250	False	2
P82180	Spinacia oleracea	Viridiplantae	196	False	2
Q3U0V2	Mus musculus	Metazoa	310	False	2
Q5F2E7	Mus musculus	Metazoa	692	False	2
O13998	Schizosaccharomyces pombe (strain 972 / ATCC 24843)	Fungi	392	False	2
Q9M7I7	Arabidopsis thaliana	Viridiplantae	318	False	2
Q9UKK3	Homo sapiens	Metazoa	1724	False	2
P12198	Nicotiana tabacum	Viridiplantae	55	False	2
P82194	Spinacia oleracea	Viridiplantae	126	False	2
Q09823	Schizosaccharomyces pombe (strain 972 / ATCC 24843)	Fungi	791	False	2
O74418	Schizosaccharomyces pombe (strain 972 / ATCC 24843)	Fungi	244	False	2
Q66K74	Homo sapiens	Metazoa	1059	False	2
Q08857	Mus musculus	Metazoa	472	True	2
D6VTK4	Saccharomyces cerevisiae (strain ATCC 204508 / S288c)	Fungi	431	True	2
Q9XVI2	Caenorhabditis elegans	Metazoa	811	False	2
Q9N5R9	Caenorhabditis elegans	Metazoa	1030	False	2
Q8IXU6	Homo sapiens	Metazoa	374	True	2
P39015	Saccharomyces cerevisiae (strain ATCC 204508 / S288c)	Fungi	273	False	2
O94519	Schizosaccharomyces pombe (strain 972 / ATCC 24843)	Fungi	311	False	2
P53958	Saccharomyces cerevisiae (strain ATCC 204508 / S288c)	Fungi	396	False	2
Q9XIM0	Arabidopsis thaliana	Viridiplantae	203	False	2
Q08062	Zea mays	Viridiplantae	332	False	2
P43246	Homo sapiens	Metazoa	934	False	2
P03925	Mus musculus	Metazoa	172	True	2
Q8H0V5	Arabidopsis thaliana	Viridiplantae	354	False	2
Q3T040	Bos taurus	Metazoa	242	False	2
Q9SAA2	Arabidopsis thaliana	Viridiplantae	271	False	2
A8MUP2	Homo sapiens	Metazoa	240	False	2
P54939	Gallus gallus	Metazoa	2541	False	2
P38631	Saccharomyces cerevisiae (strain ATCC 204508 / S288c)	Fungi	1876	False	2
Q96255	Arabidopsis thaliana	Viridiplantae	430	False	2
Q9UFW8	Homo sapiens	Metazoa	167	False	2
P30997	Gallus gallus	Metazoa	906	False	2
Q96JZ2	Homo sapiens	Metazoa	352	False	2
Q9ASV5	Arabidopsis thaliana	Viridiplantae	650	True	2
Q9CPY0	Mus musculus	Metazoa	246	False	2
Q9FI46	Arabidopsis thaliana	Viridiplantae	269	True	2
P81760	Arabidopsis thaliana	Viridiplantae	236	False	2
Q1RMW2	Bos taurus	Metazoa	414	True	2
Q9FQ09	Arabidopsis thaliana	Viridiplantae	680	False	2
A0A0N7KIY3	Oryza sativa subsp. japonica	Viridiplantae	352	False	2
Q8IU60	Homo sapiens	Metazoa	420	False	2
P49021	Drosophila melanogaster	Metazoa	1398	False	2
Q9VKY1	Drosophila melanogaster	Metazoa	268	False	2
Q94165	Caenorhabditis elegans	Metazoa	256	False	2
P21580	Homo sapiens	Metazoa	790	False	2
P36402	Homo sapiens	Metazoa	384	False	2
P16455	Homo sapiens	Metazoa	207	False	2
Q8VCF0	Mus musculus	Metazoa	503	False	2
Q92759	Homo sapiens	Metazoa	462	False	2
Q01663	Schizosaccharomyces pombe (strain 972 / ATCC 24843)	Fungi	552	False	2
Q8H1D4	Arabidopsis thaliana	Viridiplantae	355	False	2
O70456	Mus musculus	Metazoa	248	False	2
P19955	Saccharomyces cerevisiae (strain ATCC 204508 / S288c)	Fungi	123	False	2
Q9DBN1	Mus musculus	Metazoa	621	True	2
Q05543	Saccharomyces cerevisiae (strain ATCC 204508 / S288c)	Fungi	409	False	2
P47041	Saccharomyces cerevisiae (strain ATCC 204508 / S288c)	Fungi	543	False	2
Q3ECR7	Arabidopsis thaliana	Viridiplantae	62	True	2
Q4KL25	Mus musculus	Metazoa	219	True	2
Q8CEG0	Mus musculus	Metazoa	392	True	2
Q12363	Saccharomyces cerevisiae (strain ATCC 204508 / S288c)	Fungi	437	False	2
P38289	Saccharomyces cerevisiae (strain ATCC 204508 / S288c)	Fungi	585	False	2
Q08157	Saccharomyces cerevisiae (strain ATCC 204508 / S288c)	Fungi	551	True	2
Q9UK99	Homo sapiens	Metazoa	471	False	2
Q8GWA2	Arabidopsis thaliana	Viridiplantae	273	False	2
Q80U87	Mus musculus	Metazoa	1080	False	2
Q9U7C9	Dictyostelium discoideum	Other	756	False	2
Q99LM3	Mus musculus	Metazoa	459	False	2
Q03640	Saccharomyces cerevisiae (strain ATCC 204508 / S288c)	Fungi	1545	False	2
Q9Y4X0	Homo sapiens	Metazoa	333	False	2
Q9USL4	Schizosaccharomyces pombe (strain 972 / ATCC 24843)	Fungi	549	False	2
Q68DX3	Homo sapiens	Metazoa	1309	False	2
A2ADA5	Mus musculus	Metazoa	291	False	2
A0A1B0GUW7	Homo sapiens	Metazoa	55	True	2
Q9BT49	Homo sapiens	Metazoa	309	False	2
P38913	Saccharomyces cerevisiae (strain ATCC 204508 / S288c)	Fungi	306	False	2
P57080	Mus musculus	Metazoa	1055	False	2
Q53KK6	Oryza sativa subsp. japonica	Viridiplantae	784	False	2
P46962	Saccharomyces cerevisiae (strain ATCC 204508 / S288c)	Fungi	323	False	2
P51949	Mus musculus	Metazoa	309	False	2
O00463	Homo sapiens	Metazoa	557	False	2
Q9UIS9	Homo sapiens	Metazoa	605	False	2
Q3KN41	Drosophila melanogaster	Metazoa	1840	False	2
Q99JZ7	Mus musculus	Metazoa	461	False	2
Q9XI46	Arabidopsis thaliana	Viridiplantae	159	True	2
P12852	Chlamydomonas reinhardtii	Viridiplantae	199	False	2
Q05683	Rattus norvegicus	Metazoa	585	False	2
Q9D219	Mus musculus	Metazoa	1425	False	2
Q9LS48	Arabidopsis thaliana	Viridiplantae	316	False	2
Q01532	Saccharomyces cerevisiae (strain ATCC 204508 / S288c)	Fungi	483	False	2
A0A0B5LB55	Penicillium brevicompactum	Fungi	433	False	2
O94916	Homo sapiens	Metazoa	1531	False	2
P46963	Saccharomyces cerevisiae (strain ATCC 204508 / S288c)	Fungi	296	False	2
Q96CA5	Homo sapiens	Metazoa	298	False	2
Q9P287	Homo sapiens	Metazoa	314	False	2
Q9VR38	Drosophila melanogaster	Metazoa	528	False	2
O49929	Pisum sativum	Viridiplantae	213	False	2
Q8NEG4	Homo sapiens	Metazoa	500	False	2
P50896	Saccharomyces cerevisiae (strain ATCC 204508 / S288c)	Fungi	841	False	2
M4IRL4	Humulus lupulus	Viridiplantae	573	False	2
Q8LBM2	Arabidopsis thaliana	Viridiplantae	131	False	2
O42647	Schizosaccharomyces pombe (strain 972 / ATCC 24843)	Fungi	188	False	2
O14097	Schizosaccharomyces pombe (strain 972 / ATCC 24843)	Fungi	331	False	2
O96622	Dictyostelium discoideum	Other	369	False	2
Q10272	Schizosaccharomyces pombe (strain 972 / ATCC 24843)	Fungi	446	False	2
I1RAW4	Gibberella zeae (strain ATCC MYA-4620 / CBS 123657 / FGSC 9075 / NRRL 31084 / PH-1)	Fungi	316	False	2
P56383	Mus musculus	Metazoa	146	True	2
Q05892	Saccharomyces cerevisiae (strain ATCC 204508 / S288c)	Fungi	277	False	3
Q91YE5	Mus musculus	Metazoa	1889	False	3
Q9C0C6	Homo sapiens	Metazoa	399	False	3
Q9H3N8	Homo sapiens	Metazoa	390	True	3
Q10665	Caenorhabditis elegans	Metazoa	754	False	3
Q8NBZ0	Homo sapiens	Metazoa	244	False	3
Q03790	Saccharomyces cerevisiae (strain ATCC 204508 / S288c)	Fungi	475	False	3
Q9NX58	Homo sapiens	Metazoa	379	False	3
Q7YQK4	Oryctolagus cuniculus	Metazoa	503	True	3
Q9U1S7	Caenorhabditis elegans	Metazoa	716	True	3
Q9H7L9	Homo sapiens	Metazoa	328	False	3
Q96FF9	Homo sapiens	Metazoa	252	False	3
Q86W50	Homo sapiens	Metazoa	562	False	3
Q8LAC4	Arabidopsis thaliana	Viridiplantae	322	False	3
Q9NYJ1	Homo sapiens	Metazoa	87	False	3
Q15120	Homo sapiens	Metazoa	406	False	3
Q02223	Homo sapiens	Metazoa	184	True	3
Q07897	Saccharomyces cerevisiae (strain ATCC 204508 / S288c)	Fungi	291	False	3
Q969X6	Homo sapiens	Metazoa	686	False	3
C0HLN0	Rattus norvegicus	Metazoa	54	True	3
O60733	Homo sapiens	Metazoa	806	False	3
P06778	Saccharomyces cerevisiae (strain ATCC 204508 / S288c)	Fungi	471	False	3
Q9FFJ8	Arabidopsis thaliana	Viridiplantae	449	False	3
Q9NTI7	Homo sapiens	Metazoa	297	False	3
Q8VYJ1	Arabidopsis thaliana	Viridiplantae	560	True	3
Q9CAP8	Arabidopsis thaliana	Viridiplantae	691	False	3
Q67Y93	Arabidopsis thaliana	Viridiplantae	191	False	3
Q9NVR2	Homo sapiens	Metazoa	710	False	3
Q9DBG9	Mus musculus	Metazoa	124	False	3
P98149	Drosophila melanogaster	Metazoa	667	False	3
Q9ES19	Rattus norvegicus	Metazoa	347	False	3
Q96CJ1	Homo sapiens	Metazoa	260	False	3
Q9H467	Homo sapiens	Metazoa	287	False	3
Q9CQT7	Mus musculus	Metazoa	168	False	3
P32347	Saccharomyces cerevisiae (strain ATCC 204508 / S288c)	Fungi	362	False	3
O14519	Homo sapiens	Metazoa	115	False	3
Q9T0H9	Arabidopsis thaliana	Viridiplantae	359	False	3
O74790	Schizosaccharomyces pombe (strain 972 / ATCC 24843)	Fungi	244	False	3
P40631	Tetrahymena thermophila (strain SB210)	Other	633	False	3
Q9EQW6	Mus musculus	Metazoa	323	False	3
Q05648	Saccharomyces cerevisiae (strain ATCC 204508 / S288c)	Fungi	414	False	3
O74895	Schizosaccharomyces pombe (strain 972 / ATCC 24843)	Fungi	201	False	3
A0A2R8VHF7	Mus musculus	Metazoa	171	True	3
Q99MV7	Mus musculus	Metazoa	1640	False	3
Q86TC9	Homo sapiens	Metazoa	1320	False	3
P78917	Schizosaccharomyces pombe (strain 972 / ATCC 24843)	Fungi	550	False	3
Q17635	Caenorhabditis elegans	Metazoa	590	False	3
P02240	Lupinus luteus	Viridiplantae	154	False	3
Q9FZD1	Arabidopsis thaliana	Viridiplantae	630	False	3
Q92934	Homo sapiens	Metazoa	168	False	3
O74876	Schizosaccharomyces pombe (strain 972 / ATCC 24843)	Fungi	357	False	3
Q9CQQ7	Mus musculus	Metazoa	256	False	3
Q8IVE3	Homo sapiens	Metazoa	1493	False	3
Q9UTL6	Schizosaccharomyces pombe (strain 972 / ATCC 24843)	Fungi	225	False	3
P53266	Saccharomyces cerevisiae (strain ATCC 204508 / S288c)	Fungi	389	True	3
Q75LV6	Oryza sativa subsp. japonica	Viridiplantae	540	False	3
O95210	Homo sapiens	Metazoa	358	True	3
C6KST8	Plasmodium falciparum (isolate 3D7)	Other	358	True	3
Q9Y6K0	Homo sapiens	Metazoa	416	True	3
Q2Z1W2	Gallus gallus	Metazoa	345	False	3
P06803	Mus musculus	Metazoa	313	False	3
Q01664	Homo sapiens	Metazoa	338	False	3
Q9SUA1	Arabidopsis thaliana	Viridiplantae	763	False	3
Q9UIA9	Homo sapiens	Metazoa	1087	False	3
Q9Y2Y6	Homo sapiens	Metazoa	226	True	3
Q9H444	Homo sapiens	Metazoa	224	False	3
Q8TD31	Homo sapiens	Metazoa	782	False	3
O94829	Homo sapiens	Metazoa	963	False	3
Q91V81	Mus musculus	Metazoa	478	False	3
Q06616	Saccharomyces cerevisiae (strain ATCC 204508 / S288c)	Fungi	221	False	3
Q9NQ31	Homo sapiens	Metazoa	210	False	3
P36532	Saccharomyces cerevisiae (strain ATCC 204508 / S288c)	Fungi	105	False	3
Q5TGZ0	Homo sapiens	Metazoa	78	True	3
Q9USU3	Schizosaccharomyces pombe (strain 972 / ATCC 24843)	Fungi	878	False	3
O14141	Schizosaccharomyces pombe (strain 972 / ATCC 24843)	Fungi	241	False	3
O08564	Rattus norvegicus	Metazoa	282	True	3
Q12178	Saccharomyces cerevisiae (strain ATCC 204508 / S288c)	Fungi	158	False	3
P51521	Drosophila melanogaster	Metazoa	1351	False	3
Q61136	Mus musculus	Metazoa	1007	False	3
P53203	Saccharomyces cerevisiae (strain ATCC 204508 / S288c)	Fungi	462	False	3
Q8K5A9	Rattus norvegicus	Metazoa	228	True	3
Q6P9H5	Homo sapiens	Metazoa	292	False	3
P32245	Homo sapiens	Metazoa	332	True	3
P10664	Saccharomyces cerevisiae (strain ATCC 204508 / S288c)	Fungi	362	False	3
P25367	Saccharomyces cerevisiae (strain ATCC 204508 / S288c)	Fungi	405	False	3
Q32NR9	Xenopus laevis	Metazoa	708	False	3
Q149M9	Homo sapiens	Metazoa	1564	False	3
P53846	Saccharomyces cerevisiae (strain ATCC 204508 / S288c)	Fungi	162	False	3
Q3UZP0	Mus musculus	Metazoa	555	False	3
Q12277	Saccharomyces cerevisiae (strain ATCC 204508 / S288c)	Fungi	265	False	3
P53264	Saccharomyces cerevisiae (strain ATCC 204508 / S288c)	Fungi	445	False	3
P25299	Saccharomyces cerevisiae (strain ATCC 204508 / S288c)	Fungi	296	False	3
O60306	Homo sapiens	Metazoa	1485	False	3
Q9UU91	Schizosaccharomyces pombe (strain 972 / ATCC 24843)	Fungi	182	True	3
Q9UQ84	Homo sapiens	Metazoa	846	False	3
Q08GK9	Mullus surmuletus	Metazoa	178	False	3
Q6ZN28	Homo sapiens	Metazoa	852	False	3
Q7L5N1	Homo sapiens	Metazoa	327	False	3
O42637	Neurospora crassa (strain ATCC 24698 / 74-OR23-1A / CBS 708.71 / DSM 1257 / FGSC 987)	Fungi	797	False	3
P38771	Saccharomyces cerevisiae (strain ATCC 204508 / S288c)	Fungi	230	False	3
Q9HD23	Homo sapiens	Metazoa	443	False	3
Q9UBF9	Homo sapiens	Metazoa	498	False	3
P40917	Saccharomyces cerevisiae (strain ATCC 204508 / S288c)	Fungi	295	False	3
O88286	Mus musculus	Metazoa	1684	False	3
Q9FKQ7	Arabidopsis thaliana	Viridiplantae	150	False	3
P25046	Saccharomyces cerevisiae (strain ATCC 204508 / S288c)	Fungi	220	False	3
P25359	Saccharomyces cerevisiae (strain ATCC 204508 / S288c)	Fungi	394	False	3
Q61827	Mus musculus	Metazoa	156	False	3
O14215	Schizosaccharomyces pombe (strain 972 / ATCC 24843)	Fungi	454	False	3
Q9XIA7	Arabidopsis thaliana	Viridiplantae	54	True	3
Q9HB71	Homo sapiens	Metazoa	228	False	3
Q9UJX4	Homo sapiens	Metazoa	755	False	3
D0VWV4	Sus scrofa	Metazoa	169	True	3
Q6PD74	Homo sapiens	Metazoa	315	False	3
P52553	Saccharomyces cerevisiae (strain ATCC 204508 / S288c)	Fungi	114	False	3
P0C7P0	Homo sapiens	Metazoa	127	False	3
A0A0D1E6B3	Mycosarcoma maydis	Fungi	435	True	3
Q8BYM8	Mus musculus	Metazoa	551	False	3
Q96HE9	Homo sapiens	Metazoa	360	False	3
F4IV66	Arabidopsis thaliana	Viridiplantae	1001	False	3
Q337M4	Oryza sativa subsp. japonica	Viridiplantae	364	False	3
P50591	Homo sapiens	Metazoa	281	True	3
Q9H5V7	Homo sapiens	Metazoa	419	False	3
Q9JHU6	Rattus norvegicus	Metazoa	180	False	3
Q6P0N0	Homo sapiens	Metazoa	1132	False	3
Q96JM3	Homo sapiens	Metazoa	812	False	3
Q6PDY0	Mus musculus	Metazoa	202	False	3
Q5VY09	Homo sapiens	Metazoa	327	False	3
Q9Y237	Homo sapiens	Metazoa	131	False	3
P40576	Saccharomyces cerevisiae (strain ATCC 204508 / S288c)	Fungi	216	True	3
Q2LAE1	Arabidopsis thaliana	Viridiplantae	1759	False	3
Q6UWS5	Homo sapiens	Metazoa	81	False	3
Q02890	Saccharomyces cerevisiae (strain ATCC 204508 / S288c)	Fungi	363	False	3
O62683	Canis lupus familiaris	Metazoa	898	False	3
P10795	Arabidopsis thaliana	Viridiplantae	180	False	3
G5EEU2	Caenorhabditis elegans	Metazoa	714	False	3
Q92366	Schizosaccharomyces pombe (strain 972 / ATCC 24843)	Fungi	61	False	3
Q84VQ1	Arabidopsis thaliana	Viridiplantae	283	False	3
Q15003	Homo sapiens	Metazoa	741	False	3
P36617	Schizosaccharomyces pombe (strain 972 / ATCC 24843)	Fungi	877	False	3
Q8TB36	Homo sapiens	Metazoa	358	False	3
Q9LVI9	Arabidopsis thaliana	Viridiplantae	426	False	3
Q9UTQ7	Schizosaccharomyces pombe (strain 972 / ATCC 24843)	Fungi	523	False	3
Q96H22	Homo sapiens	Metazoa	339	False	3
Q8C6P8	Mus musculus	Metazoa	421	False	3
Q8GRN0	Arabidopsis thaliana	Viridiplantae	222	False	3
Q9Y5B0	Homo sapiens	Metazoa	961	False	3
Q6PCM1	Mus musculus	Metazoa	1323	False	3
O94609	Schizosaccharomyces pombe (strain 972 / ATCC 24843)	Fungi	1012	False	3
Q7TP54	Rattus norvegicus	Metazoa	1310	False	3
Q9NWT8	Homo sapiens	Metazoa	199	False	3
Q90ZA1	Xenopus laevis	Metazoa	631	False	3
O74792	Schizosaccharomyces pombe (strain 972 / ATCC 24843)	Fungi	515	False	3
P34122	Dictyostelium discoideum	Other	287	False	3
Q8AWF5	Xenopus laevis	Metazoa	638	False	3
Q56Y52	Arabidopsis thaliana	Viridiplantae	467	False	3
B0L3A2	Homo sapiens	Metazoa	85	True	3
Q86Y97	Homo sapiens	Metazoa	462	False	3
Q9CRB9	Mus musculus	Metazoa	227	False	3
Q3E824	Saccharomyces cerevisiae (strain ATCC 204508 / S288c)	Fungi	90	True	3
Q9BZJ7	Homo sapiens	Metazoa	368	True	3
P32799	Saccharomyces cerevisiae (strain ATCC 204508 / S288c)	Fungi	129	True	3
Q3ZN08	Mus musculus	Metazoa	260	False	3
P54783	Saccharomyces cerevisiae (strain ATCC 204508 / S288c)	Fungi	526	False	3
O13807	Schizosaccharomyces pombe (strain 972 / ATCC 24843)	Fungi	1072	False	3
P38907	Saccharomyces cerevisiae (strain ATCC 204508 / S288c)	Fungi	458	False	3
Q54XQ2	Dictyostelium discoideum	Other	1125	False	3
B6VQ60	Caenorhabditis elegans	Metazoa	609	False	3
Q8IY42	Homo sapiens	Metazoa	314	False	3
Q08287	Saccharomyces cerevisiae (strain ATCC 204508 / S288c)	Fungi	484	False	3
K4PW38	Oryza sativa subsp. japonica	Viridiplantae	458	False	3
Q9D023	Mus musculus	Metazoa	127	True	3
Q7KHG2	Drosophila melanogaster	Metazoa	1486	False	3
O74824	Schizosaccharomyces pombe (strain 972 / ATCC 24843)	Fungi	308	False	3
Q96E09	Homo sapiens	Metazoa	287	False	3
Q9R1M5	Mus musculus	Metazoa	1163	False	3
Q9LPV5	Arabidopsis thaliana	Viridiplantae	502	True	3
Q10571	Homo sapiens	Metazoa	1320	False	3
G5EGF8	Caenorhabditis elegans	Metazoa	354	False	3
Q3ZC04	Bos taurus	Metazoa	102	False	3
Q810M5	Mus musculus	Metazoa	347	True	3
Q3SXM5	Homo sapiens	Metazoa	330	False	3
P83211	Bolinus brandaris	Metazoa	107	False	3
Q54SM3	Dictyostelium discoideum	Other	179	False	3
P47174	Saccharomyces cerevisiae (strain ATCC 204508 / S288c)	Fungi	117	False	3
Q9BZR9	Homo sapiens	Metazoa	551	False	3
Q9LYR5	Arabidopsis thaliana	Viridiplantae	256	False	3
Q9UTE3	Schizosaccharomyces pombe (strain 972 / ATCC 24843)	Fungi	620	False	3
O88844	Mus musculus	Metazoa	414	False	3
F4JZC2	Arabidopsis thaliana	Viridiplantae	680	False	3
Q8BVE8	Mus musculus	Metazoa	1365	False	3
Q940U6	Arabidopsis thaliana	Viridiplantae	316	False	3
P51810	Homo sapiens	Metazoa	404	True	3
Q9M9F0	Arabidopsis thaliana	Viridiplantae	311	False	3
Q9Y2Q9	Homo sapiens	Metazoa	187	False	3
Q03246	Saccharomyces cerevisiae (strain ATCC 204508 / S288c)	Fungi	237	False	3
P03968	Bos taurus	Metazoa	155	False	3
Q80SU7	Mus musculus	Metazoa	2427	False	3
Q9HCC9	Homo sapiens	Metazoa	887	False	3
P53168	Saccharomyces cerevisiae (strain ATCC 204508 / S288c)	Fungi	247	False	3
Q7S4E7	Neurospora crassa (strain ATCC 24698 / 74-OR23-1A / CBS 708.71 / DSM 1257 / FGSC 987)	Fungi	124	False	3
Q9C108	Schizosaccharomyces pombe (strain 972 / ATCC 24843)	Fungi	163	False	3
Q9NVA1	Homo sapiens	Metazoa	299	False	3
P10852	Mus musculus	Metazoa	526	True	3
P27516	Dunaliella salina	Viridiplantae	172	False	3
Q9FFC7	Arabidopsis thaliana	Viridiplantae	978	False	3
P41161	Homo sapiens	Metazoa	510	False	3
Q5TB80	Homo sapiens	Metazoa	1403	False	3
O59740	Schizosaccharomyces pombe (strain 972 / ATCC 24843)	Fungi	522	False	3
Q924W6	Mus musculus	Metazoa	1344	False	3
F4I3P9	Arabidopsis thaliana	Viridiplantae	772	False	3
P79015	Schizosaccharomyces pombe (strain 972 / ATCC 24843)	Fungi	127	False	3
P0DW81	Homo sapiens	Metazoa	44	False	3
P61088	Homo sapiens	Metazoa	152	False	3
P34341	Caenorhabditis elegans	Metazoa	821	False	3
P08635	Rattus norvegicus	Metazoa	263	False	3
Q9VL76	Drosophila melanogaster	Metazoa	613	False	3
Q94AI6	Arabidopsis thaliana	Viridiplantae	752	False	3
Q8RXD3	Arabidopsis thaliana	Viridiplantae	310	False	3
Q6ASS9	Oryza sativa subsp. japonica	Viridiplantae	123	False	3
Q9CR61	Mus musculus	Metazoa	137	False	3
Q94EH2	Arabidopsis thaliana	Viridiplantae	210	True	3
Q9UU96	Schizosaccharomyces pombe (strain 972 / ATCC 24843)	Fungi	736	False	3
P40630	Mus musculus	Metazoa	243	False	3
O23875	Oryza sativa subsp. japonica	Viridiplantae	183	False	3
Q84MB5	Arabidopsis thaliana	Viridiplantae	280	True	3
Q9XZS8	Drosophila melanogaster	Metazoa	613	False	3
Q9STY4	Arabidopsis thaliana	Viridiplantae	599	False	3
Q99PV0	Mus musculus	Metazoa	2335	False	3
Q1K7L7	Neurospora crassa (strain ATCC 24698 / 74-OR23-1A / CBS 708.71 / DSM 1257 / FGSC 987)	Fungi	219	False	3
E9Q7G0	Mus musculus	Metazoa	2094	False	3
O08715	Mus musculus	Metazoa	857	False	3
Q9UT48	Schizosaccharomyces pombe (strain 972 / ATCC 24843)	Fungi	357	False	3
Q22812	Caenorhabditis elegans	Metazoa	399	False	3
O74761	Schizosaccharomyces pombe (strain 972 / ATCC 24843)	Fungi	459	False	3
Q12386	Saccharomyces cerevisiae (strain ATCC 204508 / S288c)	Fungi	881	False	3
P19263	Saccharomyces cerevisiae (strain ATCC 204508 / S288c)	Fungi	1082	False	3
Q8BXP5	Mus musculus	Metazoa	385	False	3
Q9LDY5	Arabidopsis thaliana	Viridiplantae	247	False	3
Q9UGI0	Homo sapiens	Metazoa	708	False	3
Q9LKW9	Arabidopsis thaliana	Viridiplantae	1146	True	3
P07884	Saccharomyces cerevisiae (strain ATCC 204508 / S288c)	Fungi	428	False	3
Q9Y804	Schizosaccharomyces pombe (strain 972 / ATCC 24843)	Fungi	703	False	3
E3SCZ8	Cavia porcellus	Metazoa	142	False	3
Q07807	Saccharomyces cerevisiae (strain ATCC 204508 / S288c)	Fungi	879	False	3
P60709	Homo sapiens	Metazoa	375	False	3
Q05942	Saccharomyces cerevisiae (strain ATCC 204508 / S288c)	Fungi	220	False	3
P53968	Saccharomyces cerevisiae (strain ATCC 204508 / S288c)	Fungi	678	False	3
Q9VNH1	Drosophila melanogaster	Metazoa	300	False	3
Q7Z7A4	Homo sapiens	Metazoa	578	False	3
Q9P7M3	Schizosaccharomyces pombe (strain 972 / ATCC 24843)	Fungi	271	False	3
P12695	Saccharomyces cerevisiae (strain ATCC 204508 / S288c)	Fungi	482	False	3
P33201	Saccharomyces cerevisiae (strain ATCC 204508 / S288c)	Fungi	236	False	3
Q9P382	Schizosaccharomyces pombe (strain 972 / ATCC 24843)	Fungi	798	False	3
Q9NY87	Homo sapiens	Metazoa	97	False	3
P38870	Saccharomyces cerevisiae (strain ATCC 204508 / S288c)	Fungi	785	False	3
Q5BLX8	Rattus norvegicus	Metazoa	315	False	3
O80832	Arabidopsis thaliana	Viridiplantae	410	False	3
Q9SF47	Arabidopsis thaliana	Viridiplantae	904	False	3
Q9SM44	Spinacia oleracea	Viridiplantae	522	False	3
F4KAV2	Arabidopsis thaliana	Viridiplantae	442	False	3
Q96JM7	Homo sapiens	Metazoa	780	False	3
Q96I59	Homo sapiens	Metazoa	477	False	3
Q8K0B2	Mus musculus	Metazoa	537	True	3
Q5VWP2	Homo sapiens	Metazoa	391	False	3
Q8IP99	Drosophila melanogaster	Metazoa	308	False	3
O14064	Schizosaccharomyces pombe (strain 972 / ATCC 24843)	Fungi	997	False	3
Q84VQ4	Arabidopsis thaliana	Viridiplantae	218	False	3
Q63472	Rattus norvegicus	Metazoa	962	False	3
Q3U8K7	Mus musculus	Metazoa	883	False	3
A0A2H1A5W4	Candidozyma auris	Fungi	679	False	3
Q31708	Arabidopsis thaliana	Viridiplantae	362	False	3
Q95Q39	Caenorhabditis elegans	Metazoa	287	True	3
P09596	Spinacia oleracea	Viridiplantae	121	False	3
Q12036	Saccharomyces cerevisiae (strain ATCC 204508 / S288c)	Fungi	173	False	3
P40467	Saccharomyces cerevisiae (strain ATCC 204508 / S288c)	Fungi	964	False	3
P40344	Saccharomyces cerevisiae (strain ATCC 204508 / S288c)	Fungi	310	False	3
P58334	Mus musculus	Metazoa	251	False	3
Q14451	Homo sapiens	Metazoa	532	False	3
P0DW10	Neurospora crassa	Fungi	244	False	3
P35790	Homo sapiens	Metazoa	457	False	3
Q90Z80	Xenopus laevis	Metazoa	392	False	3
Q6NZQ4	Mus musculus	Metazoa	1056	False	3
O14131	Schizosaccharomyces pombe (strain 972 / ATCC 24843)	Fungi	442	False	3
P39995	Saccharomyces cerevisiae (strain ATCC 204508 / S288c)	Fungi	279	False	3
P23526	Homo sapiens	Metazoa	432	False	3
A8K830	Homo sapiens	Metazoa	251	False	3
Q92979	Homo sapiens	Metazoa	244	False	3
Q1MTR2	Schizosaccharomyces pombe (strain 972 / ATCC 24843)	Fungi	207	False	3
P07834	Saccharomyces cerevisiae (strain ATCC 204508 / S288c)	Fungi	779	False	3
Q39129	Arabidopsis thaliana	Viridiplantae	120	False	3
P60602	Homo sapiens	Metazoa	79	True	3
P39979	Saccharomyces cerevisiae (strain ATCC 204508 / S288c)	Fungi	161	False	3
Q9LMT2	Arabidopsis thaliana	Viridiplantae	713	False	3
Q62315	Mus musculus	Metazoa	1234	False	3
Q6PE84	Mus musculus	Metazoa	287	True	3
P93830	Arabidopsis thaliana	Viridiplantae	229	False	3
O74971	Schizosaccharomyces pombe (strain 972 / ATCC 24843)	Fungi	261	False	3
Q9BQL6	Homo sapiens	Metazoa	677	False	3
P40164	Saccharomyces cerevisiae (strain ATCC 204508 / S288c)	Fungi	858	False	3
P14923	Homo sapiens	Metazoa	745	False	3
Q10290	Schizosaccharomyces pombe (strain 972 / ATCC 24843)	Fungi	303	False	3
O60293	Homo sapiens	Metazoa	1989	False	3
P41846	Caenorhabditis elegans	Metazoa	1009	False	3
P20433	Saccharomyces cerevisiae (strain ATCC 204508 / S288c)	Fungi	221	False	3
P08525	Saccharomyces cerevisiae (strain ATCC 204508 / S288c)	Fungi	94	True	3
A0A7J6KC99	Toxoplasma gondii	Other	7603	False	3
P53810	Mus musculus	Metazoa	271	False	3
Q93015	Homo sapiens	Metazoa	286	False	3
Q9QZN9	Rattus norvegicus	Metazoa	360	True	3
Q10059	Schizosaccharomyces pombe (strain 972 / ATCC 24843)	Fungi	1841	False	3
Q9VV73	Drosophila melanogaster	Metazoa	841	False	3
P38162	Saccharomyces cerevisiae (strain ATCC 204508 / S288c)	Fungi	196	False	3
P46939	Homo sapiens	Metazoa	3433	False	3
Q06338	Saccharomyces cerevisiae (strain ATCC 204508 / S288c)	Fungi	283	False	3
Q8BKC5	Mus musculus	Metazoa	1097	False	3
Q5KS41	Arabidopsis thaliana	Viridiplantae	486	False	3
Q9JIX9	Mus musculus	Metazoa	511	False	3
Q6P589	Homo sapiens	Metazoa	184	False	3
A0A509ARF0	Plasmodium berghei (strain Anka)	Other	403	False	3
P39678	Saccharomyces cerevisiae (strain ATCC 204508 / S288c)	Fungi	833	False	3
Q8BMA3	Mus musculus	Metazoa	555	False	3
Q60838	Mus musculus	Metazoa	736	False	3
Q08509	Mus musculus	Metazoa	821	False	3
Q9Y5L0	Homo sapiens	Metazoa	923	False	3
Q91ZX6	Mus musculus	Metazoa	588	False	3
Q9BTF0	Homo sapiens	Metazoa	503	False	3
Q9H5Z6	Homo sapiens	Metazoa	455	False	3
Q8CF89	Mus musculus	Metazoa	502	False	3
P32904	Saccharomyces cerevisiae (strain ATCC 204508 / S288c)	Fungi	214	False	3
P79005	Schizosaccharomyces pombe (strain 972 / ATCC 24843)	Fungi	663	False	3
O88382	Rattus norvegicus	Metazoa	1277	False	3
P35435	Rattus norvegicus	Metazoa	273	False	3
P32524	Saccharomyces cerevisiae (strain ATCC 204508 / S288c)	Fungi	280	False	3
P70169	Mus musculus	Metazoa	412	False	3
Q9C811	Arabidopsis thaliana	Viridiplantae	1495	False	3
Q5WRN1	Caenorhabditis elegans	Metazoa	301	True	3
Q9SU91	Arabidopsis thaliana	Viridiplantae	336	False	3
P09081	Drosophila melanogaster	Metazoa	494	False	3
Q9CQ79	Mus musculus	Metazoa	226	False	3
P38278	Saccharomyces cerevisiae (strain ATCC 204508 / S288c)	Fungi	337	False	3
O94411	Schizosaccharomyces pombe (strain 972 / ATCC 24843)	Fungi	509	False	3
O35250	Mus musculus	Metazoa	697	False	3
Q8C551	Mus musculus	Metazoa	337	False	3
Q9CZL5	Mus musculus	Metazoa	136	False	3
P18409	Saccharomyces cerevisiae (strain ATCC 204508 / S288c)	Fungi	493	False	3
P0C2B9	Rattus norvegicus	Metazoa	141	False	3
Q9BSW2	Homo sapiens	Metazoa	731	False	3
Q9UST7	Schizosaccharomyces pombe (strain 972 / ATCC 24843)	Fungi	1339	False	3
Q08977	Saccharomyces cerevisiae (strain ATCC 204508 / S288c)	Fungi	551	False	3
Q5SRY7	Mus musculus	Metazoa	542	False	3
Q9NQZ5	Homo sapiens	Metazoa	370	True	3
Q8WXG1	Homo sapiens	Metazoa	361	False	3
Q04748	Saccharomyces cerevisiae (strain ATCC 204508 / S288c)	Fungi	898	False	3
O14862	Homo sapiens	Metazoa	343	False	3
Q8VY52	Arabidopsis thaliana	Viridiplantae	232	False	3
Q8GWR1	Arabidopsis thaliana	Viridiplantae	447	False	3
Q80UP5	Mus musculus	Metazoa	588	False	3
Q7Z7K0	Homo sapiens	Metazoa	106	False	3
O14275	Schizosaccharomyces pombe (strain 972 / ATCC 24843)	Fungi	931	False	3
P81450	Saccharomyces cerevisiae (strain ATCC 204508 / S288c)	Fungi	59	True	3
Q9UMN6	Homo sapiens	Metazoa	2715	False	3
A0A2Z5GDY5	Lotus japonicus	Viridiplantae	658	False	3
B3H5K9	Arabidopsis thaliana	Viridiplantae	782	False	3
P56749	Homo sapiens	Metazoa	244	True	3
Q9UBD5	Homo sapiens	Metazoa	711	False	3
P41920	Saccharomyces cerevisiae (strain ATCC 204508 / S288c)	Fungi	201	False	3
Q9URQ5	Saccharomyces cerevisiae (strain ATCC 204508 / S288c)	Fungi	78	False	3
A2XFC1	Oryza sativa subsp. indica	Viridiplantae	442	False	3
Q6S5L8	Homo sapiens	Metazoa	630	False	3
P06526	Bos taurus	Metazoa	509	False	3
Q3ZCQ8	Homo sapiens	Metazoa	353	True	3
H2KZH5	Caenorhabditis elegans	Metazoa	621	False	3
Q9LUI2	Arabidopsis thaliana	Viridiplantae	1728	False	3
Q9Y421	Homo sapiens	Metazoa	112	False	3
Q8RXA7	Arabidopsis thaliana	Viridiplantae	1187	False	3
Q9UM54	Homo sapiens	Metazoa	1294	False	3
O96623	Dictyostelium discoideum	Other	293	False	3
P53125	Saccharomyces cerevisiae (strain ATCC 204508 / S288c)	Fungi	1264	False	3
O74846	Schizosaccharomyces pombe (strain 972 / ATCC 24843)	Fungi	752	False	3
P43116	Homo sapiens	Metazoa	358	True	3
O43592	Homo sapiens	Metazoa	962	False	3
P51593	Rattus norvegicus	Metazoa	4454	False	3
Q6VNB8	Mus musculus	Metazoa	3508	False	3
P40008	Saccharomyces cerevisiae (strain ATCC 204508 / S288c)	Fungi	231	False	3
Q8IWY9	Homo sapiens	Metazoa	1227	False	3
Q96ER3	Homo sapiens	Metazoa	474	False	3
P57093	Rattus norvegicus	Metazoa	338	False	3
Q96AG3	Homo sapiens	Metazoa	418	False	3
Q7Z6K1	Homo sapiens	Metazoa	395	False	3
Q01519	Saccharomyces cerevisiae (strain ATCC 204508 / S288c)	Fungi	83	False	3
Q9NUX5	Homo sapiens	Metazoa	634	False	3
O74771	Schizosaccharomyces pombe (strain 972 / ATCC 24843)	Fungi	374	False	3
Q8TAT5	Homo sapiens	Metazoa	605	False	3
O00488	Homo sapiens	Metazoa	134	False	3
Q9UJ42	Homo sapiens	Metazoa	338	True	3
Q9DAA6	Mus musculus	Metazoa	195	False	3
Q8IDM6	Plasmodium falciparum (isolate 3D7)	Other	422	True	3
G5EGS7	Caenorhabditis elegans	Metazoa	324	False	3
P53107	Saccharomyces cerevisiae (strain ATCC 204508 / S288c)	Fungi	440	False	3
Q8N635	Homo sapiens	Metazoa	442	False	3
P54857	Saccharomyces cerevisiae (strain ATCC 204508 / S288c)	Fungi	326	False	3
O47027	Chlamydomonas reinhardtii	Viridiplantae	570	False	3
P38088	Saccharomyces cerevisiae (strain ATCC 204508 / S288c)	Fungi	690	False	3
Q99JB6	Mus musculus	Metazoa	429	False	3
P50106	Saccharomyces cerevisiae (strain ATCC 204508 / S288c)	Fungi	137	False	3
P55786	Homo sapiens	Metazoa	919	False	3
Q78ZR5	Rattus norvegicus	Metazoa	73	False	3
P47119	Saccharomyces cerevisiae (strain ATCC 204508 / S288c)	Fungi	197	False	3
Q8W4J9	Arabidopsis thaliana	Viridiplantae	908	False	3
Q9NPG8	Homo sapiens	Metazoa	344	True	3
Q05728	Arabidopsis thaliana	Viridiplantae	389	False	3
Q9SRN4	Arabidopsis thaliana	Viridiplantae	117	False	3
O74975	Schizosaccharomyces pombe (strain 972 / ATCC 24843)	Fungi	362	False	3
P11031	Mus musculus	Metazoa	127	False	3
Q965W2	Caenorhabditis elegans	Metazoa	407	False	3
Q9SL05	Arabidopsis thaliana	Viridiplantae	133	False	3
P09144	Chlamydomonas reinhardtii	Viridiplantae	735	True	3
Q9BQ83	Homo sapiens	Metazoa	275	False	3
Q6ZT62	Homo sapiens	Metazoa	677	False	3
Q9V466	Drosophila melanogaster	Metazoa	845	False	3
P53784	Mus musculus	Metazoa	375	False	3
Q68CK6	Homo sapiens	Metazoa	577	False	3
Q7S6M9	Neurospora crassa (strain ATCC 24698 / 74-OR23-1A / CBS 708.71 / DSM 1257 / FGSC 987)	Fungi	309	False	3
Q5JVS0	Homo sapiens	Metazoa	413	False	3
Q8N6L0	Homo sapiens	Metazoa	562	False	3
Q9Y3V2	Homo sapiens	Metazoa	267	False	3
O60381	Homo sapiens	Metazoa	514	False	3
P15505	Gallus gallus	Metazoa	1004	False	3
Q388D2	Trypanosoma brucei brucei (strain 927/4 GUTat10.1)	Other	391	False	3
Q15067	Homo sapiens	Metazoa	660	False	3
Q9C5U1	Arabidopsis thaliana	Viridiplantae	1036	True	3
P40035	Saccharomyces cerevisiae (strain ATCC 204508 / S288c)	Fungi	300	True	3
A2SWM2	Danio rerio	Metazoa	504	True	3
P43554	Saccharomyces cerevisiae (strain ATCC 204508 / S288c)	Fungi	623	False	3
Q8NDD1	Homo sapiens	Metazoa	293	False	3
Q93ZF6	Arabidopsis thaliana	Viridiplantae	153	False	3
Q6DBN4	Arabidopsis thaliana	Viridiplantae	253	True	3
Q0JFZ0	Oryza sativa subsp. japonica	Viridiplantae	247	False	3
K9NVA6	Hematodinium sp	Other	132	False	3
Q23272	Caenorhabditis elegans	Metazoa	488	False	3
Q14CZ7	Homo sapiens	Metazoa	662	False	3
Q92262	Komagataella pastoris	Fungi	455	False	3
Q9Y253	Homo sapiens	Metazoa	713	False	3
Q9CPX8	Mus musculus	Metazoa	56	True	3
P29172	Bos taurus	Metazoa	448	False	3
Q14678	Homo sapiens	Metazoa	1352	False	3
Q9NYX4	Homo sapiens	Metazoa	217	True	3
P40498	Saccharomyces cerevisiae (strain ATCC 204508 / S288c)	Fungi	721	False	3
Q03654	Saccharomyces cerevisiae (strain ATCC 204508 / S288c)	Fungi	590	False	3
Q8S4F6	Arabidopsis thaliana	Viridiplantae	510	False	3
Q9P804	Schizosaccharomyces pombe (strain 972 / ATCC 24843)	Fungi	548	False	3
Q9LLC1	Arabidopsis thaliana	Viridiplantae	255	False	3
P47096	Saccharomyces cerevisiae (strain ATCC 204508 / S288c)	Fungi	177	False	3
P19973	Mus musculus	Metazoa	330	False	3
Q10340	Schizosaccharomyces pombe (strain 972 / ATCC 24843)	Fungi	515	False	3
O88491	Mus musculus	Metazoa	2588	False	3
F4HQA1	Arabidopsis thaliana	Viridiplantae	589	False	3
A6NLJ0	Homo sapiens	Metazoa	364	False	3
P53972	Saccharomyces cerevisiae (strain ATCC 204508 / S288c)	Fungi	490	False	3
W2SDE2	Cyphellophora europaea (strain CBS 101466)	Fungi	346	False	3
Q04964	Saccharomyces cerevisiae (strain ATCC 204508 / S288c)	Fungi	104	False	3
Q6ZV65	Homo sapiens	Metazoa	393	False	3
Q03770	Saccharomyces cerevisiae (strain ATCC 204508 / S288c)	Fungi	852	False	3
Q8UUZ1	Danio rerio	Metazoa	359	False	3
P22035	Saccharomyces cerevisiae (strain ATCC 204508 / S288c)	Fungi	811	False	3
Q5FWH3	Mus musculus	Metazoa	603	False	3
Q45VK7	Mus musculus	Metazoa	4306	False	3
P48595	Homo sapiens	Metazoa	397	False	3
Q9FNC9	Arabidopsis thaliana	Viridiplantae	99	True	3
Q5HYK7	Homo sapiens	Metazoa	790	False	3
Q8NFH4	Homo sapiens	Metazoa	326	False	3
P51795	Homo sapiens	Metazoa	816	False	3
Q9JI99	Mus musculus	Metazoa	430	False	3
Q9HAI6	Homo sapiens	Metazoa	301	False	3
P43606	Saccharomyces cerevisiae (strain ATCC 204508 / S288c)	Fungi	678	False	3
Q9S850	Arabidopsis thaliana	Viridiplantae	393	False	3
P89114	Saccharomyces cerevisiae (strain ATCC 204508 / S288c)	Fungi	91	False	3
Q09666	Homo sapiens	Metazoa	5890	False	3
Q7RYW8	Neurospora crassa (strain ATCC 24698 / 74-OR23-1A / CBS 708.71 / DSM 1257 / FGSC 987)	Fungi	258	False	3
P57081	Homo sapiens	Metazoa	412	False	3
O75528	Homo sapiens	Metazoa	432	False	3
F4IAT8	Arabidopsis thaliana	Viridiplantae	326	False	3
P83876	Homo sapiens	Metazoa	142	False	3
O82743	Arabidopsis thaliana	Viridiplantae	219	False	3
O23144	Arabidopsis thaliana	Viridiplantae	612	False	3
P53903	Saccharomyces cerevisiae (strain ATCC 204508 / S288c)	Fungi	129	True	3
P27684	Spinacia oleracea	Viridiplantae	142	False	3
P49599	Arabidopsis thaliana	Viridiplantae	388	False	3
Q9DC04	Mus musculus	Metazoa	966	False	3
Q9JHH9	Mus musculus	Metazoa	205	False	3
Q96IR7	Homo sapiens	Metazoa	371	False	3
P10914	Homo sapiens	Metazoa	325	False	3
Q9LSA9	Arabidopsis thaliana	Viridiplantae	339	False	3
Q9LZA6	Arabidopsis thaliana	Viridiplantae	825	False	3
Q8N1G1	Homo sapiens	Metazoa	1221	False	3
Q9Y6A4	Homo sapiens	Metazoa	193	False	3
O74317	Schizosaccharomyces pombe (strain 972 / ATCC 24843)	Fungi	113	False	3
Q80WL1	Rattus norvegicus	Metazoa	549	True	3
Q0WR66	Arabidopsis thaliana	Viridiplantae	793	False	3
Q922B6	Mus musculus	Metazoa	594	False	3
P38313	Saccharomyces cerevisiae (strain ATCC 204508 / S288c)	Fungi	324	False	3
P40548	Saccharomyces cerevisiae (strain ATCC 204508 / S288c)	Fungi	159	True	3
P40993	Saccharomyces cerevisiae (strain ATCC 204508 / S288c)	Fungi	198	False	3
Q9N589	Caenorhabditis elegans	Metazoa	588	False	3
Q9BSF4	Homo sapiens	Metazoa	260	True	3
P15325	Emericella nidulans (strain FGSC A4 / ATCC 38163 / CBS 112.46 / NRRL 194 / M139)	Fungi	533	True	3
P25208	Homo sapiens	Metazoa	207	False	3
P18888	Saccharomyces cerevisiae (strain ATCC 204508 / S288c)	Fungi	332	False	3
Q9ULR3	Homo sapiens	Metazoa	514	False	3
P25332	Saccharomyces cerevisiae (strain ATCC 204508 / S288c)	Fungi	333	False	3
Q08278	Saccharomyces cerevisiae (strain ATCC 204508 / S288c)	Fungi	222	False	3
O94328	Schizosaccharomyces pombe (strain 972 / ATCC 24843)	Fungi	141	False	3
Q6ZWQ0	Mus musculus	Metazoa	6874	False	3
Q09750	Schizosaccharomyces pombe (strain 972 / ATCC 24843)	Fungi	1522	False	3
O95071	Homo sapiens	Metazoa	2799	False	3
Q2V2Q1	Saccharomyces cerevisiae (strain ATCC 204508 / S288c)	Fungi	113	False	3
Q61464	Mus musculus	Metazoa	1960	False	3
Q03385	Mus musculus	Metazoa	852	False	3
Q6PH85	Homo sapiens	Metazoa	259	False	3
P47128	Saccharomyces cerevisiae (strain ATCC 204508 / S288c)	Fungi	113	False	3
Q4FZC9	Mus musculus	Metazoa	975	False	3
Q969V5	Homo sapiens	Metazoa	352	True	3
Q9FME2	Arabidopsis thaliana	Viridiplantae	460	False	3
Q86UQ0	Homo sapiens	Metazoa	364	False	3
Q9VKM6	Drosophila melanogaster	Metazoa	351	False	3
O35914	Mus musculus	Metazoa	961	False	3
Q99NF1	Mus musculus	Metazoa	532	False	3
Q84JU6	Arabidopsis thaliana	Viridiplantae	927	False	3
Q14693	Homo sapiens	Metazoa	890	False	3
Q9HCC0	Homo sapiens	Metazoa	563	False	3
Q08966	Saccharomyces cerevisiae (strain ATCC 204508 / S288c)	Fungi	492	False	3
A0A163UT06	Caenorhabditis elegans	Metazoa	277	False	3
P07276	Saccharomyces cerevisiae (strain ATCC 204508 / S288c)	Fungi	1031	False	3
Q96KG9	Homo sapiens	Metazoa	808	False	3
Q95XA8	Caenorhabditis elegans	Metazoa	486	False	3
Q9JIR4	Rattus norvegicus	Metazoa	1615	False	3
P52566	Homo sapiens	Metazoa	201	False	3
P36023	Saccharomyces cerevisiae (strain ATCC 204508 / S288c)	Fungi	863	False	3
Q3KNY0	Mus musculus	Metazoa	2849	False	3
Q9NVI7	Homo sapiens	Metazoa	586	False	3
Q20924	Caenorhabditis elegans	Metazoa	473	False	3
P38927	Saccharomyces cerevisiae (strain ATCC 204508 / S288c)	Fungi	245	False	3
Q12359	Saccharomyces cerevisiae (strain ATCC 204508 / S288c)	Fungi	275	True	3
Q5A287	Candida albicans (strain SC5314 / ATCC MYA-2876)	Fungi	805	False	3
Q18221	Caenorhabditis elegans	Metazoa	1507	False	3
Q99933	Homo sapiens	Metazoa	345	False	3
Q9BU64	Homo sapiens	Metazoa	300	False	3
Q07395	Saccharomyces cerevisiae (strain ATCC 204508 / S288c)	Fungi	620	False	3
Q53FT3	Homo sapiens	Metazoa	197	False	3
P40850	Saccharomyces cerevisiae (strain ATCC 204508 / S288c)	Fungi	830	False	3
Q7K3L1	Drosophila melanogaster	Metazoa	921	False	3
E9QAU8	Mus musculus	Metazoa	347	False	3
Q9YH58	Gallus gallus	Metazoa	541	False	3
P14922	Saccharomyces cerevisiae (strain ATCC 204508 / S288c)	Fungi	966	False	3
P0DPG3	Trypanosoma brucei brucei	Other	75	False	3
Q6GPH4	Homo sapiens	Metazoa	301	False	3
Q5JPI9	Homo sapiens	Metazoa	236	False	3
P49683	Homo sapiens	Metazoa	370	True	3
Q9JJK1	Rattus norvegicus	Metazoa	265	True	3
Q9VB62	Drosophila melanogaster	Metazoa	609	False	3
O74361	Schizosaccharomyces pombe (strain 972 / ATCC 24843)	Fungi	356	False	3
P38140	Saccharomyces cerevisiae (strain ATCC 204508 / S288c)	Fungi	529	False	3
Q8VDZ4	Mus musculus	Metazoa	715	True	3
Q94BT6	Arabidopsis thaliana	Viridiplantae	609	False	3
P38812	Saccharomyces cerevisiae (strain ATCC 204508 / S288c)	Fungi	185	False	3
P39880	Homo sapiens	Metazoa	1505	False	3
Q8L9X2	Arabidopsis thaliana	Viridiplantae	203	False	3
Q08622	Saccharomyces cerevisiae (strain ATCC 204508 / S288c)	Fungi	556	False	3
Q12090	Saccharomyces cerevisiae (strain ATCC 204508 / S288c)	Fungi	404	False	3
Q9BVL4	Homo sapiens	Metazoa	669	False	3
Q84K96	Crocus sativus	Viridiplantae	369	False	3
Q9D995	Mus musculus	Metazoa	334	False	3
Q8TEW0	Homo sapiens	Metazoa	1356	False	3
P30776	Schizosaccharomyces pombe (strain 972 / ATCC 24843)	Fungi	628	False	3
G5DBJ0	Nicotiana benthamiana	Viridiplantae	252	False	3
Q969F9	Homo sapiens	Metazoa	1004	False	3
Q01217	Saccharomyces cerevisiae (strain ATCC 204508 / S288c)	Fungi	863	False	3
O61660	Caenorhabditis elegans	Metazoa	759	False	3
P07270	Saccharomyces cerevisiae (strain ATCC 204508 / S288c)	Fungi	312	False	3
Q9USY4	Schizosaccharomyces pombe (strain 972 / ATCC 24843)	Fungi	527	False	3
P14737	Saccharomyces cerevisiae (strain ATCC 204508 / S288c)	Fungi	1309	False	3
Q9BXS1	Homo sapiens	Metazoa	227	False	3
Q969H6	Homo sapiens	Metazoa	163	False	3
Q8TAX9	Homo sapiens	Metazoa	416	False	3
O75586	Homo sapiens	Metazoa	246	False	3
Q9Y0E4	Drosophila melanogaster	Metazoa	2262	False	3
P43619	Saccharomyces cerevisiae (strain ATCC 204508 / S288c)	Fungi	295	False	3
Q9YHY6	Xenopus laevis	Metazoa	1364	False	3
Q9H7T9	Homo sapiens	Metazoa	357	False	3
Q9UK41	Homo sapiens	Metazoa	221	False	3
Q9XI19	Arabidopsis thaliana	Viridiplantae	328	False	3
Q941Q3	Arabidopsis thaliana	Viridiplantae	524	False	3
Q8I2S0	Plasmodium falciparum (isolate 3D7)	Other	384	False	3
Q969F1	Homo sapiens	Metazoa	213	False	3
O49203	Arabidopsis thaliana	Viridiplantae	238	False	3
P36527	Saccharomyces cerevisiae (strain ATCC 204508 / S288c)	Fungi	147	False	3
O74329	Schizosaccharomyces pombe (strain 972 / ATCC 24843)	Fungi	56	False	3
P36954	Homo sapiens	Metazoa	125	False	3
Q9LS08	Arabidopsis thaliana	Viridiplantae	344	False	3
Q9QVP9	Mus musculus	Metazoa	1009	False	3
V6CLJ5	Caenorhabditis elegans	Metazoa	790	False	3
Q13794	Homo sapiens	Metazoa	54	False	3
Q9FJJ3	Arabidopsis thaliana	Viridiplantae	309	False	3
Q10335	Schizosaccharomyces pombe (strain 972 / ATCC 24843)	Fungi	397	False	3
Q9C6T1	Arabidopsis thaliana	Viridiplantae	505	False	3
O94286	Schizosaccharomyces pombe (strain 972 / ATCC 24843)	Fungi	178	False	3
Q9ZNT1	Arabidopsis thaliana	Viridiplantae	281	True	3
P40858	Saccharomyces cerevisiae (strain ATCC 204508 / S288c)	Fungi	161	False	3
P53692	Schizosaccharomyces pombe (strain 972 / ATCC 24843)	Fungi	1140	False	3
Q8R2K4	Mus musculus	Metazoa	616	False	3
Q54HI5	Dictyostelium discoideum	Other	716	False	3
P25054	Homo sapiens	Metazoa	2843	False	3
Q12098	Saccharomyces cerevisiae (strain ATCC 204508 / S288c)	Fungi	748	False	3
Q8BN78	Mus musculus	Metazoa	671	False	3
H0YL14	Homo sapiens	Metazoa	139	True	3
P41696	Saccharomyces cerevisiae (strain ATCC 204508 / S288c)	Fungi	914	False	3
P87112	Schizosaccharomyces pombe (strain 972 / ATCC 24843)	Fungi	2100	False	3
P17812	Homo sapiens	Metazoa	591	False	3
Q9SJH0	Arabidopsis thaliana	Viridiplantae	118	False	3
Q9C115	Schizosaccharomyces pombe (strain 972 / ATCC 24843)	Fungi	150	False	3
O15091	Homo sapiens	Metazoa	583	False	3
P25621	Saccharomyces cerevisiae (strain ATCC 204508 / S288c)	Fungi	512	True	3
P15720	Gallus gallus	Metazoa	174	False	3
Q9JM73	Mus musculus	Metazoa	504	False	3
Q9VMD6	Drosophila melanogaster	Metazoa	659	False	3
B2AFA8	Podospora anserina (strain S / ATCC MYA-4624 / DSM 980 / FGSC 10383)	Fungi	775	False	3
Q96G30	Homo sapiens	Metazoa	205	True	3
O49937	Spinacia oleracea	Viridiplantae	293	False	3
Q15642	Homo sapiens	Metazoa	601	False	3
Q5EBL4	Homo sapiens	Metazoa	403	False	3
Q67Y99	Arabidopsis thaliana	Viridiplantae	330	False	3
P40087	Saccharomyces cerevisiae (strain ATCC 204508 / S288c)	Fungi	428	False	3
P30429	Caenorhabditis elegans	Metazoa	549	False	3
Q5GH67	Mus musculus	Metazoa	647	False	3
Q92624	Homo sapiens	Metazoa	585	False	3
Q5HZJ0	Mus musculus	Metazoa	1373	False	3
Q8IZY5	Homo sapiens	Metazoa	108	False	3
Q9ES71	Rattus norvegicus	Metazoa	678	False	3
Q9QZR8	Rattus norvegicus	Metazoa	2766	False	3
O13769	Schizosaccharomyces pombe (strain 972 / ATCC 24843)	Fungi	638	False	3
P14066	Saccharomyces cerevisiae (strain ATCC 204508 / S288c)	Fungi	229	False	3
Q9UBT7	Homo sapiens	Metazoa	734	False	3
Q9VRV7	Drosophila melanogaster	Metazoa	121	False	3
Q96GM8	Homo sapiens	Metazoa	510	False	3
Q9VPQ6	Drosophila melanogaster	Metazoa	1191	False	3
Q8LAJ7	Arabidopsis thaliana	Viridiplantae	292	False	3
P29965	Homo sapiens	Metazoa	261	True	3
P35241	Homo sapiens	Metazoa	583	False	3
Q6ZVD7	Homo sapiens	Metazoa	989	False	3
P33203	Saccharomyces cerevisiae (strain ATCC 204508 / S288c)	Fungi	583	False	3
P82649	Bos taurus	Metazoa	359	False	3
P32908	Saccharomyces cerevisiae (strain ATCC 204508 / S288c)	Fungi	1225	False	3
Q39009	Arabidopsis thaliana	Viridiplantae	344	False	3
O14114	Schizosaccharomyces pombe (strain 972 / ATCC 24843)	Fungi	1190	False	3
Q09969	Caenorhabditis elegans	Metazoa	221	False	3
Q7Z3K3	Homo sapiens	Metazoa	1410	False	3
Q6P587	Homo sapiens	Metazoa	221	False	3
Q7Z2T5	Homo sapiens	Metazoa	733	False	3
Q9H6R4	Homo sapiens	Metazoa	1146	False	3
Q8BG21	Mus musculus	Metazoa	171	True	3
Q84LK0	Arabidopsis thaliana	Viridiplantae	1118	False	3
P41252	Homo sapiens	Metazoa	1262	False	3
Q99929	Homo sapiens	Metazoa	193	False	3
Q05048	Homo sapiens	Metazoa	431	False	3
P90994	Caenorhabditis elegans	Metazoa	187	False	3
O04249	Arabidopsis thaliana	Viridiplantae	513	True	3
Q68G58	Mus musculus	Metazoa	516	False	3
Q9NS91	Homo sapiens	Metazoa	495	False	3
P18410	Saccharomyces cerevisiae (strain ATCC 204508 / S288c)	Fungi	259	True	3
P42731	Arabidopsis thaliana	Viridiplantae	629	False	3
P40466	Saccharomyces cerevisiae (strain ATCC 204508 / S288c)	Fungi	484	False	3
F4HVG8	Arabidopsis thaliana	Viridiplantae	611	False	3
Q23529	Caenorhabditis elegans	Metazoa	777	False	3
Q9U1W1	Caenorhabditis elegans	Metazoa	486	False	3
P42945	Saccharomyces cerevisiae (strain ATCC 204508 / S288c)	Fungi	1769	False	3
Q80VQ0	Mus musculus	Metazoa	468	False	3
Q9UBP6	Homo sapiens	Metazoa	276	False	3
Q96VH5	Saccharomyces cerevisiae (strain ATCC 204508 / S288c)	Fungi	97	True	3
P04921	Homo sapiens	Metazoa	128	True	3
Q9UKA1	Homo sapiens	Metazoa	691	False	3
G5EBR8	Caenorhabditis elegans	Metazoa	247	False	3
Q12166	Saccharomyces cerevisiae (strain ATCC 204508 / S288c)	Fungi	604	False	3
A0A571BE98	Mus musculus	Metazoa	150	True	3
O74461	Schizosaccharomyces pombe (strain 972 / ATCC 24843)	Fungi	235	False	3
Q06011	Saccharomyces cerevisiae (strain ATCC 204508 / S288c)	Fungi	112	True	3
P38876	Saccharomyces cerevisiae (strain ATCC 204508 / S288c)	Fungi	190	False	3
Q9SNX8	Apium graveolens	Viridiplantae	496	False	3
P48437	Mus musculus	Metazoa	737	False	3
P97411	Mus musculus	Metazoa	478	False	3
G1UH28	Punica granatum	Viridiplantae	299	False	3
F4JYC8	Arabidopsis thaliana	Viridiplantae	1706	False	3
P17655	Homo sapiens	Metazoa	700	False	3
O94972	Homo sapiens	Metazoa	964	False	3
Q8MLZ3	Dictyostelium discoideum	Other	867	False	3
P70670	Mus musculus	Metazoa	2187	False	3
Q9SII9	Arabidopsis thaliana	Viridiplantae	538	False	3
Q8WZ42	Homo sapiens	Metazoa	34350	False	3
Q96BI1	Homo sapiens	Metazoa	424	True	3
Q18PE0	Mus musculus	Metazoa	504	False	3
O43013	Schizosaccharomyces pombe (strain 972 / ATCC 24843)	Fungi	533	False	3
Q9FIB6	Arabidopsis thaliana	Viridiplantae	442	False	3
Q9QZM5	Rattus norvegicus	Metazoa	476	False	3
Q9LD43	Arabidopsis thaliana	Viridiplantae	769	False	3
Q53H82	Homo sapiens	Metazoa	288	False	3
Q99LW6	Mus musculus	Metazoa	179	False	3
P00856	Saccharomyces cerevisiae (strain ATCC 204508 / S288c)	Fungi	48	True	3
P32761	Chlamydomonas moewusii	Viridiplantae	218	False	3
Q9VPT4	Drosophila melanogaster	Metazoa	717	False	3
P53327	Saccharomyces cerevisiae (strain ATCC 204508 / S288c)	Fungi	1967	False	3
P04386	Saccharomyces cerevisiae (strain ATCC 204508 / S288c)	Fungi	881	False	3
A2A288	Homo sapiens	Metazoa	527	False	3
A0A075TXZ1	Penicillium expansum	Fungi	324	False	3
P40573	Saccharomyces cerevisiae (strain ATCC 204508 / S288c)	Fungi	187	False	3
Q8GXD9	Arabidopsis thaliana	Viridiplantae	644	False	3
Q94BS2	Arabidopsis thaliana	Viridiplantae	335	False	3
P87315	Schizosaccharomyces pombe (strain 972 / ATCC 24843)	Fungi	1630	False	3
Q8IVS8	Homo sapiens	Metazoa	523	False	3
Q86YT5	Homo sapiens	Metazoa	568	True	3
P03903	Mus musculus	Metazoa	98	True	3
O43008	Schizosaccharomyces pombe (strain 972 / ATCC 24843)	Fungi	300	False	3
P58467	Mus musculus	Metazoa	439	False	3
Q9QXK9	Mus musculus	Metazoa	374	False	3
Q00731	Mus musculus	Metazoa	392	False	3
Q9JLR5	Mus musculus	Metazoa	209	False	3
P52901	Arabidopsis thaliana	Viridiplantae	389	False	3
Q8IU68	Homo sapiens	Metazoa	726	False	3
Q18425	Caenorhabditis elegans	Metazoa	473	False	3
Q9FPR3	Arabidopsis thaliana	Viridiplantae	933	False	3
Q3E705	Saccharomyces cerevisiae (strain ATCC 204508 / S288c)	Fungi	233	False	3
Q8W1E3	Arabidopsis thaliana	Viridiplantae	298	False	3
Q9STF2	Arabidopsis thaliana	Viridiplantae	510	False	3
Q38845	Arabidopsis thaliana	Viridiplantae	588	False	3
P53914	Saccharomyces cerevisiae (strain ATCC 204508 / S288c)	Fungi	1056	False	3
Q9FKP4	Arabidopsis thaliana	Viridiplantae	1264	False	3
B5X582	Arabidopsis thaliana	Viridiplantae	709	False	3
Q9CQK7	Mus musculus	Metazoa	243	False	3
Q9C0N3	Neurospora crassa (strain ATCC 24698 / 74-OR23-1A / CBS 708.71 / DSM 1257 / FGSC 987)	Fungi	90	False	3
F4K6X0	Arabidopsis thaliana	Viridiplantae	121	False	3
Q9UT50	Schizosaccharomyces pombe (strain 972 / ATCC 24843)	Fungi	485	False	3
Q7RZ62	Neurospora crassa (strain ATCC 24698 / 74-OR23-1A / CBS 708.71 / DSM 1257 / FGSC 987)	Fungi	347	False	3
O78750	Ovis aries	Metazoa	227	True	3
Q80ZI2	Mus musculus	Metazoa	223	False	3
Q04891	Mus musculus	Metazoa	613	False	3
Q96BR5	Homo sapiens	Metazoa	231	False	3
Q20716	Caenorhabditis elegans	Metazoa	267	False	3
P42774	Arabidopsis thaliana	Viridiplantae	315	False	3
Q6P756	Rattus norvegicus	Metazoa	263	False	3
A2A8T7	Mus musculus	Metazoa	201	True	3
Q9UPV0	Homo sapiens	Metazoa	1460	False	3
P05982	Rattus norvegicus	Metazoa	274	False	3
Q9USJ8	Schizosaccharomyces pombe (strain 972 / ATCC 24843)	Fungi	218	False	3
Q7Z698	Homo sapiens	Metazoa	418	False	3
Q9ULV3	Homo sapiens	Metazoa	898	False	3
A2AMT1	Mus musculus	Metazoa	669	False	3
Q15125	Homo sapiens	Metazoa	230	True	3
P10174	Saccharomyces cerevisiae (strain ATCC 204508 / S288c)	Fungi	60	True	3
P22985	Rattus norvegicus	Metazoa	1331	False	3
Q06639	Saccharomyces cerevisiae (strain ATCC 204508 / S288c)	Fungi	885	False	3
Q8MUJ1	Drosophila melanogaster	Metazoa	415	True	3
Q6XUX1	Mus musculus	Metazoa	927	False	3
O14980	Homo sapiens	Metazoa	1071	False	3
P04637	Homo sapiens	Metazoa	393	False	3
P49957	Saccharomyces cerevisiae (strain ATCC 204508 / S288c)	Fungi	279	False	3
Q9M2X3	Arabidopsis thaliana	Viridiplantae	295	False	3
O82645	Arabidopsis thaliana	Viridiplantae	488	False	3
Q9UTK5	Schizosaccharomyces pombe (strain 972 / ATCC 24843)	Fungi	1727	False	3
P25573	Saccharomyces cerevisiae (strain ATCC 204508 / S288c)	Fungi	417	True	3
P53921	Saccharomyces cerevisiae (strain ATCC 204508 / S288c)	Fungi	115	False	3
Q12373	Saccharomyces cerevisiae (strain ATCC 204508 / S288c)	Fungi	385	False	3
Q8N5C6	Homo sapiens	Metazoa	995	False	3
A6NC51	Homo sapiens	Metazoa	233	True	3
P06105	Saccharomyces cerevisiae (strain ATCC 204508 / S288c)	Fungi	1222	False	3
Q9Y2Z4	Homo sapiens	Metazoa	477	False	3
Q9CQ86	Mus musculus	Metazoa	115	False	3
O15226	Homo sapiens	Metazoa	690	False	3
G5EE01	Caenorhabditis elegans	Metazoa	962	False	3
Q9FFH1	Arabidopsis thaliana	Viridiplantae	1694	False	3
P55197	Homo sapiens	Metazoa	1068	False	3
Q06505	Saccharomyces cerevisiae (strain ATCC 204508 / S288c)	Fungi	410	False	3
Q0P651	Homo sapiens	Metazoa	464	False	3
Q14146	Homo sapiens	Metazoa	1524	False	3
O75122	Homo sapiens	Metazoa	1294	False	3
Q7TSH3	Mus musculus	Metazoa	1157	False	3
Q37707	Artemia franciscana	Metazoa	53	True	3
Q12089	Saccharomyces cerevisiae (strain ATCC 204508 / S288c)	Fungi	606	False	3
Q07950	Saccharomyces cerevisiae (strain ATCC 204508 / S288c)	Fungi	538	True	3
P46676	Saccharomyces cerevisiae (strain ATCC 204508 / S288c)	Fungi	1062	False	3
Q04049	Saccharomyces cerevisiae (strain ATCC 204508 / S288c)	Fungi	632	False	3
Q8TAC2	Homo sapiens	Metazoa	188	False	3
Q6WN19	Rattus norvegicus	Metazoa	469	False	3
Q04089	Saccharomyces cerevisiae (strain ATCC 204508 / S288c)	Fungi	582	False	3
P53239	Saccharomyces cerevisiae (strain ATCC 204508 / S288c)	Fungi	316	False	3
P07272	Saccharomyces cerevisiae (strain ATCC 204508 / S288c)	Fungi	904	False	3
O75665	Homo sapiens	Metazoa	1012	False	3
Q949P2	Arabidopsis thaliana	Viridiplantae	701	False	3
Q9HBM1	Homo sapiens	Metazoa	224	False	3
Q10200	Schizosaccharomyces pombe (strain 972 / ATCC 24843)	Fungi	466	False	3
P53187	Saccharomyces cerevisiae (strain ATCC 204508 / S288c)	Fungi	214	False	3
Q9STG9	Arabidopsis thaliana	Viridiplantae	561	False	3
P40043	Saccharomyces cerevisiae (strain ATCC 204508 / S288c)	Fungi	161	False	3
Q9LK34	Arabidopsis thaliana	Viridiplantae	483	False	3
Q9FE22	Arabidopsis thaliana	Viridiplantae	292	False	3
Q9VJL6	Drosophila melanogaster	Metazoa	138	False	3
Q8WUM0	Homo sapiens	Metazoa	1156	False	3
O08816	Rattus norvegicus	Metazoa	501	False	3
Q5U5Q3	Homo sapiens	Metazoa	659	False	3
Q9WVC7	Rattus norvegicus	Metazoa	2314	False	3
Q585P3	Trypanosoma brucei brucei (strain 927/4 GUTat10.1)	Other	524	False	3
P32962	Arabidopsis thaliana	Viridiplantae	339	False	3
Q9Y2B4	Homo sapiens	Metazoa	290	False	3
Q6PII3	Homo sapiens	Metazoa	467	False	3
Q9C103	Schizosaccharomyces pombe (strain 972 / ATCC 24843)	Fungi	735	False	3
P53332	Saccharomyces cerevisiae (strain ATCC 204508 / S288c)	Fungi	305	False	3
Q07930	Saccharomyces cerevisiae (strain ATCC 204508 / S288c)	Fungi	204	False	3
Q9Y2V0	Homo sapiens	Metazoa	281	False	3
O80386	Arabidopsis thaliana	Viridiplantae	1058	False	3
Q96FQ6	Homo sapiens	Metazoa	103	False	3
P24846	Triticum aestivum	Viridiplantae	388	False	3
O13702	Schizosaccharomyces pombe (strain 972 / ATCC 24843)	Fungi	450	False	3
Q71BG9	Solanum lycopersicum	Viridiplantae	861	False	3
A0A076FFM5	Ocimum basilicum	Viridiplantae	523	False	3
P18289	Drosophila melanogaster	Metazoa	289	False	3
Q13495	Homo sapiens	Metazoa	774	False	3
Q99816	Homo sapiens	Metazoa	390	False	3
O14497	Homo sapiens	Metazoa	2285	False	3
Q8VY16	Arabidopsis thaliana	Viridiplantae	819	False	3
O42913	Schizosaccharomyces pombe (strain 972 / ATCC 24843)	Fungi	342	False	3
Q0IGK1	Arabidopsis thaliana	Viridiplantae	445	False	3
Q9D6Z0	Mus musculus	Metazoa	221	False	3
Q9W6G7	Xenopus laevis	Metazoa	463	False	3
Q9UT23	Schizosaccharomyces pombe (strain 972 / ATCC 24843)	Fungi	834	False	3
Q5TAQ9	Homo sapiens	Metazoa	597	False	3
Q9NAN2	Caenorhabditis elegans	Metazoa	309	False	3
Q924K8	Mus musculus	Metazoa	591	False	3
Q9NJP9	Trypanosoma brucei brucei	Other	512	False	3
A3BK75	Oryza sativa subsp. japonica	Viridiplantae	482	False	3
Q91WV7	Mus musculus	Metazoa	685	True	3
Q03774	Saccharomyces cerevisiae (strain ATCC 204508 / S288c)	Fungi	444	False	3
Q9VMD0	Drosophila melanogaster	Metazoa	1659	False	3
A6NDU8	Homo sapiens	Metazoa	294	False	3
F4J8G7	Arabidopsis thaliana	Viridiplantae	2138	False	3
Q9SE83	Arabidopsis thaliana	Viridiplantae	914	False	3
P53895	Saccharomyces cerevisiae (strain ATCC 204508 / S288c)	Fungi	289	False	3
Q8VEE1	Mus musculus	Metazoa	365	False	3
P50874	Saccharomyces cerevisiae (strain ATCC 204508 / S288c)	Fungi	479	False	3
P03874	Saccharomyces cerevisiae (strain ATCC 204508 / S288c)	Fungi	630	False	3
Q8VYM2	Arabidopsis thaliana	Viridiplantae	524	True	3
Q04430	Saccharomyces cerevisiae (strain ATCC 204508 / S288c)	Fungi	367	False	3
P13264	Rattus norvegicus	Metazoa	674	False	3
E1JH25	Drosophila melanogaster	Metazoa	1876	False	3
P83183	Eledone cirrhosa	Metazoa	84	False	3
P28625	Saccharomyces cerevisiae (strain ATCC 204508 / S288c)	Fungi	365	False	3
P25039	Saccharomyces cerevisiae (strain ATCC 204508 / S288c)	Fungi	761	False	3
Q9M1X2	Arabidopsis thaliana	Viridiplantae	279	False	3
Q68FY1	Rattus norvegicus	Metazoa	325	False	3
O74880	Schizosaccharomyces pombe (strain 972 / ATCC 24843)	Fungi	360	False	3
Q9LU93	Arabidopsis thaliana	Viridiplantae	209	False	3
Q53TN4	Homo sapiens	Metazoa	286	True	3
Q96GR2	Homo sapiens	Metazoa	724	False	3
Q6NXH3	Mus musculus	Metazoa	473	False	3
F4JXF1	Arabidopsis thaliana	Viridiplantae	581	False	3
P82347	Mus musculus	Metazoa	289	True	3
H9JBU5	Bombyx mori	Metazoa	157	True	3
Q96CU9	Homo sapiens	Metazoa	486	True	3
Q09142	Schizosaccharomyces pombe (strain 972 / ATCC 24843)	Fungi	499	False	3
Q5XF07	Arabidopsis thaliana	Viridiplantae	364	False	3
B0XTT5	Aspergillus fumigatus (strain CBS 144.89 / FGSC A1163 / CEA10)	Fungi	247	False	3
Q9H063	Homo sapiens	Metazoa	256	False	3
Q12262	Saccharomyces cerevisiae (strain ATCC 204508 / S288c)	Fungi	181	False	3
P82248	Spinacia oleracea	Viridiplantae	168	False	3
O82504	Arabidopsis thaliana	Viridiplantae	1133	False	3
Q9HA38	Homo sapiens	Metazoa	289	False	3
Q94CE5	Arabidopsis thaliana	Viridiplantae	504	False	3
Q8IUR7	Homo sapiens	Metazoa	673	False	3
P16649	Saccharomyces cerevisiae (strain ATCC 204508 / S288c)	Fungi	713	False	3
Q10067	Schizosaccharomyces pombe (strain 972 / ATCC 24843)	Fungi	690	False	3
Q40460	Nicotiana tabacum	Viridiplantae	442	False	3
Q8WUX9	Homo sapiens	Metazoa	453	False	3
P40471	Saccharomyces cerevisiae (strain ATCC 204508 / S288c)	Fungi	297	False	3
P23804	Mus musculus	Metazoa	489	False	3
P16547	Saccharomyces cerevisiae (strain ATCC 204508 / S288c)	Fungi	393	True	3
P29344	Spinacia oleracea	Viridiplantae	411	False	3
P46637	Arabidopsis thaliana	Viridiplantae	342	False	3
Q8RWX4	Arabidopsis thaliana	Viridiplantae	611	False	3
Q6PR54	Mus musculus	Metazoa	2419	False	3
Q8BWM0	Mus musculus	Metazoa	384	True	3
P61961	Mus musculus	Metazoa	85	False	3
Q7K556	Drosophila melanogaster	Metazoa	475	False	3
P53942	Saccharomyces cerevisiae (strain ATCC 204508 / S288c)	Fungi	307	False	3
Q9P0K7	Homo sapiens	Metazoa	980	False	3
Q9LMT7	Arabidopsis thaliana	Viridiplantae	478	False	3
Q96QU8	Homo sapiens	Metazoa	1125	False	3
Q8R4T5	Rattus norvegicus	Metazoa	394	False	3
Q94B35	Arabidopsis thaliana	Viridiplantae	466	False	3
Q63285	Rattus norvegicus	Metazoa	419	False	3
Q69XJ0	Oryza sativa subsp. japonica	Viridiplantae	295	False	3
Q06266	Saccharomyces cerevisiae (strain ATCC 204508 / S288c)	Fungi	489	False	3
Q90ZN1	Gallus gallus	Metazoa	177	True	3
Q8BLG0	Mus musculus	Metazoa	1010	False	3
Q9FFF4	Arabidopsis thaliana	Viridiplantae	477	False	3
P24813	Saccharomyces cerevisiae (strain ATCC 204508 / S288c)	Fungi	409	False	3
Q9M8K7	Arabidopsis thaliana	Viridiplantae	167	False	3
Q9Z0X1	Mus musculus	Metazoa	612	False	3
Q15004	Homo sapiens	Metazoa	111	False	3
Q6P6C2	Homo sapiens	Metazoa	394	False	3
Q9ASX5	Arabidopsis thaliana	Viridiplantae	540	False	3
Q06568	Saccharomyces cerevisiae (strain ATCC 204508 / S288c)	Fungi	189	False	3
Q9URT8	Schizosaccharomyces pombe (strain 972 / ATCC 24843)	Fungi	111	False	3
Q9VCX1	Drosophila melanogaster	Metazoa	1541	False	3
Q9LVD0	Arabidopsis thaliana	Viridiplantae	289	False	3
Q07335	Neurospora crassa (strain ATCC 24698 / 74-OR23-1A / CBS 708.71 / DSM 1257 / FGSC 987)	Fungi	154	True	3
P25364	Saccharomyces cerevisiae (strain ATCC 204508 / S288c)	Fungi	564	False	3
P34072	Saccharomyces cerevisiae (strain ATCC 204508 / S288c)	Fungi	584	False	3
P32792	Saccharomyces cerevisiae (strain ATCC 204508 / S288c)	Fungi	385	False	3
E9Q5G7	Mus musculus	Metazoa	496	False	3
Q7SIB8	Dryopteris crassirhizoma	Viridiplantae	102	False	3
P25398	Homo sapiens	Metazoa	132	False	3
Q96BT3	Homo sapiens	Metazoa	561	False	3
Q08202	Saccharomyces cerevisiae (strain ATCC 204508 / S288c)	Fungi	246	False	3
Q19404	Caenorhabditis elegans	Metazoa	442	False	3
Q8NAG6	Homo sapiens	Metazoa	615	False	3
P20143	Hordeum vulgare	Viridiplantae	143	False	3
O96759	Dictyostelium discoideum	Other	611	False	3
P78587	Candida albicans	Fungi	449	False	3
H2KYH4	Caenorhabditis elegans	Metazoa	392	False	3
Q8IEK7	Plasmodium falciparum (isolate 3D7)	Other	87	False	3
P29547	Saccharomyces cerevisiae (strain ATCC 204508 / S288c)	Fungi	415	False	3
Q9N5S3	Caenorhabditis elegans	Metazoa	365	False	3
Q7M750	Mus musculus	Metazoa	143	True	3
P41348	Spinacia oleracea	Viridiplantae	144	False	3
Q14657	Homo sapiens	Metazoa	143	False	3
A3R064	Gallus gallus	Metazoa	426	False	3
Q9LSB9	Arabidopsis thaliana	Viridiplantae	755	False	3
P54654	Dictyostelium discoideum	Other	464	False	3
O42661	Schizosaccharomyces pombe (strain 972 / ATCC 24843)	Fungi	117	False	3
Q0WPZ7	Arabidopsis thaliana	Viridiplantae	611	False	3
Q0WLC6	Arabidopsis thaliana	Viridiplantae	1089	False	3
P53743	Saccharomyces cerevisiae (strain ATCC 204508 / S288c)	Fungi	316	False	3
Q9H8M2	Homo sapiens	Metazoa	597	False	3
P13804	Homo sapiens	Metazoa	333	False	3
Q9BPY3	Homo sapiens	Metazoa	351	False	3
Q8K4Z2	Mus musculus	Metazoa	240	False	3
P40460	Saccharomyces cerevisiae (strain ATCC 204508 / S288c)	Fungi	691	False	3
Q02794	Saccharomyces cerevisiae (strain ATCC 204508 / S288c)	Fungi	444	False	3
Q86XA0	Homo sapiens	Metazoa	190	False	3
Q9Y3I1	Homo sapiens	Metazoa	522	False	3
Q5T4T1	Homo sapiens	Metazoa	132	True	3
Q6ZRQ5	Homo sapiens	Metazoa	1243	False	3
Q19087	Caenorhabditis elegans	Metazoa	470	False	3
Q9HCJ1	Homo sapiens	Metazoa	492	True	3
Q5VW36	Homo sapiens	Metazoa	1801	False	3
Q6P6J4	Mus musculus	Metazoa	239	False	3
Q15916	Homo sapiens	Metazoa	424	False	3
U3H042	Schizosaccharomyces pombe (strain 972 / ATCC 24843)	Fungi	264	False	3
Q9BTL3	Homo sapiens	Metazoa	118	False	3
Q6C7L6	Yarrowia lipolytica (strain CLIB 122 / E 150)	Fungi	237	False	3
Q00381	Saccharomyces cerevisiae (strain ATCC 204508 / S288c)	Fungi	147	False	3
P36037	Saccharomyces cerevisiae (strain ATCC 204508 / S288c)	Fungi	715	False	3
O22161	Arabidopsis thaliana	Viridiplantae	930	False	3
P78524	Homo sapiens	Metazoa	1137	False	3
P42847	Saccharomyces cerevisiae (strain ATCC 204508 / S288c)	Fungi	217	False	3
Q9Y7U4	Schizosaccharomyces pombe (strain 972 / ATCC 24843)	Fungi	328	False	3
P0DO23	Arabidopsis thaliana	Viridiplantae	394	False	3
O94355	Schizosaccharomyces pombe (strain 972 / ATCC 24843)	Fungi	240	False	3
P0CS82	Saccharomyces cerevisiae	Fungi	1483	False	3
P09440	Saccharomyces cerevisiae (strain ATCC 204508 / S288c)	Fungi	975	False	3
O74856	Schizosaccharomyces pombe (strain 972 / ATCC 24843)	Fungi	335	False	3
Q8WUQ7	Homo sapiens	Metazoa	758	False	3
Q3E7C1	Saccharomyces cerevisiae (strain ATCC 204508 / S288c)	Fungi	72	False	3
D3YZI9	Mus musculus	Metazoa	523	False	3
Q9SAC6	Arabidopsis thaliana	Viridiplantae	1399	False	3
Q9ESJ7	Mus musculus	Metazoa	259	False	3
Q8N9A8	Homo sapiens	Metazoa	125	True	3
P53867	Saccharomyces cerevisiae (strain ATCC 204508 / S288c)	Fungi	494	False	3
P38237	Saccharomyces cerevisiae (strain ATCC 204508 / S288c)	Fungi	781	False	3
Q9SMX1	Arabidopsis thaliana	Viridiplantae	571	False	3
Q5VTT2	Homo sapiens	Metazoa	229	False	3
A0A2K8FQU5	Catharanthus roseus	Viridiplantae	436	False	3
Q04083	Saccharomyces cerevisiae (strain ATCC 204508 / S288c)	Fungi	370	True	3
P38292	Saccharomyces cerevisiae (strain ATCC 204508 / S288c)	Fungi	413	True	3
Q8WVM0	Homo sapiens	Metazoa	346	False	3
D5LXJ0	Lotus japonicus	Viridiplantae	691	False	3
Q7JM44	Caenorhabditis elegans	Metazoa	2242	False	3
Q8T0D4	Drosophila melanogaster	Metazoa	299	False	3
P62942	Homo sapiens	Metazoa	108	False	3
P32585	Saccharomyces cerevisiae (strain ATCC 204508 / S288c)	Fungi	307	False	3
I3PB37	Petunia hybrida	Viridiplantae	544	False	3
P50534	Drosophila melanogaster	Metazoa	773	False	3
Q9DEX1	Xenopus laevis	Metazoa	560	False	3
P40237	Mus musculus	Metazoa	266	True	3
A0A509AQ68	Plasmodium berghei (strain Anka)	Other	446	False	3
P53088	Saccharomyces cerevisiae (strain ATCC 204508 / S288c)	Fungi	359	False	3
O43083	Schizosaccharomyces pombe (strain 972 / ATCC 24843)	Fungi	338	False	3
Q7S5W0	Neurospora crassa (strain ATCC 24698 / 74-OR23-1A / CBS 708.71 / DSM 1257 / FGSC 987)	Fungi	103	False	3
P53259	Saccharomyces cerevisiae (strain ATCC 204508 / S288c)	Fungi	346	False	3
Q9H211	Homo sapiens	Metazoa	546	False	3
Q9Y2U8	Homo sapiens	Metazoa	911	False	3
Q94AC8	Arabidopsis thaliana	Viridiplantae	274	False	3
O74113	Schizosaccharomyces pombe (strain 972 / ATCC 24843)	Fungi	638	False	3
Q06339	Saccharomyces cerevisiae (strain ATCC 204508 / S288c)	Fungi	672	False	3
P30902	Saccharomyces cerevisiae (strain ATCC 204508 / S288c)	Fungi	174	False	3
Q9D4W2	Mus musculus	Metazoa	315	False	3
Q9SJQ6	Arabidopsis thaliana	Viridiplantae	1393	False	3
A0A1S4BDC4	Nicotiana tabacum	Viridiplantae	790	False	3
Q9S814	Arabidopsis thaliana	Viridiplantae	1294	True	3
Q10336	Schizosaccharomyces pombe (strain 972 / ATCC 24843)	Fungi	327	False	3
Q7YUD6	Plasmodium falciparum	Other	669	True	3
Q1K4P1	Neurospora crassa (strain ATCC 24698 / 74-OR23-1A / CBS 708.71 / DSM 1257 / FGSC 987)	Fungi	129	False	3
Q9NZM4	Homo sapiens	Metazoa	1560	False	3
Q5QJE6	Homo sapiens	Metazoa	756	False	3
Q5U419	Mus musculus	Metazoa	412	True	3
P52591	Rattus norvegicus	Metazoa	1199	True	3
P63242	Mus musculus	Metazoa	154	False	3
Q9BQG0	Homo sapiens	Metazoa	1328	False	3
A0A7P0TBJ1	Homo sapiens	Metazoa	273	False	3
Q96B42	Homo sapiens	Metazoa	140	True	3
A0A254TZW7	Aspergillus niger	Fungi	524	True	3
P62806	Mus musculus	Metazoa	103	False	3
Q9JHR9	Mus musculus	Metazoa	270	False	3
J9VQC4	Cryptococcus neoformans (strain H99 / ATCC 208821 / CBS 10515 / FGSC 9487)	Fungi	366	True	3
Q12032	Saccharomyces cerevisiae (strain ATCC 204508 / S288c)	Fungi	185	False	3
Q8MIR4	Sus scrofa	Metazoa	562	False	3
P53165	Saccharomyces cerevisiae (strain ATCC 204508 / S288c)	Fungi	657	False	3
Q9H582	Homo sapiens	Metazoa	1327	False	3
Q21952	Caenorhabditis elegans	Metazoa	490	False	3
Q96BU1	Homo sapiens	Metazoa	408	False	3
Q8N7J2	Homo sapiens	Metazoa	671	False	3
Q9BWF2	Homo sapiens	Metazoa	469	False	3
Q8NC24	Homo sapiens	Metazoa	303	True	3
G5ECD9	Caenorhabditis elegans	Metazoa	321	True	3
P59382	Rattus norvegicus	Metazoa	212	False	3
P11860	Mytilus californianus	Metazoa	45	False	3
Q10341	Schizosaccharomyces pombe (strain 972 / ATCC 24843)	Fungi	504	False	3
Q9ULE6	Homo sapiens	Metazoa	856	False	3
O80669	Arabidopsis thaliana	Viridiplantae	141	False	3
Q9LZ60	Arabidopsis thaliana	Viridiplantae	115	False	3
F4IS91	Arabidopsis thaliana	Viridiplantae	1340	False	3
Q96T49	Homo sapiens	Metazoa	567	False	3
Q6P4R8	Homo sapiens	Metazoa	1299	False	3
Q5ND52	Mus musculus	Metazoa	418	False	3
Q9BSI4	Homo sapiens	Metazoa	451	False	3
Q9LRH6	Arabidopsis thaliana	Viridiplantae	309	False	3
Q9VBX1	Drosophila melanogaster	Metazoa	992	False	3
Q69YI7	Homo sapiens	Metazoa	327	False	3
Q27368	Drosophila melanogaster	Metazoa	805	False	3
Q96E35	Homo sapiens	Metazoa	227	False	3
B6TTV8	Zea mays	Viridiplantae	498	False	3
Q2EMV9	Mus musculus	Metazoa	1817	False	3
Q1K730	Neurospora crassa (strain ATCC 24698 / 74-OR23-1A / CBS 708.71 / DSM 1257 / FGSC 987)	Fungi	447	False	3
Q01992	Rattus norvegicus	Metazoa	710	False	3
F4IF36	Arabidopsis thaliana	Viridiplantae	1295	False	3
P28519	Saccharomyces cerevisiae (strain ATCC 204508 / S288c)	Fungi	371	False	3
P38782	Saccharomyces cerevisiae (strain ATCC 204508 / S288c)	Fungi	295	False	3
Q7S4E0	Neurospora crassa (strain ATCC 24698 / 74-OR23-1A / CBS 708.71 / DSM 1257 / FGSC 987)	Fungi	165	False	3
Q9FGR0	Arabidopsis thaliana	Viridiplantae	1442	False	3
Q39057	Arabidopsis thaliana	Viridiplantae	373	False	3
P36631	Schizosaccharomyces pombe (strain 972 / ATCC 24843)	Fungi	468	False	3
Q3S4A7	Arabidopsis thaliana	Viridiplantae	922	False	3
A0A1D5PRR9	Gallus gallus	Metazoa	2041	False	3
P89105	Saccharomyces cerevisiae (strain ATCC 204508 / S288c)	Fungi	1077	False	3
Q9UH99	Homo sapiens	Metazoa	717	False	3
P38074	Saccharomyces cerevisiae (strain ATCC 204508 / S288c)	Fungi	348	False	3
Q945P1	Arabidopsis thaliana	Viridiplantae	317	False	3
Q96DX5	Homo sapiens	Metazoa	294	False	3
Q9R1L5	Mus musculus	Metazoa	1570	False	3
Q9H0E3	Homo sapiens	Metazoa	1048	False	3
O35047	Mus musculus	Metazoa	217	False	3
Q8TF40	Homo sapiens	Metazoa	1166	False	3
Q9FEC1	Arabidopsis thaliana	Viridiplantae	172	False	3
P22354	Saccharomyces cerevisiae (strain ATCC 204508 / S288c)	Fungi	195	False	3
Q9ER99	Mus musculus	Metazoa	582	False	3
Q96JB5	Homo sapiens	Metazoa	506	False	3
Q03018	Saccharomyces cerevisiae (strain ATCC 204508 / S288c)	Fungi	1630	False	3
Q8BMB0	Mus musculus	Metazoa	1264	False	3
Q93WG3	Arabidopsis thaliana	Viridiplantae	294	False	3
A8J785	Chlamydomonas reinhardtii	Viridiplantae	209	True	3
Q9DBL9	Mus musculus	Metazoa	351	False	3
P26755	Saccharomyces cerevisiae (strain ATCC 204508 / S288c)	Fungi	122	False	3
Q8IX21	Homo sapiens	Metazoa	1173	False	3
Q9BTP7	Homo sapiens	Metazoa	215	False	3
Q9CQX8	Mus musculus	Metazoa	102	False	3
P38060	Mus musculus	Metazoa	325	False	3
Q9H8K7	Homo sapiens	Metazoa	445	False	3
O82245	Arabidopsis thaliana	Viridiplantae	196	True	3
Q60415	Cricetulus griseus	Metazoa	299	False	3
Q04712	Saccharomyces cerevisiae (strain ATCC 204508 / S288c)	Fungi	507	False	3
O43164	Homo sapiens	Metazoa	708	False	3
Q86VE9	Homo sapiens	Metazoa	423	True	3
Q8R010	Mus musculus	Metazoa	320	False	3
Q8R4T1	Mus musculus	Metazoa	145	False	3
P53063	Saccharomyces cerevisiae (strain ATCC 204508 / S288c)	Fungi	387	False	3
P09925	Mus musculus	Metazoa	306	True	3
P25637	Saccharomyces cerevisiae (strain ATCC 204508 / S288c)	Fungi	258	False	3
Q9Y315	Homo sapiens	Metazoa	318	False	3
O94444	Schizosaccharomyces pombe (strain 972 / ATCC 24843)	Fungi	243	False	3
Q9CQJ2	Mus musculus	Metazoa	290	False	3
Q6DN90	Homo sapiens	Metazoa	963	False	3
O13800	Schizosaccharomyces pombe (strain 972 / ATCC 24843)	Fungi	230	False	3
Q00416	Saccharomyces cerevisiae (strain ATCC 204508 / S288c)	Fungi	2231	False	3
P26017	Drosophila melanogaster	Metazoa	390	False	3
Q767K8	Sus scrofa	Metazoa	258	False	3
Q7SB95	Neurospora crassa (strain ATCC 24698 / 74-OR23-1A / CBS 708.71 / DSM 1257 / FGSC 987)	Fungi	117	False	3
Q921W0	Mus musculus	Metazoa	196	False	3
Q9C552	Arabidopsis thaliana	Viridiplantae	753	False	3
Q8CIV7	Mus musculus	Metazoa	274	False	3
Q8WV93	Homo sapiens	Metazoa	481	False	3
Q8C206	Mus musculus	Metazoa	330	True	3
Q22557	Caenorhabditis elegans	Metazoa	368	False	3
Q86MD3	Caenorhabditis elegans	Metazoa	509	False	3
Q8N684	Homo sapiens	Metazoa	471	False	3
P04271	Homo sapiens	Metazoa	92	False	3
Q9BSF0	Homo sapiens	Metazoa	95	False	3
Q9LMK5	Arabidopsis thaliana	Viridiplantae	160	False	3
Q93654	Caenorhabditis elegans	Metazoa	245	False	3
Q9U2M1	Caenorhabditis elegans	Metazoa	1499	False	3
Q14116	Homo sapiens	Metazoa	193	False	3
Q03798	Saccharomyces cerevisiae (strain ATCC 204508 / S288c)	Fungi	255	True	3
Q02685	Saccharomyces cerevisiae (strain ATCC 204508 / S288c)	Fungi	241	False	3
Q8K1Z0	Mus musculus	Metazoa	313	False	3
Q940X9	Arabidopsis thaliana	Viridiplantae	826	False	3
F4IHS2	Arabidopsis thaliana	Viridiplantae	3574	False	3
Q80T69	Mus musculus	Metazoa	795	False	3
Q8W4I6	Arabidopsis thaliana	Viridiplantae	660	False	3
Q9SJX7	Arabidopsis thaliana	Viridiplantae	433	False	3
Q9UHH9	Homo sapiens	Metazoa	426	False	3
Q08874	Mus musculus	Metazoa	526	False	3
Q13562	Homo sapiens	Metazoa	356	False	3
Q6NXG1	Homo sapiens	Metazoa	681	False	3
Q9NWU2	Homo sapiens	Metazoa	228	False	3
P07199	Homo sapiens	Metazoa	599	False	3
Q9V727	Drosophila melanogaster	Metazoa	1669	False	3
Q9BSF8	Homo sapiens	Metazoa	475	False	3
B7SXM5	Danio rerio	Metazoa	180	False	3
P34706	Caenorhabditis elegans	Metazoa	2150	False	3
Q96RY5	Homo sapiens	Metazoa	1269	False	3
Q9H6E5	Homo sapiens	Metazoa	874	False	3
Q42529	Arabidopsis thaliana	Viridiplantae	312	False	3
Q38893	Arabidopsis thaliana	Viridiplantae	558	False	3
Q4PSU4	Arabidopsis thaliana	Viridiplantae	264	False	3
Q96Q11	Homo sapiens	Metazoa	434	False	3
Q3URS9	Mus musculus	Metazoa	406	False	3
Q64MA3	Oryza sativa subsp. japonica	Viridiplantae	629	False	3
Q61127	Mus musculus	Metazoa	525	False	3
P40057	Saccharomyces cerevisiae (strain ATCC 204508 / S288c)	Fungi	128	False	3
Q9ZW33	Arabidopsis thaliana	Viridiplantae	83	False	3
Q06623	Saccharomyces cerevisiae (strain ATCC 204508 / S288c)	Fungi	655	False	3
Q9VKM1	Drosophila melanogaster	Metazoa	843	False	3
Q9JJR2	Mus musculus	Metazoa	179	False	3
Q15257	Homo sapiens	Metazoa	358	False	3
P46983	Saccharomyces cerevisiae (strain ATCC 204508 / S288c)	Fungi	293	False	3
Q9NPC7	Homo sapiens	Metazoa	610	False	3
P51808	Homo sapiens	Metazoa	116	False	3
Q80VA5	Mus musculus	Metazoa	1289	False	3
Q9H6U6	Homo sapiens	Metazoa	928	False	3
Q76JU9	Mus musculus	Metazoa	300	True	3
Q99569	Homo sapiens	Metazoa	1192	False	3
P19889	Drosophila melanogaster	Metazoa	317	False	3
Q94230	Caenorhabditis elegans	Metazoa	226	False	3
P32103	Euplotes eurystomus	Other	135	False	3
Q23973	Drosophila melanogaster	Metazoa	217	False	3
Q9VC45	Drosophila melanogaster	Metazoa	1954	False	3
Q6Q4D0	Arabidopsis thaliana	Viridiplantae	1311	False	3
Q9ZST9	Pisum sativum	Viridiplantae	252	False	3
Q8N196	Homo sapiens	Metazoa	739	False	3
P47120	Saccharomyces cerevisiae (strain ATCC 204508 / S288c)	Fungi	325	False	3
O13978	Schizosaccharomyces pombe (strain 972 / ATCC 24843)	Fungi	184	False	3
P30047	Homo sapiens	Metazoa	84	False	3
Q12318	Saccharomyces cerevisiae (strain ATCC 204508 / S288c)	Fungi	242	False	3
Q24434	Drosophila melanogaster	Metazoa	479	False	3
P33399	Saccharomyces cerevisiae (strain ATCC 204508 / S288c)	Fungi	275	False	3
Q12952	Homo sapiens	Metazoa	345	False	3
Q16385	Homo sapiens	Metazoa	188	False	3
Q96RL1	Homo sapiens	Metazoa	719	False	3
Q03079	Saccharomyces cerevisiae (strain ATCC 204508 / S288c)	Fungi	207	False	3
P25642	Saccharomyces cerevisiae (strain ATCC 204508 / S288c)	Fungi	146	False	3
P36517	Saccharomyces cerevisiae (strain ATCC 204508 / S288c)	Fungi	319	False	3
Q9VRJ0	Drosophila melanogaster	Metazoa	726	False	3
F4JCX9	Arabidopsis thaliana	Viridiplantae	663	False	3
Q923Q2	Mus musculus	Metazoa	1113	False	3
Q56VL3	Homo sapiens	Metazoa	154	False	3
O74417	Schizosaccharomyces pombe (strain 972 / ATCC 24843)	Fungi	497	False	3
Q383Q5	Trypanosoma brucei brucei (strain 927/4 GUTat10.1)	Other	209	False	3
Q8IHY1	Plasmodium falciparum (isolate 3D7)	Other	4226	False	3
P38779	Saccharomyces cerevisiae (strain ATCC 204508 / S288c)	Fungi	376	False	3
P25583	Saccharomyces cerevisiae (strain ATCC 204508 / S288c)	Fungi	335	False	3
P10518	Mus musculus	Metazoa	330	False	3
P53241	Saccharomyces cerevisiae (strain ATCC 204508 / S288c)	Fungi	593	False	3
Q19541	Caenorhabditis elegans	Metazoa	169	False	3
C6KSN4	Plasmodium falciparum (isolate 3D7)	Other	2368	False	3
Q8GWP5	Arabidopsis thaliana	Viridiplantae	426	False	3
Q9FJI1	Arabidopsis thaliana	Viridiplantae	178	False	3
P27815	Homo sapiens	Metazoa	886	False	3
O77512	Bos taurus	Metazoa	295	False	3
Q80ZQ9	Mus musculus	Metazoa	193	False	3
P10849	Saccharomyces cerevisiae (strain ATCC 204508 / S288c)	Fungi	440	False	3
Q9FJN9	Arabidopsis thaliana	Viridiplantae	220	False	3
P40064	Saccharomyces cerevisiae (strain ATCC 204508 / S288c)	Fungi	1391	False	3
Q5M755	Arabidopsis thaliana	Viridiplantae	273	False	3
P06843	Saccharomyces cerevisiae (strain ATCC 204508 / S288c)	Fungi	333	False	3
Q9S7I0	Arabidopsis thaliana	Viridiplantae	1307	False	3
O00198	Homo sapiens	Metazoa	91	True	3
Q659A1	Homo sapiens	Metazoa	982	False	3
O94358	Schizosaccharomyces pombe (strain 972 / ATCC 24843)	Fungi	845	False	3
Q9W2H9	Drosophila melanogaster	Metazoa	541	False	3
Q9NTM9	Homo sapiens	Metazoa	273	False	3
Q9VLD6	Drosophila melanogaster	Metazoa	315	False	3
O42636	Neurospora crassa (strain ATCC 24698 / 74-OR23-1A / CBS 708.71 / DSM 1257 / FGSC 987)	Fungi	278	False	3
Q8GWE0	Arabidopsis thaliana	Viridiplantae	702	False	3
Q9BQ48	Homo sapiens	Metazoa	92	False	3
Q1LZ24	Drosophila melanogaster	Metazoa	586	False	3
Q8BQR4	Mus musculus	Metazoa	486	False	3
Q99990	Homo sapiens	Metazoa	258	False	3
Q84JF5	Arabidopsis thaliana	Viridiplantae	483	False	3
P08468	Saccharomyces cerevisiae (strain ATCC 204508 / S288c)	Fungi	800	False	3
Q9M2N5	Arabidopsis thaliana	Viridiplantae	696	False	3
Q04868	Saccharomyces cerevisiae (strain ATCC 204508 / S288c)	Fungi	273	False	3
Q9ASW3	Arabidopsis thaliana	Viridiplantae	471	False	3
Q9FME4	Arabidopsis thaliana	Viridiplantae	521	False	3
Q66GP9	Arabidopsis thaliana	Viridiplantae	561	False	3
Q9BQ95	Homo sapiens	Metazoa	431	False	3
Q14432	Homo sapiens	Metazoa	1141	True	3
Q12291	Saccharomyces cerevisiae (strain ATCC 204508 / S288c)	Fungi	365	False	3
Q3E747	Saccharomyces cerevisiae (strain ATCC 204508 / S288c)	Fungi	85	False	3
P25441	Saccharomyces cerevisiae (strain ATCC 204508 / S288c)	Fungi	422	False	3
P53277	Saccharomyces cerevisiae (strain ATCC 204508 / S288c)	Fungi	215	False	3
Q8N567	Homo sapiens	Metazoa	271	False	3
O13985	Schizosaccharomyces pombe (strain 972 / ATCC 24843)	Fungi	512	False	3
Q9Y2D1	Homo sapiens	Metazoa	282	False	3
Q0GGX2	Mus musculus	Metazoa	1363	False	3
Q9FGN7	Arabidopsis thaliana	Viridiplantae	726	False	3
J3QMY9	Mus musculus	Metazoa	579	False	3
P41005	Schizosaccharomyces pombe (strain 972 / ATCC 24843)	Fungi	101	False	3
O00270	Homo sapiens	Metazoa	319	True	3
Q18508	Caenorhabditis elegans	Metazoa	1784	False	3
Q6UJY2	Mus musculus	Metazoa	1175	True	3
Q9FLS8	Arabidopsis thaliana	Viridiplantae	478	False	3
P07332	Homo sapiens	Metazoa	822	False	3
Q9SZI6	Arabidopsis thaliana	Viridiplantae	352	False	3
P15796	Caenorhabditis elegans	Metazoa	191	False	3
Q7TPD6	Mus musculus	Metazoa	673	False	3
O08573	Mus musculus	Metazoa	353	False	3
Q12040	Saccharomyces cerevisiae (strain ATCC 204508 / S288c)	Fungi	230	False	3
Q9Y7Q7	Schizosaccharomyces pombe (strain 972 / ATCC 24843)	Fungi	973	False	3
O08691	Mus musculus	Metazoa	354	False	3
Q940Z2	Arabidopsis thaliana	Viridiplantae	724	False	3
A0A1C3NSL9	Caenorhabditis elegans	Metazoa	1644	False	3
Q965H3	Caenorhabditis elegans	Metazoa	735	False	3
Q06667	Saccharomyces cerevisiae (strain ATCC 204508 / S288c)	Fungi	281	False	3
Q8VYZ5	Arabidopsis thaliana	Viridiplantae	900	False	3
A4D2B0	Homo sapiens	Metazoa	266	False	3
P49922	Sus scrofa	Metazoa	328	True	3
Q9VB46	Drosophila melanogaster	Metazoa	579	True	3
P48837	Saccharomyces cerevisiae (strain ATCC 204508 / S288c)	Fungi	541	False	3
Q06089	Saccharomyces cerevisiae (strain ATCC 204508 / S288c)	Fungi	161	True	3
P09594	Spinacia oleracea	Viridiplantae	199	False	3
O02696	Sus scrofa	Metazoa	877	False	3
Q99705	Homo sapiens	Metazoa	353	True	3
Q6T938	Danio rerio	Metazoa	355	False	3
Q8LGI2	Arabidopsis thaliana	Viridiplantae	454	False	3
Q04073	Strongylocentrotus purpuratus	Metazoa	459	False	3
P54310	Mus musculus	Metazoa	759	False	3
Q96RQ1	Homo sapiens	Metazoa	377	True	3
P29617	Drosophila melanogaster	Metazoa	1703	False	3
Q9NQ92	Homo sapiens	Metazoa	184	False	3
Q9N4U5	Caenorhabditis elegans	Metazoa	547	False	3
Q6IDB0	Arabidopsis thaliana	Viridiplantae	193	False	3
Q23064	Caenorhabditis elegans	Metazoa	1041	False	3
P15387	Rattus norvegicus	Metazoa	857	False	3
Q9NRR8	Homo sapiens	Metazoa	79	False	3
Q03750	Saccharomyces cerevisiae (strain ATCC 204508 / S288c)	Fungi	510	False	3
Q9FNB0	Arabidopsis thaliana	Viridiplantae	1381	False	3
Q8NCN4	Homo sapiens	Metazoa	708	False	3
O43137	Saccharomyces cerevisiae (strain ATCC 204508 / S288c)	Fungi	85	False	3
P02381	Saccharomyces cerevisiae (strain ATCC 204508 / S288c)	Fungi	398	False	3
Q5A4H5	Candida albicans (strain SC5314 / ATCC MYA-2876)	Fungi	731	False	3
P53911	Saccharomyces cerevisiae (strain ATCC 204508 / S288c)	Fungi	425	False	3
Q9QWV4	Mus musculus	Metazoa	267	False	3
Q71SY5	Homo sapiens	Metazoa	747	False	3
Q9STY0	Arabidopsis thaliana	Viridiplantae	227	True	3
P40459	Saccharomyces cerevisiae (strain ATCC 204508 / S288c)	Fungi	309	False	3
Q86WV1	Homo sapiens	Metazoa	359	False	3
P39769	Drosophila melanogaster	Metazoa	1589	False	3
O35710	Mus musculus	Metazoa	429	False	3
Q9GZZ9	Homo sapiens	Metazoa	404	False	3
Q10204	Schizosaccharomyces pombe (strain 972 / ATCC 24843)	Fungi	250	False	3
Q9DC70	Mus musculus	Metazoa	224	False	3
Q15080	Homo sapiens	Metazoa	339	False	3
Q9C8J7	Arabidopsis thaliana	Viridiplantae	509	False	3
Q42588	Arabidopsis thaliana	Viridiplantae	314	False	3
Q9HFR0	Schizosaccharomyces pombe (strain 972 / ATCC 24843)	Fungi	437	False	3
Q8WV24	Homo sapiens	Metazoa	401	False	3
Q8VZ20	Arabidopsis thaliana	Viridiplantae	314	False	3
Q7TNK1	Mus musculus	Metazoa	735	False	3
Q8K459	Mus musculus	Metazoa	51	False	3
Q92982	Homo sapiens	Metazoa	152	True	3
Q57UZ7	Trypanosoma brucei brucei (strain 927/4 GUTat10.1)	Other	550	False	3
Q9W3E2	Drosophila melanogaster	Metazoa	1195	False	3
P0DI83	Homo sapiens	Metazoa	198	False	3
Q6IQ55	Homo sapiens	Metazoa	1244	False	3
Q08687	Saccharomyces cerevisiae (strain ATCC 204508 / S288c)	Fungi	178	False	3
Q96KM6	Homo sapiens	Metazoa	892	False	3
Q8L3X9	Arabidopsis thaliana	Viridiplantae	461	False	3
Q67UU9	Oryza sativa subsp. japonica	Viridiplantae	426	False	3
P0DJ07	Homo sapiens	Metazoa	73	True	3
Q9GZP8	Homo sapiens	Metazoa	106	False	3
O64750	Arabidopsis thaliana	Viridiplantae	186	False	3
Q15022	Homo sapiens	Metazoa	739	False	3
Q9XTB5	Caenorhabditis elegans	Metazoa	500	False	3
Q9D4H9	Mus musculus	Metazoa	941	False	3
Q8L7Z0	Arabidopsis thaliana	Viridiplantae	720	True	3
Q9LR91	Arabidopsis thaliana	Viridiplantae	319	False	3
Q5MIZ7	Homo sapiens	Metazoa	849	False	3
P53251	Saccharomyces cerevisiae (strain ATCC 204508 / S288c)	Fungi	210	False	3
O94494	Schizosaccharomyces pombe (strain 972 / ATCC 24843)	Fungi	277	False	3
P40481	Saccharomyces cerevisiae (strain ATCC 204508 / S288c)	Fungi	377	False	3
D3ZKT0	Rattus norvegicus	Metazoa	337	False	3
Q19LA2	Colocasia esculenta	Viridiplantae	84	False	3
Q05958	Saccharomyces cerevisiae (strain ATCC 204508 / S288c)	Fungi	814	False	3
Q8K1N1	Mus musculus	Metazoa	776	False	3
O17386	Caenorhabditis elegans	Metazoa	458	True	3
Q9EQ61	Mus musculus	Metazoa	584	False	3
O75937	Homo sapiens	Metazoa	253	False	3
O93956	Emericella nidulans (strain FGSC A4 / ATCC 38163 / CBS 112.46 / NRRL 194 / M139)	Fungi	549	True	3
Q9Y3A4	Homo sapiens	Metazoa	280	False	3
Q9Y4K3	Homo sapiens	Metazoa	522	False	3
O60934	Homo sapiens	Metazoa	754	False	3
Q04370	Saccharomyces cerevisiae (strain ATCC 204508 / S288c)	Fungi	399	True	3
Q53HV7	Homo sapiens	Metazoa	270	False	3
Q8R3H9	Mus musculus	Metazoa	386	False	3
Q03713	Saccharomyces cerevisiae (strain ATCC 204508 / S288c)	Fungi	159	True	3
Q17602	Caenorhabditis elegans	Metazoa	1390	False	3
Q07418	Saccharomyces cerevisiae (strain ATCC 204508 / S288c)	Fungi	342	False	3
Q84JZ6	Arabidopsis thaliana	Viridiplantae	244	False	3
P14693	Saccharomyces cerevisiae (strain ATCC 204508 / S288c)	Fungi	329	False	3
Q5AMH6	Candida albicans (strain SC5314 / ATCC MYA-2876)	Fungi	821	False	3
Q65ZG8	Caenorhabditis elegans	Metazoa	597	False	3
P26188	Saccharomyces cerevisiae (strain ATCC 204508 / S288c)	Fungi	188	False	3
Q18919	Caenorhabditis elegans	Metazoa	558	False	3
Q8H1E5	Arabidopsis thaliana	Viridiplantae	783	False	3
Q19203	Caenorhabditis elegans	Metazoa	310	False	3
O22265	Arabidopsis thaliana	Viridiplantae	373	False	3
Q21446	Caenorhabditis elegans	Metazoa	539	False	3
Q9UPR3	Homo sapiens	Metazoa	1016	False	3
Q93YF5	Nicotiana tabacum	Viridiplantae	704	False	3
Q1ZXQ0	Dictyostelium discoideum	Other	1019	False	3
P33759	Saccharomyces cerevisiae (strain ATCC 204508 / S288c)	Fungi	307	False	3
P47118	Saccharomyces cerevisiae (strain ATCC 204508 / S288c)	Fungi	141	False	3
P43244	Rattus norvegicus	Metazoa	845	False	3
O43114	Schizosaccharomyces pombe (strain 972 / ATCC 24843)	Fungi	455	False	3
P25644	Saccharomyces cerevisiae (strain ATCC 204508 / S288c)	Fungi	796	False	3
P54861	Saccharomyces cerevisiae (strain ATCC 204508 / S288c)	Fungi	757	False	3
O35144	Mus musculus	Metazoa	541	False	3
Q24134	Drosophila melanogaster	Metazoa	578	False	3
O14318	Schizosaccharomyces pombe (strain 972 / ATCC 24843)	Fungi	295	False	3
P53220	Saccharomyces cerevisiae (strain ATCC 204508 / S288c)	Fungi	239	True	3
Q80WE4	Mus musculus	Metazoa	1774	False	3
P82137	Spinacia oleracea	Viridiplantae	165	False	3
P42166	Homo sapiens	Metazoa	694	False	3
P34567	Caenorhabditis elegans	Metazoa	376	False	3
Q10414	Schizosaccharomyces pombe (strain 972 / ATCC 24843)	Fungi	561	False	3
Q9R037	Rattus norvegicus	Metazoa	908	False	3
Q9UT17	Schizosaccharomyces pombe (strain 972 / ATCC 24843)	Fungi	328	False	3
Q9HCU8	Homo sapiens	Metazoa	107	False	3
Q12513	Saccharomyces cerevisiae (strain ATCC 204508 / S288c)	Fungi	150	False	3
Q9FJK3	Arabidopsis thaliana	Viridiplantae	321	False	3
Q9H9T3	Homo sapiens	Metazoa	547	False	3
Q4V7C6	Rattus norvegicus	Metazoa	693	False	3
A0JN39	Bos taurus	Metazoa	953	False	3
O74485	Schizosaccharomyces pombe (strain 972 / ATCC 24843)	Fungi	581	False	3
Q9VV87	Drosophila melanogaster	Metazoa	316	True	3
O60053	Schizosaccharomyces pombe (strain 972 / ATCC 24843)	Fungi	440	False	3
P60879	Mus musculus	Metazoa	206	False	3
Q9VYD1	Drosophila melanogaster	Metazoa	2313	False	3
O94259	Schizosaccharomyces pombe (strain 972 / ATCC 24843)	Fungi	327	False	3
Q93V66	Arabidopsis thaliana	Viridiplantae	226	False	3
Q09M02	Mus musculus	Metazoa	886	False	3
Q2NND9	Arabidopsis thaliana	Viridiplantae	371	False	3
Q84ST4	Oryza sativa subsp. japonica	Viridiplantae	343	False	3
P61581	Homo sapiens	Metazoa	75	False	3
Q49MI3	Homo sapiens	Metazoa	558	False	3
P41541	Bos taurus	Metazoa	961	False	3
P20000	Bos taurus	Metazoa	520	False	3
P04040	Homo sapiens	Metazoa	527	False	3
Q9Z1P6	Mus musculus	Metazoa	113	False	3
Q6K271	Oryza sativa subsp. japonica	Viridiplantae	738	False	3
Q9FIX1	Arabidopsis thaliana	Viridiplantae	172	False	3
Q12046	Saccharomyces cerevisiae (strain ATCC 204508 / S288c)	Fungi	339	False	3
P40012	Saccharomyces cerevisiae (strain ATCC 204508 / S288c)	Fungi	539	False	3
Q920G9	Mus musculus	Metazoa	524	False	3
Q64267	Mus musculus	Metazoa	272	False	3
Q91876	Xenopus laevis	Metazoa	720	False	3
P49107	Arabidopsis thaliana	Viridiplantae	171	False	3
Q8CGU4	Rattus norvegicus	Metazoa	1186	False	3
Q7XJJ7	Arabidopsis thaliana	Viridiplantae	607	False	3
Q64702	Mus musculus	Metazoa	925	False	3
P10080	Saccharomyces cerevisiae (strain ATCC 204508 / S288c)	Fungi	294	False	3
Q8WWV3	Homo sapiens	Metazoa	396	False	3
Q6RFH5	Homo sapiens	Metazoa	385	False	3
C8V329	Emericella nidulans (strain FGSC A4 / ATCC 38163 / CBS 112.46 / NRRL 194 / M139)	Fungi	508	True	3
Q69ZK0	Mus musculus	Metazoa	1650	False	3
Q9ZU51	Arabidopsis thaliana	Viridiplantae	147	False	3
P92949	Arabidopsis thaliana	Viridiplantae	725	True	3
Q62209	Mus musculus	Metazoa	993	False	3
Q12020	Saccharomyces cerevisiae (strain ATCC 204508 / S288c)	Fungi	392	False	3
Q9FN03	Arabidopsis thaliana	Viridiplantae	440	False	3
Q9QYJ6	Rattus norvegicus	Metazoa	794	False	3
Q9W252	Drosophila melanogaster	Metazoa	1318	False	3
Q9P0Z9	Homo sapiens	Metazoa	390	False	3
P50402	Homo sapiens	Metazoa	254	False	3
Q6DBR6	Danio rerio	Metazoa	334	False	3
O55230	Mus musculus	Metazoa	329	False	3
Q9P7Y0	Schizosaccharomyces pombe (strain 972 / ATCC 24843)	Fungi	395	False	3
Q8N0S6	Homo sapiens	Metazoa	344	False	3
Q56X52	Arabidopsis thaliana	Viridiplantae	351	False	3
L7N1X6	Mus musculus	Metazoa	466	False	3
Q9C7C4	Arabidopsis thaliana	Viridiplantae	327	False	3
Q7S2C2	Neurospora crassa (strain ATCC 24698 / 74-OR23-1A / CBS 708.71 / DSM 1257 / FGSC 987)	Fungi	119	False	3
P46959	Saccharomyces cerevisiae (strain ATCC 204508 / S288c)	Fungi	383	False	3
Q7SAJ1	Neurospora crassa (strain ATCC 24698 / 74-OR23-1A / CBS 708.71 / DSM 1257 / FGSC 987)	Fungi	236	False	3
Q9VGL8	Drosophila melanogaster	Metazoa	363	False	3
F6VAN0	Mus musculus	Metazoa	656	False	3
G5ECG2	Caenorhabditis elegans	Metazoa	467	False	3
Q9UTH0	Schizosaccharomyces pombe (strain 972 / ATCC 24843)	Fungi	1162	False	3
P04038	Bos taurus	Metazoa	74	True	3
Q5HYJ3	Homo sapiens	Metazoa	339	False	3
A5A6S6	Oryctolagus cuniculus	Metazoa	295	True	3
O13777	Schizosaccharomyces pombe (strain 972 / ATCC 24843)	Fungi	217	False	3
P38687	Saccharomyces cerevisiae (strain ATCC 204508 / S288c)	Fungi	599	False	3
Q9NWT6	Homo sapiens	Metazoa	349	False	3
Q6ZPR5	Mus musculus	Metazoa	823	False	3
P39749	Mus musculus	Metazoa	378	False	3
P62847	Homo sapiens	Metazoa	133	False	3
Q53EK2	Schizosaccharomyces pombe (strain 972 / ATCC 24843)	Fungi	232	False	3
Q08024	Mus musculus	Metazoa	187	False	3
Q9HGP5	Schizosaccharomyces pombe (strain 972 / ATCC 24843)	Fungi	268	False	3
P10688	Rattus norvegicus	Metazoa	756	False	3
F4I443	Arabidopsis thaliana	Viridiplantae	714	False	3
P11836	Homo sapiens	Metazoa	297	True	3
O49292	Arabidopsis thaliana	Viridiplantae	260	False	3
Q16617	Homo sapiens	Metazoa	165	True	3
Q9FJW3	Arabidopsis thaliana	Viridiplantae	82	True	3
Q9SLJ2	Arabidopsis thaliana	Viridiplantae	98	False	3
Q08959	Saccharomyces cerevisiae (strain ATCC 204508 / S288c)	Fungi	321	False	3
Q15436	Homo sapiens	Metazoa	765	False	3
Q9NRN9	Homo sapiens	Metazoa	209	False	3
Q86Y26	Homo sapiens	Metazoa	1132	False	3
Q86WB0	Homo sapiens	Metazoa	502	False	3
Q15843	Homo sapiens	Metazoa	81	False	3
O55003	Mus musculus	Metazoa	187	False	3
O94478	Schizosaccharomyces pombe (strain 972 / ATCC 24843)	Fungi	420	False	3
Q12349	Saccharomyces cerevisiae (strain ATCC 204508 / S288c)	Fungi	124	False	3
P39717	Saccharomyces cerevisiae (strain ATCC 204508 / S288c)	Fungi	880	False	4
P46970	Saccharomyces cerevisiae (strain ATCC 204508 / S288c)	Fungi	1048	False	4
P06774	Saccharomyces cerevisiae (strain ATCC 204508 / S288c)	Fungi	265	False	4
O43924	Homo sapiens	Metazoa	150	False	4
A0A161CFW5	Trypanosoma brucei brucei	Other	305	False	4
Q7K4V4	Drosophila melanogaster	Metazoa	244	False	4
P82413	Spinacia oleracea	Viridiplantae	233	False	4
Q9M2Q6	Arabidopsis thaliana	Viridiplantae	354	False	4
P36136	Saccharomyces cerevisiae (strain ATCC 204508 / S288c)	Fungi	271	False	4
Q504Q3	Homo sapiens	Metazoa	1202	False	4
Q5DT39	Rattus norvegicus	Metazoa	243	True	4
P49334	Saccharomyces cerevisiae (strain ATCC 204508 / S288c)	Fungi	152	False	4
Q02983	Saccharomyces cerevisiae (strain ATCC 204508 / S288c)	Fungi	363	False	4
P00813	Homo sapiens	Metazoa	363	False	4
Q682U6	Arabidopsis thaliana	Viridiplantae	316	False	4
Q9NPI6	Homo sapiens	Metazoa	582	False	4
Q9VKB9	Drosophila melanogaster	Metazoa	1341	False	4
Q03482	Saccharomyces cerevisiae (strain ATCC 204508 / S288c)	Fungi	75	False	4
Q3V2A7	Mus musculus	Metazoa	592	False	4
Q7Z2D5	Homo sapiens	Metazoa	763	True	4
Q7YTB0	Bombyx mori	Metazoa	661	False	4
O94993	Homo sapiens	Metazoa	753	False	4
Q9LVA9	Arabidopsis thaliana	Viridiplantae	420	False	4
O09174	Mus musculus	Metazoa	381	False	4
P47043	Saccharomyces cerevisiae (strain ATCC 204508 / S288c)	Fungi	880	False	4
P07274	Saccharomyces cerevisiae (strain ATCC 204508 / S288c)	Fungi	126	False	4
Q9JJY3	Mus musculus	Metazoa	655	False	4
P34111	Saccharomyces cerevisiae (strain ATCC 204508 / S288c)	Fungi	1160	False	4
Q8NG31	Homo sapiens	Metazoa	2342	False	4
Q9LXX5	Arabidopsis thaliana	Viridiplantae	262	False	4
Q9C469	Schizosaccharomyces pombe (strain 972 / ATCC 24843)	Fungi	648	False	4
Q9NZB2	Homo sapiens	Metazoa	1118	False	4
Q9Y5Q9	Homo sapiens	Metazoa	886	False	4
Q14005	Homo sapiens	Metazoa	1332	False	4
P53083	Saccharomyces cerevisiae (strain ATCC 204508 / S288c)	Fungi	459	False	4
Q8WXU2	Homo sapiens	Metazoa	420	False	4
Q940H2	Arabidopsis thaliana	Viridiplantae	237	False	4
Q9NZQ3	Homo sapiens	Metazoa	722	False	4
O43597	Homo sapiens	Metazoa	315	False	4
P87133	Schizosaccharomyces pombe (strain 972 / ATCC 24843)	Fungi	121	False	4
Q8R3P9	Mus musculus	Metazoa	1054	False	4
Q9VXE6	Drosophila melanogaster	Metazoa	1883	False	4
P40757	Aquarana catesbeiana	Metazoa	484	False	4
Q9NZN3	Homo sapiens	Metazoa	535	False	4
Q9FGS4	Arabidopsis thaliana	Viridiplantae	718	False	4
Q96CM3	Homo sapiens	Metazoa	377	False	4
Q9H816	Homo sapiens	Metazoa	532	False	4
Q9D6J6	Mus musculus	Metazoa	248	False	4
Q12400	Saccharomyces cerevisiae (strain ATCC 204508 / S288c)	Fungi	293	False	4
Q9CQ75	Mus musculus	Metazoa	99	False	4
Q14249	Homo sapiens	Metazoa	297	False	4
G4MWZ7	Pyricularia oryzae (strain 70-15 / ATCC MYA-4617 / FGSC 8958)	Fungi	702	False	4
Q15311	Homo sapiens	Metazoa	655	False	4
P29539	Saccharomyces cerevisiae (strain ATCC 204508 / S288c)	Fungi	1916	False	4
P23492	Mus musculus	Metazoa	289	False	4
P24499	Trypanosoma brucei brucei	Other	229	True	4
P53734	Saccharomyces cerevisiae (strain ATCC 204508 / S288c)	Fungi	629	False	4
Q96HS1	Homo sapiens	Metazoa	289	True	4
Q5EAF2	Arabidopsis thaliana	Viridiplantae	334	False	4
P83214	Octopus vulgaris	Metazoa	56	False	4
P17629	Saccharomyces cerevisiae (strain ATCC 204508 / S288c)	Fungi	752	False	4
O14146	Schizosaccharomyces pombe (strain 972 / ATCC 24843)	Fungi	159	False	4
P53238	Saccharomyces cerevisiae (strain ATCC 204508 / S288c)	Fungi	335	False	4
Q5H9F3	Homo sapiens	Metazoa	1785	False	4
Q9BRP8	Homo sapiens	Metazoa	204	False	4
P56671	Mus musculus	Metazoa	477	False	4
O94621	Schizosaccharomyces pombe (strain 972 / ATCC 24843)	Fungi	365	False	4
O14013	Schizosaccharomyces pombe (strain 972 / ATCC 24843)	Fungi	556	False	4
Q9Y5Z4	Homo sapiens	Metazoa	205	False	4
Q9UII2	Homo sapiens	Metazoa	106	False	4
Q9N4M4	Caenorhabditis elegans	Metazoa	8545	False	4
Q13216	Homo sapiens	Metazoa	396	False	4
Q91ZW6	Rattus norvegicus	Metazoa	421	False	4
Q9Z2D6	Mus musculus	Metazoa	484	False	4
Q9CA67	Arabidopsis thaliana	Viridiplantae	467	False	4
P19426	Mus musculus	Metazoa	375	False	4
P24867	Saccharomyces cerevisiae (strain ATCC 204508 / S288c)	Fungi	279	False	4
Q9LS02	Arabidopsis thaliana	Viridiplantae	253	False	4
Q9P7U2	Schizosaccharomyces pombe (strain 972 / ATCC 24843)	Fungi	351	False	4
Q9NWV8	Homo sapiens	Metazoa	329	False	4
Q9N5A8	Caenorhabditis elegans	Metazoa	228	False	4
Q93VR9	Arabidopsis thaliana	Viridiplantae	326	False	4
F4JCU0	Arabidopsis thaliana	Viridiplantae	1007	False	4
Q8R526	Mus musculus	Metazoa	2615	False	4
Q9C8R8	Arabidopsis thaliana	Viridiplantae	711	False	4
O00154	Homo sapiens	Metazoa	380	False	4
Q09808	Schizosaccharomyces pombe (strain 972 / ATCC 24843)	Fungi	152	False	4
O35826	Rattus norvegicus	Metazoa	722	False	4
O13992	Schizosaccharomyces pombe (strain 972 / ATCC 24843)	Fungi	965	False	4
P27707	Homo sapiens	Metazoa	260	False	4
Q384Y1	Trypanosoma brucei brucei (strain 927/4 GUTat10.1)	Other	929	False	4
Q3EBC8	Arabidopsis thaliana	Viridiplantae	1388	False	4
Q8H1F7	Arabidopsis thaliana	Viridiplantae	332	False	4
Q9NX08	Homo sapiens	Metazoa	183	False	4
Q07896	Saccharomyces cerevisiae (strain ATCC 204508 / S288c)	Fungi	663	False	4
O21619	Ovis aries	Metazoa	261	True	4
O13758	Schizosaccharomyces pombe (strain 972 / ATCC 24843)	Fungi	361	False	4
F4K410	Arabidopsis thaliana	Viridiplantae	675	False	4
D3YN49	Xenopus laevis	Metazoa	316	False	4
P82403	Spinacia oleracea	Viridiplantae	211	False	4
Q9SNB6	Arabidopsis thaliana	Viridiplantae	395	False	4
Q9UMX3	Homo sapiens	Metazoa	212	False	4
P24482	Saccharomyces cerevisiae (strain ATCC 204508 / S288c)	Fungi	689	False	4
O74443	Schizosaccharomyces pombe (strain 972 / ATCC 24843)	Fungi	272	False	4
Q1K528	Neurospora crassa (strain ATCC 24698 / 74-OR23-1A / CBS 708.71 / DSM 1257 / FGSC 987)	Fungi	82	True	4
Q80TS7	Mus musculus	Metazoa	710	False	4
P40493	Saccharomyces cerevisiae (strain ATCC 204508 / S288c)	Fungi	336	False	4
O94643	Schizosaccharomyces pombe (strain 972 / ATCC 24843)	Fungi	441	False	4
Q08457	Saccharomyces cerevisiae (strain ATCC 204508 / S288c)	Fungi	257	False	4
Q873E4	Neurospora crassa (strain ATCC 24698 / 74-OR23-1A / CBS 708.71 / DSM 1257 / FGSC 987)	Fungi	240	False	4
Q20481	Caenorhabditis elegans	Metazoa	287	False	4
Q8BQP9	Mus musculus	Metazoa	257	False	4
Q60465	Cricetulus longicaudatus	Metazoa	590	False	4
P18296	Schizosaccharomyces pombe (strain 972 / ATCC 24843)	Fungi	1828	False	4
Q9BY12	Homo sapiens	Metazoa	1400	False	4
Q5ZEP9	Caenorhabditis elegans	Metazoa	281	False	4
Q92585	Homo sapiens	Metazoa	1016	False	4
F4HXY7	Arabidopsis thaliana	Viridiplantae	425	True	4
P14618	Homo sapiens	Metazoa	531	False	4
Q9GRT1	Leishmania mexicana	Other	350	False	4
P22136	Saccharomyces cerevisiae (strain ATCC 204508 / S288c)	Fungi	580	False	4
Q96EB1	Homo sapiens	Metazoa	424	False	4
B9F1C0	Oryza sativa subsp. japonica	Viridiplantae	1709	False	4
Q3E798	Saccharomyces cerevisiae (strain ATCC 204508 / S288c)	Fungi	87	True	4
F4HYD7	Arabidopsis thaliana	Viridiplantae	467	False	4
O94225	Penicillium rubens (strain ATCC 28089 / DSM 1075 / NRRL 1951 / Wisconsin 54-1255)	Fungi	474	False	4
Q93008	Homo sapiens	Metazoa	2554	False	4
Q8NFT6	Homo sapiens	Metazoa	615	False	4
P11325	Saccharomyces cerevisiae (strain ATCC 204508 / S288c)	Fungi	894	False	4
Q41062	Pisum sativum	Viridiplantae	1011	False	4
P52594	Homo sapiens	Metazoa	562	False	4
Q4V835	Xenopus laevis	Metazoa	838	False	4
Q9QY24	Mus musculus	Metazoa	411	False	4
P18494	Saccharomyces cerevisiae (strain ATCC 204508 / S288c)	Fungi	730	False	4
G5EED4	Caenorhabditis elegans	Metazoa	655	False	4
P29590	Homo sapiens	Metazoa	882	False	4
Q13492	Homo sapiens	Metazoa	652	False	4
Q9SFU0	Arabidopsis thaliana	Viridiplantae	1038	False	4
Q9SSW0	Arabidopsis thaliana	Viridiplantae	193	False	4
Q00757	Emericella nidulans (strain FGSC A4 / ATCC 38163 / CBS 112.46 / NRRL 194 / M139)	Fungi	916	False	4
Q6NVU6	Homo sapiens	Metazoa	218	False	4
P82929	Bos taurus	Metazoa	218	False	4
Q91YD4	Mus musculus	Metazoa	1506	False	4
Q96IZ2	Homo sapiens	Metazoa	230	True	4
O75387	Homo sapiens	Metazoa	559	True	4
Q8BWT5	Mus musculus	Metazoa	1523	False	4
P15847	Plasmodium falciparum	Other	184	False	4
Q8K0U3	Mus musculus	Metazoa	198	True	4
P58557	Homo sapiens	Metazoa	167	False	4
Q9W413	Drosophila melanogaster	Metazoa	544	False	4
Q9UDY8	Homo sapiens	Metazoa	824	False	4
P42073	Saccharomyces cerevisiae (strain ATCC 204508 / S288c)	Fungi	533	False	4
Q8IY22	Homo sapiens	Metazoa	773	False	4
P53808	Mus musculus	Metazoa	214	False	4
Q7Z7H8	Homo sapiens	Metazoa	261	False	4
P93758	Arabidopsis thaliana	Viridiplantae	274	False	4
Q9NUK0	Homo sapiens	Metazoa	354	False	4
O74405	Schizosaccharomyces pombe (strain 972 / ATCC 24843)	Fungi	381	False	4
P46681	Saccharomyces cerevisiae (strain ATCC 204508 / S288c)	Fungi	530	False	4
Q00497	Solanum lycopersicum	Viridiplantae	300	False	4
Q9BY77	Homo sapiens	Metazoa	421	False	4
Q42512	Arabidopsis thaliana	Viridiplantae	139	False	4
Q6CLY8	Kluyveromyces lactis (strain ATCC 8585 / CBS 2359 / DSM 70799 / NBRC 1267 / NRRL Y-1140 / WM37)	Fungi	368	False	4
Q9GZZ1	Homo sapiens	Metazoa	169	False	4
P53170	Saccharomyces cerevisiae (strain ATCC 204508 / S288c)	Fungi	491	False	4
B9DGI8	Arabidopsis thaliana	Viridiplantae	314	False	4
P49654	Rattus norvegicus	Metazoa	397	True	4
Q9P6P2	Schizosaccharomyces pombe (strain 972 / ATCC 24843)	Fungi	279	False	4
Q8SXD4	Drosophila melanogaster	Metazoa	1122	False	4
O23299	Arabidopsis thaliana	Viridiplantae	240	False	4
Q6A037	Mus musculus	Metazoa	893	False	4
Q08831	Saccharomyces cerevisiae (strain ATCC 204508 / S288c)	Fungi	523	False	4
Q8L7F7	Arabidopsis thaliana	Viridiplantae	739	False	4
Q99PQ2	Mus musculus	Metazoa	467	False	4
Q6P4H8	Homo sapiens	Metazoa	233	True	4
P38937	Schizosaccharomyces pombe (strain 972 / ATCC 24843)	Fungi	262	False	4
Q6PI48	Homo sapiens	Metazoa	645	False	4
Q18171	Caenorhabditis elegans	Metazoa	424	False	4
A0A140LI88	Mus musculus	Metazoa	1857	False	4
Q4PIR3	Schizosaccharomyces pombe (strain 972 / ATCC 24843)	Fungi	250	False	4
Q10953	Caenorhabditis elegans	Metazoa	796	False	4
P39689	Mus musculus	Metazoa	159	False	4
Q9UUG9	Schizosaccharomyces pombe (strain 972 / ATCC 24843)	Fungi	1339	False	4
Q8TDU6	Homo sapiens	Metazoa	330	True	4
Q9LVS0	Arabidopsis thaliana	Viridiplantae	365	False	4
P08970	Drosophila melanogaster	Metazoa	941	False	4
Q9ULU4	Homo sapiens	Metazoa	1186	False	4
O14291	Schizosaccharomyces pombe (strain 972 / ATCC 24843)	Fungi	313	False	4
P00966	Homo sapiens	Metazoa	412	False	4
Q9NUL7	Homo sapiens	Metazoa	540	False	4
Q5ANE3	Candida albicans (strain SC5314 / ATCC MYA-2876)	Fungi	170	True	4
P51959	Homo sapiens	Metazoa	295	False	4
Q3E823	Saccharomyces cerevisiae (strain ATCC 204508 / S288c)	Fungi	68	False	4
Q9FNJ9	Arabidopsis thaliana	Viridiplantae	482	False	4
O13983	Schizosaccharomyces pombe (strain 972 / ATCC 24843)	Fungi	1063	False	4
Q11107	Caenorhabditis elegans	Metazoa	2248	False	4
Q86U90	Homo sapiens	Metazoa	279	False	4
Q9BZR8	Homo sapiens	Metazoa	327	False	4
Q9S720	Arabidopsis thaliana	Viridiplantae	247	False	4
Q9UTI3	Schizosaccharomyces pombe (strain 972 / ATCC 24843)	Fungi	177	False	4
Q12072	Saccharomyces cerevisiae (strain ATCC 204508 / S288c)	Fungi	812	False	4
Q86TG7	Homo sapiens	Metazoa	708	False	4
P53255	Saccharomyces cerevisiae (strain ATCC 204508 / S288c)	Fungi	507	False	4
Q9SMS0	Arabidopsis thaliana	Viridiplantae	249	False	4
F4IY03	Arabidopsis thaliana	Viridiplantae	332	False	4
P38781	Saccharomyces cerevisiae (strain ATCC 204508 / S288c)	Fungi	883	False	4
P25038	Saccharomyces cerevisiae (strain ATCC 204508 / S288c)	Fungi	676	False	4
Q94BV2	Arabidopsis thaliana	Viridiplantae	181	False	4
Q8N5Y2	Homo sapiens	Metazoa	521	False	4
Q8N2Y8	Homo sapiens	Metazoa	1516	False	4
Q12343	Saccharomyces cerevisiae (strain ATCC 204508 / S288c)	Fungi	284	False	4
Q5EAW4	Xenopus laevis	Metazoa	860	False	4
Q12830	Homo sapiens	Metazoa	3046	False	4
Q9HD33	Homo sapiens	Metazoa	250	False	4
Q80Z29	Rattus norvegicus	Metazoa	491	False	4
P80147	Sus scrofa	Metazoa	500	False	4
P52923	Saccharomyces cerevisiae (strain ATCC 204508 / S288c)	Fungi	378	True	4
O43313	Homo sapiens	Metazoa	823	False	4
Q8RWI0	Arabidopsis thaliana	Viridiplantae	391	True	4
P80470	Spinacia oleracea	Viridiplantae	199	False	4
P84090	Homo sapiens	Metazoa	104	False	4
Q9WTR1	Mus musculus	Metazoa	756	False	4
A0A0S2UWC9	Petunia hybrida	Viridiplantae	249	False	4
Q07980	Saccharomyces cerevisiae (strain ATCC 204508 / S288c)	Fungi	695	False	4
Q9Z1K6	Mus musculus	Metazoa	492	False	4
P63002	Mus musculus	Metazoa	197	False	4
Q9LES4	Arabidopsis thaliana	Viridiplantae	483	False	4
U9W8F2	Neurospora crassa (strain ATCC 24698 / 74-OR23-1A / CBS 708.71 / DSM 1257 / FGSC 987)	Fungi	110	False	4
Q9BYC2	Homo sapiens	Metazoa	517	False	4
Q6UL01	Mus musculus	Metazoa	79	False	4
P48634	Homo sapiens	Metazoa	2157	False	4
F4I1T7	Arabidopsis thaliana	Viridiplantae	1819	False	4
O95782	Homo sapiens	Metazoa	977	False	4
P82024	Spinacia oleracea	Viridiplantae	180	False	4
Q9LQF2	Arabidopsis thaliana	Viridiplantae	551	False	4
P21651	Saccharomyces cerevisiae (strain ATCC 204508 / S288c)	Fungi	314	False	4
Q9W3M3	Drosophila melanogaster	Metazoa	2219	False	4
P78563	Homo sapiens	Metazoa	741	False	4
Q8TAE8	Homo sapiens	Metazoa	222	False	4
O74388	Schizosaccharomyces pombe (strain 972 / ATCC 24843)	Fungi	301	False	4
Q9FX31	Arabidopsis thaliana	Viridiplantae	722	False	4
Q02521	Saccharomyces cerevisiae (strain ATCC 204508 / S288c)	Fungi	185	False	4
Q94IN5	Euglena gracilis	Other	1803	False	4
Q8C5S7	Mus musculus	Metazoa	591	False	4
O49570	Arabidopsis thaliana	Viridiplantae	650	False	4
O94294	Schizosaccharomyces pombe (strain 972 / ATCC 24843)	Fungi	886	False	4
O64973	Arabidopsis thaliana	Viridiplantae	889	False	4
Q8NBA8	Homo sapiens	Metazoa	298	False	4
Q03898	Saccharomyces cerevisiae (strain ATCC 204508 / S288c)	Fungi	291	False	4
P38557	Arabidopsis thaliana	Viridiplantae	474	False	4
Q8H157	Arabidopsis thaliana	Viridiplantae	585	True	4
Q9M1E7	Arabidopsis thaliana	Viridiplantae	285	True	4
P29467	Saccharomyces cerevisiae (strain ATCC 204508 / S288c)	Fungi	408	False	4
Q9BY66	Homo sapiens	Metazoa	1539	False	4
P19536	Mus musculus	Metazoa	128	False	4
Q6F6B5	Arabidopsis thaliana	Viridiplantae	741	False	4
P49903	Homo sapiens	Metazoa	392	False	4
P14866	Homo sapiens	Metazoa	589	False	4
Q7TS55	Mus musculus	Metazoa	173	True	4
Q8I4V8	Plasmodium falciparum (isolate 3D7)	Other	304	False	4
Q8K136	Mus musculus	Metazoa	229	False	4
Q91XU0	Mus musculus	Metazoa	660	False	4
Q9R1C0	Mus musculus	Metazoa	341	False	4
Q689G9	Oryza sativa subsp. japonica	Viridiplantae	518	False	4
O13919	Schizosaccharomyces pombe (strain 972 / ATCC 24843)	Fungi	1075	False	4
Q8K3G9	Mus musculus	Metazoa	662	False	4
P34227	Saccharomyces cerevisiae (strain ATCC 204508 / S288c)	Fungi	261	False	4
Q12143	Saccharomyces cerevisiae (strain ATCC 204508 / S288c)	Fungi	216	False	4
Q12308	Saccharomyces cerevisiae (strain ATCC 204508 / S288c)	Fungi	588	False	4
Q54TN2	Dictyostelium discoideum	Other	580	False	4
A1Z8F4	Drosophila melanogaster	Metazoa	2577	False	4
Q93YN0	Arabidopsis thaliana	Viridiplantae	187	False	4
Q20497	Caenorhabditis elegans	Metazoa	3498	False	4
Q02046	Saccharomyces cerevisiae (strain ATCC 204508 / S288c)	Fungi	320	False	4
Q10423	Schizosaccharomyces pombe (strain 972 / ATCC 24843)	Fungi	258	False	4
Q91YR5	Mus musculus	Metazoa	698	False	4
P53835	Saccharomyces cerevisiae (strain ATCC 204508 / S288c)	Fungi	661	True	4
P38911	Saccharomyces cerevisiae (strain ATCC 204508 / S288c)	Fungi	411	False	4
Q9Z2D7	Mus musculus	Metazoa	554	False	4
Q9HFF5	Schizosaccharomyces pombe (strain 972 / ATCC 24843)	Fungi	1205	False	4
Q8IEF6	Plasmodium falciparum (isolate 3D7)	Other	414	False	4
Q9JKD9	Mus musculus	Metazoa	465	False	4
Q54KF1	Dictyostelium discoideum	Other	1158	False	4
Q4VC33	Mus musculus	Metazoa	396	False	4
P47085	Saccharomyces cerevisiae (strain ATCC 204508 / S288c)	Fungi	338	False	4
O60671	Homo sapiens	Metazoa	282	False	4
Q10422	Schizosaccharomyces pombe (strain 972 / ATCC 24843)	Fungi	297	False	4
Q9NW75	Homo sapiens	Metazoa	528	False	4
Q8NDZ2	Homo sapiens	Metazoa	872	False	4
Q8BUV3	Mus musculus	Metazoa	769	False	4
Q27607	Drosophila melanogaster	Metazoa	1145	False	4
Q9W0K4	Drosophila melanogaster	Metazoa	1067	False	4
P38282	Saccharomyces cerevisiae (strain ATCC 204508 / S288c)	Fungi	291	False	4
Q8L7E5	Arabidopsis thaliana	Viridiplantae	703	False	4
Q8C6L5	Mus musculus	Metazoa	507	False	4
W0RYD3	Oryza sativa subsp. japonica	Viridiplantae	2135	False	4
Q9H814	Homo sapiens	Metazoa	394	False	4
D3Z3K2	Mus musculus	Metazoa	276	False	4
P50531	Schizosaccharomyces pombe (strain 972 / ATCC 24843)	Fungi	606	False	4
Q64442	Mus musculus	Metazoa	357	False	4
Q9FG37	Arabidopsis thaliana	Viridiplantae	838	False	4
O94397	Schizosaccharomyces pombe (strain 972 / ATCC 24843)	Fungi	344	False	4
Q8LFW5	Arabidopsis thaliana	Viridiplantae	277	False	4
Q9V9V9	Drosophila melanogaster	Metazoa	200	False	4
G5EDW7	Caenorhabditis elegans	Metazoa	386	False	4
Q8TDV2	Homo sapiens	Metazoa	347	True	4
Q9M4B5	Arabidopsis thaliana	Viridiplantae	129	False	4
O14277	Schizosaccharomyces pombe (strain 972 / ATCC 24843)	Fungi	203	False	4
Q8GXR9	Arabidopsis thaliana	Viridiplantae	519	False	4
Q9C5S1	Arabidopsis thaliana	Viridiplantae	784	False	4
Q641G7	Xenopus laevis	Metazoa	168	False	4
Q15428	Homo sapiens	Metazoa	464	False	4
Q96DG6	Homo sapiens	Metazoa	245	False	4
P53201	Saccharomyces cerevisiae (strain ATCC 204508 / S288c)	Fungi	476	False	4
Q5N829	Oryza sativa subsp. japonica	Viridiplantae	953	False	4
Q9P6M3	Schizosaccharomyces pombe (strain 972 / ATCC 24843)	Fungi	210	False	4
Q501D5	Arabidopsis thaliana	Viridiplantae	589	False	4
Q7KRI2	Drosophila melanogaster	Metazoa	127	False	4
E7F568	Danio rerio	Metazoa	1343	False	4
Q9UNQ2	Homo sapiens	Metazoa	313	False	4
P39952	Saccharomyces cerevisiae (strain ATCC 204508 / S288c)	Fungi	402	False	4
F4I2H7	Arabidopsis thaliana	Viridiplantae	790	False	4
P24349	Caenorhabditis elegans	Metazoa	1201	False	4
A0A8I6ASZ5	Rattus norvegicus	Metazoa	666	False	4
Q8BGC4	Mus musculus	Metazoa	377	False	4
L0R8F8	Homo sapiens	Metazoa	70	False	4
Q13868	Homo sapiens	Metazoa	293	False	4
O43716	Homo sapiens	Metazoa	136	False	4
P30279	Homo sapiens	Metazoa	289	False	4
Q80WK2	Mus musculus	Metazoa	128	True	4
Q8BL80	Mus musculus	Metazoa	702	False	4
A0A509AFM3	Plasmodium berghei (strain Anka)	Other	304	True	4
Q9NVH0	Homo sapiens	Metazoa	621	True	4
Q08923	Saccharomyces cerevisiae (strain ATCC 204508 / S288c)	Fungi	506	False	4
Q05905	Saccharomyces cerevisiae (strain ATCC 204508 / S288c)	Fungi	244	False	4
P28350	Neurospora crassa (strain ATCC 24698 / 74-OR23-1A / CBS 708.71 / DSM 1257 / FGSC 987)	Fungi	1093	False	4
A0A1S4FPC9	Aedes aegypti	Metazoa	3364	False	4
O48917	Arabidopsis thaliana	Viridiplantae	477	False	4
P02314	Gallus gallus	Metazoa	90	False	4
Q08558	Saccharomyces cerevisiae (strain ATCC 204508 / S288c)	Fungi	271	False	4
Q8IAX8	Plasmodium falciparum (isolate 3D7)	Other	248	False	4
P22798	Spinacia oleracea	Viridiplantae	271	False	4
Q8VYD2	Arabidopsis thaliana	Viridiplantae	386	False	4
Q92351	Schizosaccharomyces pombe (strain 972 / ATCC 24843)	Fungi	1208	False	4
Q9Y228	Homo sapiens	Metazoa	551	False	4
Q949Q5	Arabidopsis thaliana	Viridiplantae	140	True	4
Q8CJ00	Mus musculus	Metazoa	444	False	4
P09234	Homo sapiens	Metazoa	159	False	4
Q5SS91	Mus musculus	Metazoa	320	True	4
Q12497	Saccharomyces cerevisiae (strain ATCC 204508 / S288c)	Fungi	93	False	4
Q9UHX1	Homo sapiens	Metazoa	559	False	4
P58234	Schizosaccharomyces pombe (strain 972 / ATCC 24843)	Fungi	144	False	4
P68350	Arabidopsis thaliana	Viridiplantae	175	False	4
P34087	Saccharomyces cerevisiae (strain ATCC 204508 / S288c)	Fungi	171	False	4
Q9BXJ9	Homo sapiens	Metazoa	866	False	4
Q07555	Saccharomyces cerevisiae (strain ATCC 204508 / S288c)	Fungi	291	False	4
P09118	Rattus norvegicus	Metazoa	303	False	4
Q9UTA6	Schizosaccharomyces pombe (strain 972 / ATCC 24843)	Fungi	303	False	4
P36177	Euglena gracilis	Other	538	False	4
P22572	Neurospora crassa (strain ATCC 24698 / 74-OR23-1A / CBS 708.71 / DSM 1257 / FGSC 987)	Fungi	453	False	4
P29374	Homo sapiens	Metazoa	1257	False	4
Q9U7D5	Caenorhabditis elegans	Metazoa	611	True	4
Q9Z0Y7	Mus musculus	Metazoa	1216	False	4
P56394	Mus musculus	Metazoa	63	False	4
Q9H4K7	Homo sapiens	Metazoa	406	False	4
Q4KMM3	Mus musculus	Metazoa	866	False	4
Q3UN04	Mus musculus	Metazoa	517	True	4
Q9FVR6	Arabidopsis thaliana	Viridiplantae	296	False	4
P39946	Saccharomyces cerevisiae (strain ATCC 204508 / S288c)	Fungi	494	False	4
Q9FJW4	Arabidopsis thaliana	Viridiplantae	154	False	4
Q10164	Schizosaccharomyces pombe (strain 972 / ATCC 24843)	Fungi	1229	False	4
Q9LZP8	Arabidopsis thaliana	Viridiplantae	146	False	4
O64759	Arabidopsis thaliana	Viridiplantae	569	True	4
Q09873	Schizosaccharomyces pombe (strain 972 / ATCC 24843)	Fungi	420	False	4
Q9U1H0	Drosophila melanogaster	Metazoa	1832	False	4
Q53GS7	Homo sapiens	Metazoa	698	False	4
O75496	Homo sapiens	Metazoa	209	False	4
Q8TCY5	Homo sapiens	Metazoa	172	True	4
O43482	Homo sapiens	Metazoa	229	False	4
P40318	Saccharomyces cerevisiae (strain ATCC 204508 / S288c)	Fungi	1319	False	4
O70433	Mus musculus	Metazoa	279	False	4
Q9JJG9	Mus musculus	Metazoa	693	False	4
Q86YV9	Homo sapiens	Metazoa	775	False	4
O08574	Mus musculus	Metazoa	370	False	4
Q558Z2	Dictyostelium discoideum	Other	905	False	4
Q7X7A4	Oryza sativa subsp. japonica	Viridiplantae	475	False	4
P34164	Saccharomyces cerevisiae (strain ATCC 204508 / S288c)	Fungi	415	False	4
O94427	Schizosaccharomyces pombe (strain 972 / ATCC 24843)	Fungi	424	False	4
P35194	Saccharomyces cerevisiae (strain ATCC 204508 / S288c)	Fungi	2493	False	4
P51960	Mus musculus	Metazoa	751	False	4
P54797	Mus musculus	Metazoa	276	False	4
Q12223	Saccharomyces cerevisiae (strain ATCC 204508 / S288c)	Fungi	238	False	4
P22342	Euglena viridis	Other	102	False	4
Q96PE3	Homo sapiens	Metazoa	977	False	4
W5U2K2	Catharanthus roseus	Viridiplantae	289	False	4
Q8MUF9	Dictyostelium discoideum	Other	649	False	4
Q6ZY51	Arabidopsis thaliana	Viridiplantae	1196	False	4
O04211	Arabidopsis thaliana	Viridiplantae	111	False	4
Q92552	Homo sapiens	Metazoa	414	False	4
Q06707	Saccharomyces cerevisiae (strain ATCC 204508 / S288c)	Fungi	132	False	4
P28321	Saccharomyces cerevisiae (strain ATCC 204508 / S288c)	Fungi	313	False	4
Q8N695	Homo sapiens	Metazoa	610	True	4
O75529	Homo sapiens	Metazoa	589	False	4
P24929	Nicotiana tabacum	Viridiplantae	186	False	4
P80269	Solanum tuberosum	Viridiplantae	229	False	4
Q8VHL0	Mus musculus	Metazoa	384	True	4
Q06625	Saccharomyces cerevisiae (strain ATCC 204508 / S288c)	Fungi	1536	False	4
P0DP99	Mus musculus	Metazoa	47	True	4
P57678	Homo sapiens	Metazoa	1058	False	4
Q10317	Schizosaccharomyces pombe (strain 972 / ATCC 24843)	Fungi	193	False	4
Q7SHR6	Neurospora crassa (strain ATCC 24698 / 74-OR23-1A / CBS 708.71 / DSM 1257 / FGSC 987)	Fungi	344	False	4
P38172	Saccharomyces cerevisiae (strain ATCC 204508 / S288c)	Fungi	270	False	4
Q35914	Sus scrofa	Metazoa	67	True	4
Q8TC26	Homo sapiens	Metazoa	289	True	4
Q9FNN6	Arabidopsis thaliana	Viridiplantae	298	False	4
Q95Y80	Caenorhabditis elegans	Metazoa	853	False	4
Q9NP77	Homo sapiens	Metazoa	194	False	4
Q9BRT2	Homo sapiens	Metazoa	126	False	4
L0B1Y1	Theileria equi (strain WA)	Other	342	True	4
Q10F03	Oryza sativa subsp. japonica	Viridiplantae	529	False	4
Q4WF54	Aspergillus fumigatus (strain ATCC MYA-4609 / CBS 101355 / FGSC A1100 / Af293)	Fungi	270	False	4
Q6DKI7	Homo sapiens	Metazoa	326	True	4
Q7XJM2	Arabidopsis thaliana	Viridiplantae	618	False	4
O55035	Rattus norvegicus	Metazoa	752	False	4
Q96MT3	Homo sapiens	Metazoa	831	False	4
D3ZXW3	Rattus norvegicus	Metazoa	298	False	4
Q5XIQ3	Rattus norvegicus	Metazoa	316	False	4
Q9D5V6	Mus musculus	Metazoa	365	False	4
Q84Y18	Arabidopsis thaliana	Viridiplantae	332	False	4
P46677	Saccharomyces cerevisiae (strain ATCC 204508 / S288c)	Fungi	1066	False	4
Q9UU99	Schizosaccharomyces pombe (strain 972 / ATCC 24843)	Fungi	1008	False	4
Q9W4N2	Drosophila melanogaster	Metazoa	788	False	4
P0DOW4	Ramazzottius varieornatus	Metazoa	445	False	4
P49906	Drosophila melanogaster	Metazoa	196	False	4
Q04311	Saccharomyces cerevisiae (strain ATCC 204508 / S288c)	Fungi	632	False	4
P07768	Oryctolagus cuniculus	Metazoa	1827	True	4
Q8N5P1	Homo sapiens	Metazoa	291	False	4
Q38897	Arabidopsis thaliana	Viridiplantae	611	False	4
Q94K49	Arabidopsis thaliana	Viridiplantae	396	False	4
Q8GYU3	Arabidopsis thaliana	Viridiplantae	1465	False	4
Q9Y3Y2	Homo sapiens	Metazoa	248	False	4
P87310	Schizosaccharomyces pombe (strain 972 / ATCC 24843)	Fungi	144	False	4
Q80VM7	Mus musculus	Metazoa	985	False	4
O88484	Rattus norvegicus	Metazoa	530	False	4
Q9WTW8	Rattus norvegicus	Metazoa	647	False	4
Q9FNP4	Arabidopsis thaliana	Viridiplantae	174	False	4
Q8K4H1	Mus musculus	Metazoa	305	False	4
Q7RXU7	Neurospora crassa (strain ATCC 24698 / 74-OR23-1A / CBS 708.71 / DSM 1257 / FGSC 987)	Fungi	396	False	4
O82230	Arabidopsis thaliana	Viridiplantae	182	False	4
Q29455	Bos taurus	Metazoa	198	False	4
Q9VKD7	Drosophila melanogaster	Metazoa	253	True	4
P38827	Saccharomyces cerevisiae (strain ATCC 204508 / S288c)	Fungi	1080	False	4
Q9D8H7	Mus musculus	Metazoa	521	False	4
P38127	Saccharomyces cerevisiae (strain ATCC 204508 / S288c)	Fungi	377	True	4
Q9S816	Arabidopsis thaliana	Viridiplantae	521	False	4
Q09739	Schizosaccharomyces pombe (strain 972 / ATCC 24843)	Fungi	210	False	4
Q96330	Arabidopsis thaliana	Viridiplantae	336	False	4
Q9ZVA7	Arabidopsis thaliana	Viridiplantae	468	False	4
Q5PP37	Arabidopsis thaliana	Viridiplantae	473	False	4
Q9P127	Homo sapiens	Metazoa	313	False	4
Q9SAL0	Arabidopsis thaliana	Viridiplantae	401	False	4
Q04006	Saccharomyces cerevisiae (strain ATCC 204508 / S288c)	Fungi	179	False	4
P53276	Saccharomyces cerevisiae (strain ATCC 204508 / S288c)	Fungi	713	False	4
Q9P3U7	Schizosaccharomyces pombe (strain 972 / ATCC 24843)	Fungi	547	True	4
Q91WW3	Mus musculus	Metazoa	302	True	4
Q5T440	Homo sapiens	Metazoa	356	False	4
Q08421	Saccharomyces cerevisiae (strain ATCC 204508 / S288c)	Fungi	412	False	4
B9DHG0	Arabidopsis thaliana	Viridiplantae	301	True	4
Q9H7D0	Homo sapiens	Metazoa	1870	False	4
Q9BX63	Homo sapiens	Metazoa	1249	False	4
O60830	Homo sapiens	Metazoa	172	True	4
Q9UT19	Schizosaccharomyces pombe (strain 972 / ATCC 24843)	Fungi	764	False	4
P36552	Mus musculus	Metazoa	443	False	4
P24391	Neurospora crassa (strain ATCC 24698 / 74-OR23-1A / CBS 708.71 / DSM 1257 / FGSC 987)	Fungi	349	False	4
P53068	Saccharomyces cerevisiae (strain ATCC 204508 / S288c)	Fungi	250	False	4
Q9BY07	Homo sapiens	Metazoa	1137	False	4
Q9LVM5	Arabidopsis thaliana	Viridiplantae	324	False	4
O74740	Schizosaccharomyces pombe (strain 972 / ATCC 24843)	Fungi	797	False	4
O80775	Arabidopsis thaliana	Viridiplantae	353	False	4
Q12393	Saccharomyces cerevisiae (strain ATCC 204508 / S288c)	Fungi	293	False	4
Q2MHN3	Mus musculus	Metazoa	2562	False	4
Q99675	Homo sapiens	Metazoa	332	False	4
Q923W1	Mus musculus	Metazoa	853	False	4
P32357	Saccharomyces cerevisiae (strain ATCC 204508 / S288c)	Fungi	355	False	4
P53352	Gallus gallus	Metazoa	877	False	4
Q9HBL8	Homo sapiens	Metazoa	299	False	4
Q9Y6W3	Homo sapiens	Metazoa	813	False	4
P15308	Xenopus laevis	Metazoa	273	False	4
P40167	Saccharomyces cerevisiae (strain ATCC 204508 / S288c)	Fungi	298	False	4
P0DH90	Arabidopsis thaliana	Viridiplantae	609	False	4
Q9SIE1	Arabidopsis thaliana	Viridiplantae	475	False	4
O74381	Schizosaccharomyces pombe (strain 972 / ATCC 24843)	Fungi	467	False	4
P40050	Saccharomyces cerevisiae (strain ATCC 204508 / S288c)	Fungi	688	False	4
Q86NP2	Drosophila melanogaster	Metazoa	1251	False	4
O35235	Mus musculus	Metazoa	316	True	4
P24311	Homo sapiens	Metazoa	80	True	4
P00927	Saccharomyces cerevisiae (strain ATCC 204508 / S288c)	Fungi	576	False	4
P42838	Saccharomyces cerevisiae (strain ATCC 204508 / S288c)	Fungi	414	True	4
P34225	Saccharomyces cerevisiae (strain ATCC 204508 / S288c)	Fungi	687	False	4
P78953	Schizosaccharomyces pombe (strain 972 / ATCC 24843)	Fungi	920	False	4
Q9Z286	Rattus norvegicus	Metazoa	1608	False	4
Q9H2K2	Homo sapiens	Metazoa	1166	False	4
Q8VDL9	Mus musculus	Metazoa	521	False	4
A0A509AKT6	Plasmodium berghei (strain Anka)	Other	455	True	4
Q9M9V7	Arabidopsis thaliana	Viridiplantae	587	True	4
Q12905	Homo sapiens	Metazoa	390	False	4
Q3MIR4	Homo sapiens	Metazoa	351	True	4
Q9FLY0	Arabidopsis thaliana	Viridiplantae	325	False	4
P14907	Saccharomyces cerevisiae (strain ATCC 204508 / S288c)	Fungi	823	False	4
Q8IWS0	Homo sapiens	Metazoa	365	False	4
Q9XH32	Spinacia oleracea	Viridiplantae	222	False	4
G5EGB2	Caenorhabditis elegans	Metazoa	459	False	4
Q8VDP2	Mus musculus	Metazoa	222	False	4
Q10148	Schizosaccharomyces pombe (strain 972 / ATCC 24843)	Fungi	254	False	4
P53913	Saccharomyces cerevisiae (strain ATCC 204508 / S288c)	Fungi	173	False	4
P25992	Drosophila melanogaster	Metazoa	1002	False	4
P40342	Saccharomyces cerevisiae (strain ATCC 204508 / S288c)	Fungi	146	False	4
A0A0U2UYC4	Mycosarcoma maydis	Fungi	493	False	4
Q6NUD0	Xenopus laevis	Metazoa	333	False	4
Q06340	Saccharomyces cerevisiae (strain ATCC 204508 / S288c)	Fungi	456	False	4
Q09260	Caenorhabditis elegans	Metazoa	490	False	4
Q03373	Saccharomyces cerevisiae (strain ATCC 204508 / S288c)	Fungi	323	False	4
Q09902	Schizosaccharomyces pombe (strain 972 / ATCC 24843)	Fungi	85	False	4
A4F267	Rattus norvegicus	Metazoa	308	False	4
P16550	Saccharomyces cerevisiae (strain ATCC 204508 / S288c)	Fungi	321	False	4
Q64318	Mus musculus	Metazoa	1117	False	4
Q1K8E0	Neurospora crassa (strain ATCC 24698 / 74-OR23-1A / CBS 708.71 / DSM 1257 / FGSC 987)	Fungi	256	False	4
Q9JJ09	Rattus norvegicus	Metazoa	695	False	4
Q80Z30	Rattus norvegicus	Metazoa	750	False	4
G5EFF5	Caenorhabditis elegans	Metazoa	753	False	4
Q2TBE6	Mus musculus	Metazoa	479	False	4
P55199	Homo sapiens	Metazoa	621	False	4
F2Z699	Yarrowia lipolytica (strain CLIB 122 / E 150)	Fungi	582	False	4
Q38942	Arabidopsis thaliana	Viridiplantae	349	False	4
Q925N4	Mus musculus	Metazoa	235	True	4
Q8NI27	Homo sapiens	Metazoa	1593	False	4
P38360	Saccharomyces cerevisiae (strain ATCC 204508 / S288c)	Fungi	1216	False	4
G5EDW1	Caenorhabditis elegans	Metazoa	217	False	4
P49367	Saccharomyces cerevisiae (strain ATCC 204508 / S288c)	Fungi	693	False	4
Q9WVR8	Rattus norvegicus	Metazoa	610	False	4
Q96SB3	Homo sapiens	Metazoa	817	False	4
O08900	Mus musculus	Metazoa	507	False	4
Q22323	Caenorhabditis elegans	Metazoa	283	False	4
Q91WE2	Mus musculus	Metazoa	254	False	4
Q9P7S3	Schizosaccharomyces pombe (strain 972 / ATCC 24843)	Fungi	425	False	4
P32318	Saccharomyces cerevisiae (strain ATCC 204508 / S288c)	Fungi	326	False	4
Q3URU2	Mus musculus	Metazoa	1571	False	4
O74365	Schizosaccharomyces pombe (strain 972 / ATCC 24843)	Fungi	865	False	4
Q9FYB5	Arabidopsis thaliana	Viridiplantae	161	False	4
D4ACN8	Rattus norvegicus	Metazoa	147	True	4
P32874	Saccharomyces cerevisiae (strain ATCC 204508 / S288c)	Fungi	2273	False	4
Q96EY5	Homo sapiens	Metazoa	273	False	4
Q9VZL5	Drosophila melanogaster	Metazoa	485	False	4
F4HS99	Arabidopsis thaliana	Viridiplantae	1797	False	4
P0DJH7	Gallus gallus	Metazoa	80	False	4
Q70Z53	Homo sapiens	Metazoa	315	False	4
Q9BXL8	Homo sapiens	Metazoa	241	False	4
Q6Y685	Mus musculus	Metazoa	774	False	4
Q9H3P2	Homo sapiens	Metazoa	528	False	4
Q6Z2G7	Oryza sativa subsp. japonica	Viridiplantae	361	False	4
P42900	Saccharomyces cerevisiae (strain ATCC 204508 / S288c)	Fungi	643	False	4
Q9H5P4	Homo sapiens	Metazoa	1033	False	4
Q1ZXU0	Caenorhabditis elegans	Metazoa	205	False	4
Q7JWP6	Drosophila melanogaster	Metazoa	221	False	4
Q6IR34	Mus musculus	Metazoa	673	False	4
Q9QZA2	Rattus norvegicus	Metazoa	873	False	4
Q811H0	Mus musculus	Metazoa	420	False	4
Q2M1K9	Homo sapiens	Metazoa	1284	False	4
Q29RF7	Homo sapiens	Metazoa	1337	False	4
Q04894	Saccharomyces cerevisiae (strain ATCC 204508 / S288c)	Fungi	360	False	4
P0C5Y9	Homo sapiens	Metazoa	115	False	4
Q6P2C8	Homo sapiens	Metazoa	311	False	4
Q12035	Saccharomyces cerevisiae (strain ATCC 204508 / S288c)	Fungi	217	False	4
O94428	Schizosaccharomyces pombe (strain 972 / ATCC 24843)	Fungi	115	False	4
O82264	Arabidopsis thaliana	Viridiplantae	413	False	4
Q6ZSS7	Homo sapiens	Metazoa	791	True	4
Q19969	Caenorhabditis elegans	Metazoa	514	False	4
D3J162	Medicago truncatula	Viridiplantae	541	False	4
Q9FJV5	Arabidopsis thaliana	Viridiplantae	276	False	4
Q9H5F2	Homo sapiens	Metazoa	150	False	4
P78946	Schizosaccharomyces pombe (strain 972 / ATCC 24843)	Fungi	126	False	4
Q9Z1A5	Rattus norvegicus	Metazoa	534	False	4
P28005	Saccharomyces cerevisiae (strain ATCC 204508 / S288c)	Fungi	173	False	4
P30085	Homo sapiens	Metazoa	196	False	4
P10355	Saccharomyces cerevisiae (strain ATCC 204508 / S288c)	Fungi	254	False	4
P47102	Saccharomyces cerevisiae (strain ATCC 204508 / S288c)	Fungi	1408	False	4
P02489	Homo sapiens	Metazoa	173	False	4
O95278	Homo sapiens	Metazoa	331	False	4
Q9SKT0	Arabidopsis thaliana	Viridiplantae	300	False	4
B2RZD2	Rattus norvegicus	Metazoa	229	True	4
O97965	Ovis aries	Metazoa	110	False	4
Q9HD15	Homo sapiens	Metazoa	224	False	4
P06841	Scyliorhinus canicula	Metazoa	45	False	4
Q9VE04	Drosophila melanogaster	Metazoa	107	False	4
Q84TH4	Arabidopsis thaliana	Viridiplantae	382	False	4
P87074	Schizosaccharomyces pombe (strain 972 / ATCC 24843)	Fungi	778	False	4
Q8NFU0	Homo sapiens	Metazoa	473	True	4
G5EEG7	Caenorhabditis elegans	Metazoa	510	False	4
Q9USP9	Schizosaccharomyces pombe (strain 972 / ATCC 24843)	Fungi	589	False	4
Q9SFB0	Arabidopsis thaliana	Viridiplantae	526	True	4
Q08985	Saccharomyces cerevisiae (strain ATCC 204508 / S288c)	Fungi	325	False	4
Q9BPX6	Homo sapiens	Metazoa	476	False	4
Q02892	Saccharomyces cerevisiae (strain ATCC 204508 / S288c)	Fungi	647	False	4
P17861	Homo sapiens	Metazoa	261	False	4
Q8IXQ9	Homo sapiens	Metazoa	262	False	4
Q9JLI8	Mus musculus	Metazoa	962	False	4
Q04613	Arabidopsis thaliana	Viridiplantae	192	True	4
E9P8D2	Saccharomyces cerevisiae	Fungi	229	False	4
P53899	Saccharomyces cerevisiae (strain ATCC 204508 / S288c)	Fungi	274	False	4
Q80ZG2	Rattus norvegicus	Metazoa	678	False	4
P20398	Xenopus laevis	Metazoa	591	False	4
Q53GL0	Homo sapiens	Metazoa	409	False	4
Q9SQR5	Arabidopsis thaliana	Viridiplantae	554	False	4
P61460	Mus musculus	Metazoa	1591	False	4
Q8NBI5	Homo sapiens	Metazoa	491	True	4
Q96A26	Homo sapiens	Metazoa	154	False	4
Q07913	Saccharomyces cerevisiae (strain ATCC 204508 / S288c)	Fungi	336	False	4
Q64471	Mus musculus	Metazoa	240	False	4
Q9XUB3	Caenorhabditis elegans	Metazoa	781	False	4
Q9Y266	Homo sapiens	Metazoa	331	False	4
Q8N4E7	Homo sapiens	Metazoa	242	False	4
Q8BVN3	Mus musculus	Metazoa	442	True	4
Q15126	Homo sapiens	Metazoa	192	False	4
Q9NH52	Caenorhabditis elegans	Metazoa	898	False	4
O01670	Lymnaea stagnalis	Metazoa	578	True	4
Q9BWC9	Homo sapiens	Metazoa	280	False	4
Q53TQ3	Homo sapiens	Metazoa	1027	False	4
P0C2B6	Bos taurus	Metazoa	128	False	4
Q76NM6	Plasmodium falciparum (isolate 3D7)	Other	611	False	4
P38300	Saccharomyces cerevisiae (strain ATCC 204508 / S288c)	Fungi	278	False	4
P52488	Saccharomyces cerevisiae (strain ATCC 204508 / S288c)	Fungi	636	False	4
Q8N5N7	Homo sapiens	Metazoa	158	False	4
Q9LYG9	Arabidopsis thaliana	Viridiplantae	734	False	4
Q96PN7	Homo sapiens	Metazoa	1200	False	4
Q10222	Schizosaccharomyces pombe (strain 972 / ATCC 24843)	Fungi	721	False	4
Q99567	Homo sapiens	Metazoa	741	False	4
O74433	Schizosaccharomyces pombe (strain 972 / ATCC 24843)	Fungi	67	True	4
B6HLT9	Penicillium rubens (strain ATCC 28089 / DSM 1075 / NRRL 1951 / Wisconsin 54-1255)	Fungi	357	False	4
Q9VQ56	Drosophila melanogaster	Metazoa	611	False	4
Q38946	Arabidopsis thaliana	Viridiplantae	411	False	4
Q6TAS3	Solanum lycopersicum	Viridiplantae	902	False	4
Q9Y4P9	Homo sapiens	Metazoa	236	False	4
Q9VFW4	Drosophila melanogaster	Metazoa	251	False	4
Q93Y52	Chlamydomonas reinhardtii	Viridiplantae	280	False	4
P06738	Saccharomyces cerevisiae (strain ATCC 204508 / S288c)	Fungi	902	False	4
Q6P5E8	Mus musculus	Metazoa	934	False	4
Q9LRB7	Oryza sativa subsp. japonica	Viridiplantae	325	True	4
Q9VGZ5	Drosophila melanogaster	Metazoa	698	False	4
O95433	Homo sapiens	Metazoa	338	False	4
A2YMU2	Oryza sativa subsp. indica	Viridiplantae	266	False	4
Q53AQ4	Rattus norvegicus	Metazoa	245	True	4
Q9VU77	Drosophila melanogaster	Metazoa	316	False	4
Q86W42	Homo sapiens	Metazoa	341	False	4
Q9NZM5	Homo sapiens	Metazoa	478	False	4
Q6GNV6	Xenopus laevis	Metazoa	856	False	4
Q63HN8	Homo sapiens	Metazoa	5207	False	4
Q9FIG9	Arabidopsis thaliana	Viridiplantae	801	False	4
Q94527	Drosophila melanogaster	Metazoa	971	False	4
Q9JK95	Mus musculus	Metazoa	193	True	4
Q7Z713	Homo sapiens	Metazoa	158	False	4
P32380	Saccharomyces cerevisiae (strain ATCC 204508 / S288c)	Fungi	944	False	4
O74374	Schizosaccharomyces pombe (strain 972 / ATCC 24843)	Fungi	554	False	4
Q9Y2L1	Homo sapiens	Metazoa	958	False	4
Q9DB77	Mus musculus	Metazoa	453	False	4
Q6PJP8	Homo sapiens	Metazoa	1040	False	4
Q9SYK4	Arabidopsis thaliana	Viridiplantae	1136	False	4
O82204	Arabidopsis thaliana	Viridiplantae	143	False	4
Q9UUE5	Schizosaccharomyces pombe (strain 972 / ATCC 24843)	Fungi	675	False	4
P78527	Homo sapiens	Metazoa	4128	False	4
Q9UDR5	Homo sapiens	Metazoa	926	False	4
P11943	Neurospora crassa (strain ATCC 24698 / 74-OR23-1A / CBS 708.71 / DSM 1257 / FGSC 987)	Fungi	134	False	4
Q9P275	Homo sapiens	Metazoa	1123	False	4
Q60610	Mus musculus	Metazoa	1591	False	4
Q06506	Saccharomyces cerevisiae (strain ATCC 204508 / S288c)	Fungi	573	False	4
O77264	Drosophila melanogaster	Metazoa	361	False	4
Q9LMJ4	Arabidopsis thaliana	Viridiplantae	599	False	4
Q6Q5X2	Saccharomyces cerevisiae (strain ATCC 204508 / S288c)	Fungi	51	False	4
Q08605	Drosophila melanogaster	Metazoa	582	False	4
A0A075TXZ8	Penicillium expansum	Fungi	799	False	4
Q02772	Saccharomyces cerevisiae (strain ATCC 204508 / S288c)	Fungi	108	False	4
Q9NUQ2	Homo sapiens	Metazoa	364	True	4
P40024	Saccharomyces cerevisiae (strain ATCC 204508 / S288c)	Fungi	610	False	4
Q8TEH3	Homo sapiens	Metazoa	1009	False	4
Q08702	Saccharomyces cerevisiae (strain ATCC 204508 / S288c)	Fungi	217	False	4
G5EFY7	Caenorhabditis elegans	Metazoa	295	False	4
Q8BGW1	Mus musculus	Metazoa	502	False	4
Q6AVI1	Oryza sativa subsp. japonica	Viridiplantae	227	False	4
Q55GF9	Dictyostelium discoideum	Other	1320	False	4
O60057	Schizosaccharomyces pombe (strain 972 / ATCC 24843)	Fungi	411	False	4
Q21986	Caenorhabditis elegans	Metazoa	958	False	4
Q9VX31	Drosophila melanogaster	Metazoa	1105	False	4
Q9XZ34	Drosophila melanogaster	Metazoa	1416	False	4
Q96HA9	Homo sapiens	Metazoa	241	False	4
P83006	Rattus norvegicus	Metazoa	390	False	4
B2D6M2	Caenorhabditis elegans	Metazoa	612	False	4
Q96GJ1	Homo sapiens	Metazoa	504	False	4
Q230X8	Tetrahymena thermophila (strain SB210)	Other	423	False	4
Q8BH86	Mus musculus	Metazoa	617	False	4
B6HU70	Penicillium rubens (strain ATCC 28089 / DSM 1075 / NRRL 1951 / Wisconsin 54-1255)	Fungi	361	False	4
O13853	Schizosaccharomyces pombe (strain 972 / ATCC 24843)	Fungi	742	False	4
Q6P1K2	Homo sapiens	Metazoa	205	False	4
Q99836	Homo sapiens	Metazoa	296	False	4
Q9BV20	Homo sapiens	Metazoa	369	False	4
Q1MTN9	Schizosaccharomyces pombe (strain 972 / ATCC 24843)	Fungi	544	False	4
P82130	Spinacia oleracea	Viridiplantae	183	False	4
P78753	Schizosaccharomyces pombe (strain 972 / ATCC 24843)	Fungi	557	False	4
Q9CWR0	Mus musculus	Metazoa	618	False	4
Q7Z6G3	Homo sapiens	Metazoa	386	False	4
O04209	Arabidopsis thaliana	Viridiplantae	258	False	4
Q9UKN8	Homo sapiens	Metazoa	822	False	4
Q60949	Mus musculus	Metazoa	1255	False	4
Q68DK7	Homo sapiens	Metazoa	614	False	4
Q9NPF4	Homo sapiens	Metazoa	335	False	4
P97609	Rattus norvegicus	Metazoa	1181	False	4
A1Z8D0	Drosophila melanogaster	Metazoa	459	False	4
P35558	Homo sapiens	Metazoa	622	False	4
G5EEC5	Caenorhabditis elegans	Metazoa	414	False	4
P53333	Saccharomyces cerevisiae (strain ATCC 204508 / S288c)	Fungi	577	False	4
O96007	Homo sapiens	Metazoa	188	False	4
P14164	Saccharomyces cerevisiae (strain ATCC 204508 / S288c)	Fungi	731	False	4
Q38998	Arabidopsis thaliana	Viridiplantae	857	True	4
P19954	Spinacia oleracea	Viridiplantae	302	False	4
Q9M297	Arabidopsis thaliana	Viridiplantae	1256	False	4
Q8L493	Arabidopsis thaliana	Viridiplantae	373	False	4
P37299	Saccharomyces cerevisiae (strain ATCC 204508 / S288c)	Fungi	77	True	4
Q14DK4	Mus musculus	Metazoa	801	False	4
A6H8H2	Mus musculus	Metazoa	1906	False	4
Q06801	Solanum tuberosum	Viridiplantae	576	False	4
Q8SWR3	Drosophila melanogaster	Metazoa	435	False	4
Q9VW15	Drosophila melanogaster	Metazoa	2226	False	4
F4KHG6	Arabidopsis thaliana	Viridiplantae	489	False	4
O43819	Homo sapiens	Metazoa	266	True	4
Q06213	Saccharomyces cerevisiae (strain ATCC 204508 / S288c)	Fungi	157	False	4
Q96IY1	Homo sapiens	Metazoa	281	False	4
Q60560	Mesocricetus auratus	Metazoa	989	False	4
Q3TLD5	Mus musculus	Metazoa	531	False	4
Q8WVT3	Homo sapiens	Metazoa	735	False	4
Q96CM4	Homo sapiens	Metazoa	212	False	4
Q0E3V2	Oryza sativa subsp. japonica	Viridiplantae	165	False	4
Q8GYC7	Arabidopsis thaliana	Viridiplantae	313	False	4
Q9C5H9	Arabidopsis thaliana	Viridiplantae	678	False	4
Q9VYY4	Drosophila melanogaster	Metazoa	574	True	4
P49686	Saccharomyces cerevisiae (strain ATCC 204508 / S288c)	Fungi	430	False	4
P50440	Homo sapiens	Metazoa	423	False	4
Q9LIQ9	Arabidopsis thaliana	Viridiplantae	714	False	4
Q92766	Homo sapiens	Metazoa	1687	False	4
P22438	Saccharomyces cerevisiae (strain ATCC 204508 / S288c)	Fungi	575	False	4
Q9ZWS6	Arabidopsis thaliana	Viridiplantae	186	False	4
O60104	Schizosaccharomyces pombe (strain 972 / ATCC 24843)	Fungi	376	False	4
P53193	Saccharomyces cerevisiae (strain ATCC 204508 / S288c)	Fungi	184	False	4
P42858	Homo sapiens	Metazoa	3142	False	4
C0HLU2	Homo sapiens	Metazoa	46	False	4
Q16540	Homo sapiens	Metazoa	153	False	4
Q9P6R0	Schizosaccharomyces pombe (strain 972 / ATCC 24843)	Fungi	492	False	4
O60952	Dictyostelium discoideum	Other	199	False	4
Q6NPM8	Arabidopsis thaliana	Viridiplantae	346	False	4
P48015	Saccharomyces cerevisiae (strain ATCC 204508 / S288c)	Fungi	400	False	4
Q9TW65	Caenorhabditis elegans	Metazoa	3674	False	4
Q9ZUX4	Arabidopsis thaliana	Viridiplantae	113	False	4
Q9SR43	Arabidopsis thaliana	Viridiplantae	329	False	4
P52927	Mus musculus	Metazoa	108	False	4
P02318	Bos taurus	Metazoa	51	False	4
Q10740	Saccharomyces cerevisiae (strain ATCC 204508 / S288c)	Fungi	671	False	4
Q9VYQ0	Drosophila melanogaster	Metazoa	172	False	4
P11020	Scyliorhinus canicula	Metazoa	80	False	4
Q9M9Y4	Arabidopsis thaliana	Viridiplantae	421	False	4
P47167	Saccharomyces cerevisiae (strain ATCC 204508 / S288c)	Fungi	239	False	4
P82611	Candida albicans (strain SC5314 / ATCC MYA-2876)	Fungi	777	False	4
O20029	Chlamydomonas reinhardtii	Viridiplantae	191	False	4
P19447	Homo sapiens	Metazoa	782	False	4
Q9Y6K5	Homo sapiens	Metazoa	1087	False	4
Q9VW47	Drosophila melanogaster	Metazoa	2531	False	4
Q14676	Homo sapiens	Metazoa	2089	False	4
P29144	Homo sapiens	Metazoa	1249	False	4
Q10PI9	Oryza sativa subsp. japonica	Viridiplantae	459	False	4
P33301	Saccharomyces cerevisiae (strain ATCC 204508 / S288c)	Fungi	854	False	4
Q91W39	Mus musculus	Metazoa	579	False	4
C0HLF1	Dictyostelium discoideum	Other	154	False	4
Q12507	Saccharomyces cerevisiae (strain ATCC 204508 / S288c)	Fungi	346	False	4
Q9WUL7	Mus musculus	Metazoa	182	False	4
Q9C086	Homo sapiens	Metazoa	356	False	4
Q9SU72	Arabidopsis thaliana	Viridiplantae	623	False	4
Q9H7Z3	Homo sapiens	Metazoa	1164	False	4
P07213	Saccharomyces cerevisiae (strain ATCC 204508 / S288c)	Fungi	617	True	4
Q06032	Saccharomyces cerevisiae (strain ATCC 204508 / S288c)	Fungi	482	False	4
D4A1X2	Rattus norvegicus	Metazoa	885	False	4
Q1MTR4	Schizosaccharomyces pombe (strain 972 / ATCC 24843)	Fungi	424	False	4
B4XT64	Oryza sativa subsp. japonica	Viridiplantae	582	False	4
P17214	Saccharomyces cerevisiae (strain ATCC 204508 / S288c)	Fungi	699	False	4
P78317	Homo sapiens	Metazoa	190	False	4
Q4WUK4	Aspergillus fumigatus (strain ATCC MYA-4609 / CBS 101355 / FGSC A1100 / Af293)	Fungi	609	False	4
Q17604	Caenorhabditis elegans	Metazoa	161	False	4
P18581	Mus musculus	Metazoa	657	True	4
P48985	Mus musculus	Metazoa	351	False	4
Q8N5M1	Homo sapiens	Metazoa	289	False	4
O23166	Arabidopsis thaliana	Viridiplantae	261	False	4
Q8BY35	Mus musculus	Metazoa	655	False	4
O89050	Mus musculus	Metazoa	735	False	4
O74311	Schizosaccharomyces pombe (strain 972 / ATCC 24843)	Fungi	150	False	4
Q38885	Arabidopsis thaliana	Viridiplantae	551	False	4
Q9HEV5	Neurospora crassa (strain ATCC 24698 / 74-OR23-1A / CBS 708.71 / DSM 1257 / FGSC 987)	Fungi	426	False	4
P40528	Saccharomyces cerevisiae (strain ATCC 204508 / S288c)	Fungi	902	False	4
Q9LYY2	Arabidopsis thaliana	Viridiplantae	112	True	4
Q810F1	Cavia porcellus	Metazoa	705	True	4
P31228	Bos taurus	Metazoa	341	False	4
P81122	Mus musculus	Metazoa	1321	False	4
Q06835	Saccharomyces cerevisiae (strain ATCC 204508 / S288c)	Fungi	107	False	4
P70662	Mus musculus	Metazoa	411	False	4
Q8MQX9	Drosophila melanogaster	Metazoa	1174	False	4
P57725	Mus musculus	Metazoa	372	False	4
Q21227	Caenorhabditis elegans	Metazoa	1188	False	4
Q5AL36	Candida albicans (strain SC5314 / ATCC MYA-2876)	Fungi	269	False	4
P97376	Mus musculus	Metazoa	258	False	4
Q9C5W3	Arabidopsis thaliana	Viridiplantae	985	False	4
Q68FX6	Rattus norvegicus	Metazoa	390	False	4
P23500	Saccharomyces cerevisiae (strain ATCC 204508 / S288c)	Fungi	304	True	4
Q17569	Caenorhabditis elegans	Metazoa	389	False	4
Q5H8A6	Lotus japonicus	Viridiplantae	853	False	4
I1RC73	Gibberella zeae (strain ATCC MYA-4620 / CBS 123657 / FGSC 9075 / NRRL 31084 / PH-1)	Fungi	492	False	4
Q8RY95	Arabidopsis thaliana	Viridiplantae	1035	False	4
G5EDW5	Caenorhabditis elegans	Metazoa	952	False	4
Q7Z410	Homo sapiens	Metazoa	1059	True	4
Q86V97	Homo sapiens	Metazoa	674	False	4
Q7SH52	Neurospora crassa (strain ATCC 24698 / 74-OR23-1A / CBS 708.71 / DSM 1257 / FGSC 987)	Fungi	1168	False	4
Q9Y6X3	Homo sapiens	Metazoa	613	False	4
Q7Z3D4	Homo sapiens	Metazoa	306	False	4
Q9Y3E7	Homo sapiens	Metazoa	222	False	4
Q7ZT01	Xenopus laevis	Metazoa	210	False	4
Q96HI0	Homo sapiens	Metazoa	755	False	4
P28040	Schizosaccharomyces pombe (strain 972 / ATCC 24843)	Fungi	1405	False	4
O74889	Schizosaccharomyces pombe (strain 972 / ATCC 24843)	Fungi	1024	False	4
P36163	Saccharomyces cerevisiae (strain ATCC 204508 / S288c)	Fungi	345	True	4
Q9Z266	Mus musculus	Metazoa	136	False	4
P48382	Homo sapiens	Metazoa	616	False	4
Q3KRB8	Homo sapiens	Metazoa	267	False	4
Q9VH36	Drosophila melanogaster	Metazoa	585	False	4
O43719	Homo sapiens	Metazoa	755	False	4
Q8C0R7	Mus musculus	Metazoa	736	False	4
Q9NYG5	Homo sapiens	Metazoa	84	False	4
P08703	Penicillium chrysogenum	Fungi	331	False	4
P25618	Saccharomyces cerevisiae (strain ATCC 204508 / S288c)	Fungi	953	True	4
Q8LD98	Arabidopsis thaliana	Viridiplantae	252	True	4
O94668	Schizosaccharomyces pombe (strain 972 / ATCC 24843)	Fungi	388	False	4
Q6ZMT4	Homo sapiens	Metazoa	941	False	4
Q9CQE1	Mus musculus	Metazoa	247	False	4
Q0WV90	Arabidopsis thaliana	Viridiplantae	1120	False	4
Q15025	Homo sapiens	Metazoa	636	False	4
Q8BWY7	Mus musculus	Metazoa	342	True	4
Q59RL7	Candida albicans (strain SC5314 / ATCC MYA-2876)	Fungi	853	False	4
Q12467	Saccharomyces cerevisiae (strain ATCC 204508 / S288c)	Fungi	430	False	4
Q94CV1	Oryza sativa subsp. japonica	Viridiplantae	228	False	4
Q96C12	Homo sapiens	Metazoa	935	False	4
Q9GRZ3	Caenorhabditis elegans	Metazoa	1641	False	4
Q91XJ0	Rattus norvegicus	Metazoa	401	False	4
Q8TEX9	Homo sapiens	Metazoa	1081	False	4
Q9H008	Homo sapiens	Metazoa	270	False	4
Q96P16	Homo sapiens	Metazoa	312	False	4
Q06608	Saccharomyces cerevisiae (strain ATCC 204508 / S288c)	Fungi	200	False	4
Q18616	Caenorhabditis elegans	Metazoa	537	False	4
P53983	Saccharomyces cerevisiae (strain ATCC 204508 / S288c)	Fungi	676	True	4
P52891	Saccharomyces cerevisiae (strain ATCC 204508 / S288c)	Fungi	726	False	4
Q63638	Rattus norvegicus	Metazoa	3259	False	4
Q8WXI9	Homo sapiens	Metazoa	593	False	4
P0C089	Rattus norvegicus	Metazoa	193	False	4
Q02085	Mus musculus	Metazoa	264	False	4
O14044	Schizosaccharomyces pombe (strain 972 / ATCC 24843)	Fungi	241	False	4
Q10412	Schizosaccharomyces pombe (strain 972 / ATCC 24843)	Fungi	403	False	4
P51587	Homo sapiens	Metazoa	3418	False	4
O14079	Schizosaccharomyces pombe (strain 972 / ATCC 24843)	Fungi	624	False	4
Q80WB5	Mus musculus	Metazoa	209	False	4
Q6NW34	Homo sapiens	Metazoa	567	False	4
Q9FX53	Arabidopsis thaliana	Viridiplantae	406	False	4
Q7L4E1	Homo sapiens	Metazoa	593	True	4
P12683	Saccharomyces cerevisiae (strain ATCC 204508 / S288c)	Fungi	1054	True	4
Q8QFX1	Gallus gallus	Metazoa	1325	False	4
Q07163	Saccharomyces cerevisiae	Fungi	1755	False	4
Q96DB2	Homo sapiens	Metazoa	347	False	4
P53032	Saccharomyces cerevisiae (strain ATCC 204508 / S288c)	Fungi	299	False	4
P11914	Saccharomyces cerevisiae (strain ATCC 204508 / S288c)	Fungi	482	False	4
Q9NU22	Homo sapiens	Metazoa	5596	False	4
P47138	Saccharomyces cerevisiae (strain ATCC 204508 / S288c)	Fungi	172	False	4
P38255	Saccharomyces cerevisiae (strain ATCC 204508 / S288c)	Fungi	430	False	4
A2RVJ8	Arabidopsis thaliana	Viridiplantae	434	False	4
O62471	Caenorhabditis elegans	Metazoa	1592	False	4
Q6PIV2	Homo sapiens	Metazoa	292	False	4
Q9FVU9	Arabidopsis thaliana	Viridiplantae	358	False	4
P30542	Homo sapiens	Metazoa	326	True	4
P03888	Mus musculus	Metazoa	318	True	4
P49842	Homo sapiens	Metazoa	254	False	4
Q9FFK6	Arabidopsis thaliana	Viridiplantae	810	False	4
Q86U28	Homo sapiens	Metazoa	154	False	4
P48240	Saccharomyces cerevisiae (strain ATCC 204508 / S288c)	Fungi	250	False	4
P20609	Dictyostelium discoideum	Other	53	False	4
A0A0D1DMJ6	Mycosarcoma maydis	Fungi	757	False	4
Q6PCD5	Homo sapiens	Metazoa	774	False	4
P49411	Homo sapiens	Metazoa	455	False	4
P49754	Homo sapiens	Metazoa	854	False	4
Q68G30	Rattus norvegicus	Metazoa	505	False	4
Q8C624	Mus musculus	Metazoa	132	False	4
P45432	Arabidopsis thaliana	Viridiplantae	441	False	4
Q9W539	Drosophila melanogaster	Metazoa	1518	False	4
Q9NXV6	Homo sapiens	Metazoa	580	False	4
Q09858	Schizosaccharomyces pombe (strain 972 / ATCC 24843)	Fungi	205	False	4
Q7K3D8	Drosophila melanogaster	Metazoa	433	False	4
P38208	Saccharomyces cerevisiae (strain ATCC 204508 / S288c)	Fungi	133	False	4
Q9SIW2	Arabidopsis thaliana	Viridiplantae	888	False	4
P38197	Saccharomyces cerevisiae (strain ATCC 204508 / S288c)	Fungi	257	False	4
Q9Y3U8	Homo sapiens	Metazoa	105	False	4
Q8C5Y2	Mus musculus	Metazoa	53	True	4
Q9VPF9	Drosophila melanogaster	Metazoa	373	False	4
H2L006	Caenorhabditis elegans	Metazoa	451	True	4
E9Q3G8	Mus musculus	Metazoa	1462	False	4
P42695	Homo sapiens	Metazoa	1498	False	4
O54693	Mus musculus	Metazoa	391	True	4
P93009	Arabidopsis thaliana	Viridiplantae	182	False	4
Q8IVS2	Homo sapiens	Metazoa	390	False	4
Q8C167	Mus musculus	Metazoa	725	False	4
P97577	Rattus norvegicus	Metazoa	393	False	4
B9DHT4	Arabidopsis thaliana	Viridiplantae	710	False	4
Q9FFG0	Arabidopsis thaliana	Viridiplantae	248	False	4
Q9BZJ4	Homo sapiens	Metazoa	359	True	4
P34219	Saccharomyces cerevisiae (strain ATCC 204508 / S288c)	Fungi	525	False	4
Q8WV22	Homo sapiens	Metazoa	266	False	4
Q99575	Homo sapiens	Metazoa	1024	False	4
Q8N3J3	Homo sapiens	Metazoa	647	False	4
P46673	Saccharomyces cerevisiae (strain ATCC 204508 / S288c)	Fungi	744	False	4
P41002	Homo sapiens	Metazoa	786	False	4
Q8VWG3	Arabidopsis thaliana	Viridiplantae	303	False	4
Q8N1N2	Homo sapiens	Metazoa	184	True	4
P36213	Hordeum vulgare	Viridiplantae	205	False	4
Q59H18	Homo sapiens	Metazoa	835	False	4
Q13315	Homo sapiens	Metazoa	3056	False	4
Q94AI4	Arabidopsis thaliana	Viridiplantae	775	False	4
O81852	Arabidopsis thaliana	Viridiplantae	916	False	4
Q38796	Arabidopsis thaliana	Viridiplantae	953	False	4
Q8WXD5	Homo sapiens	Metazoa	167	False	4
P53226	Saccharomyces cerevisiae (strain ATCC 204508 / S288c)	Fungi	547	False	4
Q03771	Saccharomyces cerevisiae (strain ATCC 204508 / S288c)	Fungi	387	False	4
P50535	Drosophila melanogaster	Metazoa	1039	False	4
O13722	Schizosaccharomyces pombe (strain 972 / ATCC 24843)	Fungi	450	False	4
Q9LPL4	Arabidopsis thaliana	Viridiplantae	360	False	4
D9PTN5	Caenorhabditis elegans	Metazoa	1009	False	4
Q99207	Saccharomyces cerevisiae (strain ATCC 204508 / S288c)	Fungi	810	False	4
P36421	Saccharomyces cerevisiae (strain ATCC 204508 / S288c)	Fungi	394	False	4
Q96PZ2	Homo sapiens	Metazoa	611	False	4
P52792	Mus musculus	Metazoa	465	False	4
Q969Z3	Homo sapiens	Metazoa	335	False	4
Q8WV28	Homo sapiens	Metazoa	456	False	4
Q9MAB9	Arabidopsis thaliana	Viridiplantae	117	False	4
P0DPI2	Homo sapiens	Metazoa	268	False	4
Q9SL95	Arabidopsis thaliana	Viridiplantae	456	True	4
Q9USQ1	Schizosaccharomyces pombe (strain 972 / ATCC 24843)	Fungi	960	False	4
Q5HYI7	Homo sapiens	Metazoa	312	False	4
Q03782	Saccharomyces cerevisiae (strain ATCC 204508 / S288c)	Fungi	492	False	4
Q9USH6	Schizosaccharomyces pombe (strain 972 / ATCC 24843)	Fungi	190	False	4
P32349	Saccharomyces cerevisiae (strain ATCC 204508 / S288c)	Fungi	654	False	4
Q62384	Mus musculus	Metazoa	459	False	4
O95997	Homo sapiens	Metazoa	202	False	4
P53119	Saccharomyces cerevisiae (strain ATCC 204508 / S288c)	Fungi	910	False	4
Q96SI1	Homo sapiens	Metazoa	283	False	4
Q6ZNL6	Homo sapiens	Metazoa	1462	False	4
Q94A03	Arabidopsis thaliana	Viridiplantae	391	False	4
P09368	Saccharomyces cerevisiae (strain ATCC 204508 / S288c)	Fungi	476	False	4
Q9FNZ4	Arabidopsis thaliana	Viridiplantae	112	False	4
O54957	Mus musculus	Metazoa	242	True	4
P54725	Homo sapiens	Metazoa	363	False	4
Q92247	Neurospora crassa (strain ATCC 24698 / 74-OR23-1A / CBS 708.71 / DSM 1257 / FGSC 987)	Fungi	412	False	4
Q5U5X0	Homo sapiens	Metazoa	104	False	4
O81851	Arabidopsis thaliana	Viridiplantae	304	False	4
Q6NTE8	Homo sapiens	Metazoa	343	False	4
P39943	Saccharomyces cerevisiae (strain ATCC 204508 / S288c)	Fungi	394	False	4
Q8CD15	Mus musculus	Metazoa	465	False	4
P34250	Saccharomyces cerevisiae (strain ATCC 204508 / S288c)	Fungi	1132	False	4
Q03370	Saccharomyces cerevisiae (strain ATCC 204508 / S288c)	Fungi	554	False	4
P82926	Bos taurus	Metazoa	106	False	4
Q86Y01	Homo sapiens	Metazoa	620	False	4
Q00899	Mus musculus	Metazoa	414	False	4
O60729	Homo sapiens	Metazoa	498	False	4
Q9H0E9	Homo sapiens	Metazoa	1235	False	4
Q5TAX3	Homo sapiens	Metazoa	1644	False	4
P03899	Mus musculus	Metazoa	115	True	4
Q9NPD3	Homo sapiens	Metazoa	245	False	4
Q8C9B9	Mus musculus	Metazoa	2256	False	4
P12853	Chlamydomonas reinhardtii	Viridiplantae	291	False	4
P42948	Saccharomyces cerevisiae (strain ATCC 204508 / S288c)	Fungi	560	False	4
Q00IB6	Arabidopsis thaliana	Viridiplantae	440	False	4
Q02060	Spinacia oleracea	Viridiplantae	274	False	4
Q91YJ3	Mus musculus	Metazoa	226	False	4
P38988	Saccharomyces cerevisiae (strain ATCC 204508 / S288c)	Fungi	300	True	4
Q8N6F7	Homo sapiens	Metazoa	178	False	4
Q8TBE7	Homo sapiens	Metazoa	412	False	4
Q9P6I9	Schizosaccharomyces pombe (strain 972 / ATCC 24843)	Fungi	618	False	4
Q6IPU0	Homo sapiens	Metazoa	288	False	4
P40159	Saccharomyces cerevisiae (strain ATCC 204508 / S288c)	Fungi	199	False	4
Q8L8Z1	Arabidopsis thaliana	Viridiplantae	190	True	4
Q9BPW8	Homo sapiens	Metazoa	284	False	4
Q0JJ05	Oryza sativa subsp. japonica	Viridiplantae	987	False	4
Q08058	Saccharomyces cerevisiae (strain ATCC 204508 / S288c)	Fungi	207	False	4
Q94AU9	Arabidopsis thaliana	Viridiplantae	174	False	4
Q9ULX3	Homo sapiens	Metazoa	412	False	4
P17442	Saccharomyces cerevisiae (strain ATCC 204508 / S288c)	Fungi	1178	False	4
P32773	Saccharomyces cerevisiae (strain ATCC 204508 / S288c)	Fungi	286	False	4
Q9FGX1	Arabidopsis thaliana	Viridiplantae	608	False	4
Q96F07	Homo sapiens	Metazoa	1278	False	4
H3BKT1	Mus musculus	Metazoa	185	False	4
P32862	Saccharomyces cerevisiae (strain ATCC 204508 / S288c)	Fungi	1170	False	4
Q9ZVZ9	Arabidopsis thaliana	Viridiplantae	199	False	4
Q70EL3	Homo sapiens	Metazoa	339	False	4
O14981	Homo sapiens	Metazoa	1849	False	4
P22027	Bos taurus	Metazoa	200	False	4
P80217	Homo sapiens	Metazoa	286	False	4
P82670	Bos taurus	Metazoa	201	False	4
Q5XKP0	Homo sapiens	Metazoa	118	True	4
A6NK58	Homo sapiens	Metazoa	231	False	4
O95551	Homo sapiens	Metazoa	362	False	4
O23661	Arabidopsis thaliana	Viridiplantae	608	False	4
A0A0P0WQ90	Oryza sativa subsp. japonica	Viridiplantae	416	False	4
Q59LY1	Candida albicans (strain SC5314 / ATCC MYA-2876)	Fungi	422	False	4
Q16186	Homo sapiens	Metazoa	407	False	4
Q9NYF8	Homo sapiens	Metazoa	920	False	4
Q8LBP4	Arabidopsis thaliana	Viridiplantae	462	False	4
Q80TN7	Mus musculus	Metazoa	2359	False	4
Q9SKZ1	Arabidopsis thaliana	Viridiplantae	296	False	4
P32626	Saccharomyces cerevisiae (strain ATCC 204508 / S288c)	Fungi	227	False	4
Q12530	Saccharomyces cerevisiae (strain ATCC 204508 / S288c)	Fungi	201	True	4
Q2NL27	Bos taurus	Metazoa	190	False	4
Q96I36	Homo sapiens	Metazoa	57	True	4
P12956	Homo sapiens	Metazoa	609	False	4
Q9D2A5	Mus musculus	Metazoa	370	False	4
Q9VV74	Drosophila melanogaster	Metazoa	226	False	4
P10176	Homo sapiens	Metazoa	69	True	4
P48608	Drosophila melanogaster	Metazoa	1091	False	4
P25655	Saccharomyces cerevisiae (strain ATCC 204508 / S288c)	Fungi	2108	False	4
P28656	Mus musculus	Metazoa	391	False	4
Q9ET80	Mus musculus	Metazoa	660	False	4
Q24174	Drosophila melanogaster	Metazoa	904	False	4
P34231	Saccharomyces cerevisiae (strain ATCC 204508 / S288c)	Fungi	750	False	4
C6TA59	Glycine max	Viridiplantae	214	False	4
Q8BJ63	Mus musculus	Metazoa	490	False	4
Q86VI4	Homo sapiens	Metazoa	317	False	4
Q3U6Q4	Mus musculus	Metazoa	756	False	4
Q14159	Homo sapiens	Metazoa	915	False	4
Q08176	Saccharomyces cerevisiae (strain ATCC 204508 / S288c)	Fungi	113	True	4
Q9Y241	Homo sapiens	Metazoa	93	True	4
Q10574	Caenorhabditis elegans	Metazoa	142	False	4
O74879	Schizosaccharomyces pombe (strain 972 / ATCC 24843)	Fungi	634	False	4
Q9FNN3	Arabidopsis thaliana	Viridiplantae	908	False	4
Q9SUT5	Arabidopsis thaliana	Viridiplantae	358	False	4
H9G301	Caenorhabditis elegans	Metazoa	202	False	4
G4NCT7	Pyricularia oryzae (strain 70-15 / ATCC MYA-4617 / FGSC 8958)	Fungi	361	False	4
Q9P7P2	Schizosaccharomyces pombe (strain 972 / ATCC 24843)	Fungi	528	False	4
F4JLC1	Arabidopsis thaliana	Viridiplantae	331	False	4
Q10214	Schizosaccharomyces pombe (strain 972 / ATCC 24843)	Fungi	131	False	4
Q06162	Saccharomyces cerevisiae (strain ATCC 204508 / S288c)	Fungi	153	False	4
D3ZNV2	Rattus norvegicus	Metazoa	288	False	4
Q969P6	Homo sapiens	Metazoa	601	False	4
P52890	Schizosaccharomyces pombe (strain 972 / ATCC 24843)	Fungi	566	False	4
Q8TDG4	Homo sapiens	Metazoa	1101	False	4
Q7L8L6	Homo sapiens	Metazoa	764	False	4
Q09146	Schizosaccharomyces pombe (strain 972 / ATCC 24843)	Fungi	399	False	4
P0DO24	Arabidopsis thaliana	Viridiplantae	649	False	4
Q5THR3	Homo sapiens	Metazoa	1501	False	4
P82412	Spinacia oleracea	Viridiplantae	179	False	4
Q9V3Z1	Drosophila melanogaster	Metazoa	484	False	4
P0CT67	Schizosaccharomyces pombe (strain 972 / ATCC 24843)	Fungi	152	False	4
P38175	Saccharomyces cerevisiae (strain ATCC 204508 / S288c)	Fungi	177	False	4
Q9NQZ6	Homo sapiens	Metazoa	224	False	4
A0SVK0	Arabidopsis thaliana	Viridiplantae	291	False	4
Q9SRT0	Arabidopsis thaliana	Viridiplantae	460	False	4
Q587J8	Homo sapiens	Metazoa	217	False	4
O95948	Homo sapiens	Metazoa	504	False	4
Q9Y6X9	Homo sapiens	Metazoa	1032	False	4
P61604	Homo sapiens	Metazoa	102	False	4
O65680	Arabidopsis thaliana	Viridiplantae	279	False	4
P40037	Saccharomyces cerevisiae (strain ATCC 204508 / S288c)	Fungi	129	False	4
P82192	Spinacia oleracea	Viridiplantae	258	False	4
Q9C107	Schizosaccharomyces pombe (strain 972 / ATCC 24843)	Fungi	815	False	4
Q02864	Saccharomyces cerevisiae (strain ATCC 204508 / S288c)	Fungi	156	False	4
D2K8N5	Nicotiana benthamiana	Viridiplantae	403	False	4
Q9ESJ1	Mus musculus	Metazoa	568	False	4
Q39002	Arabidopsis thaliana	Viridiplantae	624	False	4
Q9NPG3	Homo sapiens	Metazoa	1134	False	4
Q09685	Schizosaccharomyces pombe (strain 972 / ATCC 24843)	Fungi	411	False	4
Q6Z6M4	Oryza sativa subsp. japonica	Viridiplantae	572	False	4
Q06493	Saccharomyces cerevisiae (strain ATCC 204508 / S288c)	Fungi	454	False	4
P37382	Schizosaccharomyces pombe (strain 972 / ATCC 24843)	Fungi	297	False	4
P0CW70	Mus musculus	Metazoa	773	False	4
Q62674	Rattus norvegicus	Metazoa	648	True	4
Q96T76	Homo sapiens	Metazoa	1030	False	4
Q969F2	Homo sapiens	Metazoa	451	False	4
P09597	Spinacia oleracea	Viridiplantae	134	False	4
G2XEY9	Verticillium dahliae (strain VdLs.17 / ATCC MYA-4575 / FGSC 10137)	Fungi	653	False	4
Q9GZT3	Homo sapiens	Metazoa	109	False	4
O49290	Arabidopsis thaliana	Viridiplantae	339	False	4
Q04002	Saccharomyces cerevisiae (strain ATCC 204508 / S288c)	Fungi	1493	False	4
Q3UK10	Mus musculus	Metazoa	175	False	4
O75832	Homo sapiens	Metazoa	226	False	4
Q9R1P0	Mus musculus	Metazoa	261	False	4
G5ED47	Caenorhabditis elegans	Metazoa	413	False	4
B6HQN4	Penicillium rubens (strain ATCC 28089 / DSM 1075 / NRRL 1951 / Wisconsin 54-1255)	Fungi	268	False	4
A0PJW6	Homo sapiens	Metazoa	202	True	4
Q62696	Rattus norvegicus	Metazoa	911	False	4
P34247	Saccharomyces cerevisiae (strain ATCC 204508 / S288c)	Fungi	250	False	4
O14196	Schizosaccharomyces pombe (strain 972 / ATCC 24843)	Fungi	300	False	4
Q9FXH5	Arabidopsis thaliana	Viridiplantae	393	True	4
P04117	Mus musculus	Metazoa	132	False	4
P27889	Mus musculus	Metazoa	558	False	4
Q557E7	Dictyostelium discoideum	Other	665	False	4
Q8WYQ5	Homo sapiens	Metazoa	773	False	4
B9FDE0	Oryza sativa subsp. japonica	Viridiplantae	494	False	4
Q9BV86	Homo sapiens	Metazoa	223	False	4
Q24472	Drosophila melanogaster	Metazoa	845	False	4
Q9S7R7	Arabidopsis thaliana	Viridiplantae	460	False	4
Q9NUU6	Homo sapiens	Metazoa	356	False	4
Q10360	Schizosaccharomyces pombe (strain 972 / ATCC 24843)	Fungi	97	False	4
B9U3F2	Gallus gallus	Metazoa	1338	True	4
Q9P6M0	Schizosaccharomyces pombe (strain 972 / ATCC 24843)	Fungi	419	False	4
Q9UTR8	Schizosaccharomyces pombe (strain 972 / ATCC 24843)	Fungi	712	False	4
Q9LY23	Arabidopsis thaliana	Viridiplantae	286	False	4
Q9Y3B8	Homo sapiens	Metazoa	237	False	4
Q13428	Homo sapiens	Metazoa	1488	False	4
Q7S1R6	Neurospora crassa (strain ATCC 24698 / 74-OR23-1A / CBS 708.71 / DSM 1257 / FGSC 987)	Fungi	267	False	4
Q12381	Schizosaccharomyces pombe (strain 972 / ATCC 24843)	Fungi	906	False	4
Q9VDE8	Drosophila melanogaster	Metazoa	974	False	4
Q9XVD5	Caenorhabditis elegans	Metazoa	303	False	4
S0DPL8	Gibberella fujikuroi (strain CBS 195.34 / IMI 58289 / NRRL A-6831)	Fungi	389	False	4
P40065	Saccharomyces cerevisiae (strain ATCC 204508 / S288c)	Fungi	302	False	4
O35484	Mus musculus	Metazoa	448	False	4
J9VI03	Cryptococcus neoformans (strain H99 / ATCC 208821 / CBS 10515 / FGSC 9487)	Fungi	2377	False	4
B1AUS7	Mus musculus	Metazoa	101	False	4
P52655	Homo sapiens	Metazoa	376	False	4
P22697	Neurospora crassa (strain ATCC 24698 / 74-OR23-1A / CBS 708.71 / DSM 1257 / FGSC 987)	Fungi	236	False	4
Q22037	Caenorhabditis elegans	Metazoa	346	False	4
P79943	Xenopus laevis	Metazoa	254	False	4
P40688	Drosophila melanogaster	Metazoa	548	False	4
Q9M9V6	Arabidopsis thaliana	Viridiplantae	562	False	4
O24370	Solanum tuberosum	Viridiplantae	899	False	4
Q9JJN6	Mus musculus	Metazoa	81	False	4
Q3MIT2	Homo sapiens	Metazoa	529	False	4
Q12334	Saccharomyces cerevisiae (strain ATCC 204508 / S288c)	Fungi	223	False	4
Q8IX15	Homo sapiens	Metazoa	550	False	4
Q8WXW3	Homo sapiens	Metazoa	757	False	4
Q49B96	Homo sapiens	Metazoa	90	False	4
C8KI33	Arabidopsis thaliana	Viridiplantae	646	False	4
P42566	Homo sapiens	Metazoa	896	False	4
Q562A2	Rattus norvegicus	Metazoa	1073	False	4
Q8R139	Mus musculus	Metazoa	528	True	4
P31539	Saccharomyces cerevisiae (strain ATCC 204508 / S288c)	Fungi	908	False	4
Q99MI9	Cricetulus longicaudatus	Metazoa	692	False	4
B2RUZ4	Homo sapiens	Metazoa	78	True	4
Q9M3C6	Arabidopsis thaliana	Viridiplantae	277	False	4
Q8RWV0	Arabidopsis thaliana	Viridiplantae	741	False	4
U4PAZ9	Caenorhabditis elegans	Metazoa	1112	False	4
Q9SZD6	Arabidopsis thaliana	Viridiplantae	953	False	4
Q5T6F0	Homo sapiens	Metazoa	453	False	4
O43813	Homo sapiens	Metazoa	399	False	4
F4JV80	Arabidopsis thaliana	Viridiplantae	155	False	4
P04039	Saccharomyces cerevisiae (strain ATCC 204508 / S288c)	Fungi	78	True	4
Q9C7S5	Arabidopsis thaliana	Viridiplantae	1095	True	4
Q02614	Mus musculus	Metazoa	308	False	4
P18496	Saccharomyces cerevisiae (strain ATCC 204508 / S288c)	Fungi	279	False	4
Q39055	Arabidopsis thaliana	Viridiplantae	390	False	4
Q9US26	Schizosaccharomyces pombe (strain 972 / ATCC 24843)	Fungi	351	False	4
P39682	Saccharomyces cerevisiae (strain ATCC 204508 / S288c)	Fungi	629	False	4
Q9NYV6	Homo sapiens	Metazoa	651	False	4
Q12305	Saccharomyces cerevisiae (strain ATCC 204508 / S288c)	Fungi	139	False	4
A8XJ98	Caenorhabditis briggsae	Metazoa	432	False	4
Q9FEN9	Arabidopsis thaliana	Viridiplantae	228	False	4
Q96AB3	Homo sapiens	Metazoa	205	False	4
P39705	Saccharomyces cerevisiae (strain ATCC 204508 / S288c)	Fungi	539	False	4
P34784	Aglaothamnion neglectum	Other	317	False	4
Q8CJ27	Mus musculus	Metazoa	3122	False	4
Q9NYV7	Homo sapiens	Metazoa	291	True	4
Q08422	Saccharomyces cerevisiae (strain ATCC 204508 / S288c)	Fungi	150	False	4
Q9CAI5	Arabidopsis thaliana	Viridiplantae	465	False	4
Q12789	Homo sapiens	Metazoa	2109	False	4
P62277	Homo sapiens	Metazoa	151	False	4
Q9H3K2	Homo sapiens	Metazoa	345	True	4
Q8CGB3	Mus musculus	Metazoa	1411	False	4
Q75RY2	Oryza sativa subsp. japonica	Viridiplantae	492	False	4
Q96GX5	Homo sapiens	Metazoa	879	False	4
Q95RV2	Drosophila melanogaster	Metazoa	345	False	4
Q9WTZ9	Mus musculus	Metazoa	124	False	4
Q9UK33	Homo sapiens	Metazoa	172	False	4
Q62261	Mus musculus	Metazoa	2363	False	4
Q7TSD4	Mus musculus	Metazoa	393	False	4
Q9WUM4	Mus musculus	Metazoa	474	False	4
Q5VZK9	Homo sapiens	Metazoa	1371	False	4
P56329	Schizosaccharomyces pombe (strain 972 / ATCC 24843)	Fungi	321	False	4
Q8LPU4	Zea mays	Viridiplantae	468	False	4
Q21776	Caenorhabditis elegans	Metazoa	987	False	4
Q84N48	Zea mays	Viridiplantae	611	False	4
P47821	Saccharomyces cerevisiae (strain ATCC 204508 / S288c)	Fungi	323	False	4
P21228	Emericella nidulans (strain FGSC A4 / ATCC 38163 / CBS 112.46 / NRRL 194 / M139)	Fungi	821	False	4
Q674X7	Homo sapiens	Metazoa	775	False	4
S8ESV1	Toxoplasma gondii (strain ATCC 50611 / Me49)	Other	325	False	4
Q9VU86	Drosophila melanogaster	Metazoa	1873	False	4
P42935	Saccharomyces cerevisiae (strain ATCC 204508 / S288c)	Fungi	788	False	4
Q03761	Saccharomyces cerevisiae (strain ATCC 204508 / S288c)	Fungi	539	False	4
Q01454	Saccharomyces cerevisiae (strain ATCC 204508 / S288c)	Fungi	927	False	4
Q95U54	Drosophila melanogaster	Metazoa	959	False	4
Q8GYH7	Arabidopsis thaliana	Viridiplantae	249	False	4
Q96AG4	Homo sapiens	Metazoa	307	False	4
Q9DAG5	Mus musculus	Metazoa	247	False	4
Q9LHE5	Arabidopsis thaliana	Viridiplantae	309	False	4
P38811	Saccharomyces cerevisiae (strain ATCC 204508 / S288c)	Fungi	3744	False	4
P36169	Saccharomyces cerevisiae (strain ATCC 204508 / S288c)	Fungi	355	True	4
Q07381	Saccharomyces cerevisiae (strain ATCC 204508 / S288c)	Fungi	788	False	4
Q12887	Homo sapiens	Metazoa	443	False	4
Q14674	Homo sapiens	Metazoa	2120	False	4
P33751	Saccharomyces cerevisiae (strain ATCC 204508 / S288c)	Fungi	242	False	4
Q9Y287	Homo sapiens	Metazoa	266	True	4
A0A5K1K8Y8	Plasmodium falciparum (isolate 3D7)	Other	372	False	4
P47074	Saccharomyces cerevisiae (strain ATCC 204508 / S288c)	Fungi	515	False	4
Q969S2	Homo sapiens	Metazoa	332	False	4
Q8R507	Mus musculus	Metazoa	461	True	4
P32048	Saccharomyces cerevisiae (strain ATCC 204508 / S288c)	Fungi	576	False	4
Q550D5	Dictyostelium discoideum	Other	872	False	4
P19518	Oryctolagus cuniculus	Metazoa	222	True	4
A0A2Z4LIS9	Homo sapiens	Metazoa	290	False	4
P38351	Saccharomyces cerevisiae (strain ATCC 204508 / S288c)	Fungi	445	False	4
Q8R2H7	Rattus norvegicus	Metazoa	913	False	4
F4KBW6	Arabidopsis thaliana	Viridiplantae	1838	False	4
P47822	Saccharomyces cerevisiae (strain ATCC 204508 / S288c)	Fungi	140	False	4
P08011	Rattus norvegicus	Metazoa	155	True	4
V5IRA3	Neurospora crassa (strain ATCC 24698 / 74-OR23-1A / CBS 708.71 / DSM 1257 / FGSC 987)	Fungi	95	False	4
Q8L4R0	Arabidopsis thaliana	Viridiplantae	350	False	4
Q9ZNT7	Arabidopsis thaliana	Viridiplantae	286	True	4
O15504	Homo sapiens	Metazoa	423	False	4
O48782	Arabidopsis thaliana	Viridiplantae	282	False	4
P0C512	Oryza sativa subsp. japonica	Viridiplantae	477	False	4
O70258	Mus musculus	Metazoa	437	False	4
Q96QC0	Homo sapiens	Metazoa	940	False	4
Q6IDA6	Arabidopsis thaliana	Viridiplantae	162	False	4
Q7DMA9	Arabidopsis thaliana	Viridiplantae	635	False	4
Q38CL4	Trypanosoma brucei brucei (strain 927/4 GUTat10.1)	Other	366	False	4
Q2TAL8	Homo sapiens	Metazoa	776	False	4
Q9H307	Homo sapiens	Metazoa	717	False	4
Q04031	Saccharomyces cerevisiae (strain ATCC 204508 / S288c)	Fungi	235	False	4
Q5XV40	Arabidopsis thaliana	Viridiplantae	358	True	4
P43618	Saccharomyces cerevisiae (strain ATCC 204508 / S288c)	Fungi	361	False	4
O49687	Arabidopsis thaliana	Viridiplantae	589	False	4
O59676	Schizosaccharomyces pombe (strain 972 / ATCC 24843)	Fungi	359	False	4
P87176	Schizosaccharomyces pombe (strain 972 / ATCC 24843)	Fungi	269	False	4
Q9H204	Homo sapiens	Metazoa	178	False	4
Q9T6H8	Arabidopsis thaliana	Viridiplantae	382	True	4
F4I3V6	Arabidopsis thaliana	Viridiplantae	192	False	4
Q99LD8	Mus musculus	Metazoa	285	False	4
Q9JIY2	Mus musculus	Metazoa	491	False	4
P22148	Saccharomyces cerevisiae (strain ATCC 204508 / S288c)	Fungi	382	False	4
O42666	Schizosaccharomyces pombe (strain 972 / ATCC 24843)	Fungi	243	False	4
Q8IUY3	Homo sapiens	Metazoa	354	False	4
Q0WNP3	Arabidopsis thaliana	Viridiplantae	617	False	4
Q07053	Crithidia fasciculata	Other	128	False	4
Q08580	Saccharomyces cerevisiae (strain ATCC 204508 / S288c)	Fungi	376	False	4
Q86WV5	Homo sapiens	Metazoa	123	False	4
Q9UQC2	Homo sapiens	Metazoa	676	False	4
Q8IJH8	Plasmodium falciparum (isolate 3D7)	Other	275	False	4
Q9VLL3	Drosophila melanogaster	Metazoa	753	False	4
Q9NQV6	Homo sapiens	Metazoa	1147	False	4
P0C1Z6	Homo sapiens	Metazoa	253	False	4
Q12056	Saccharomyces cerevisiae (strain ATCC 204508 / S288c)	Fungi	156	False	4
Q8TBZ3	Homo sapiens	Metazoa	569	False	4
Q9SV15	Arabidopsis thaliana	Viridiplantae	325	False	4
Q5JPH6	Homo sapiens	Metazoa	523	False	4
C8VSZ2	Emericella nidulans (strain FGSC A4 / ATCC 38163 / CBS 112.46 / NRRL 194 / M139)	Fungi	370	False	4
Q8VZA0	Arabidopsis thaliana	Viridiplantae	936	False	4
Q3SYG4	Homo sapiens	Metazoa	887	False	4
Q9Y2R0	Homo sapiens	Metazoa	106	True	4
Q12904	Homo sapiens	Metazoa	312	False	4
Q6AX31	Xenopus laevis	Metazoa	660	True	4
Q9V968	Drosophila melanogaster	Metazoa	218	False	4
A0JNW5	Homo sapiens	Metazoa	1464	False	4
O43082	Schizosaccharomyces pombe (strain 972 / ATCC 24843)	Fungi	233	False	4
Q12734	Saccharomyces cerevisiae (strain ATCC 204508 / S288c)	Fungi	1121	False	4
Q03218	Saccharomyces cerevisiae (strain ATCC 204508 / S288c)	Fungi	510	False	4
P38874	Saccharomyces cerevisiae (strain ATCC 204508 / S288c)	Fungi	309	False	4
Q12338	Saccharomyces cerevisiae (strain ATCC 204508 / S288c)	Fungi	110	False	4
P40470	Saccharomyces cerevisiae (strain ATCC 204508 / S288c)	Fungi	206	False	4
Q8TDB6	Homo sapiens	Metazoa	740	False	4
P53289	Saccharomyces cerevisiae (strain ATCC 204508 / S288c)	Fungi	263	False	4
P53569	Mus musculus	Metazoa	1052	False	4
Q9LHF5	Arabidopsis thaliana	Viridiplantae	602	False	4
Q10262	Schizosaccharomyces pombe (strain 972 / ATCC 24843)	Fungi	131	False	4
Q7ZW57	Xenopus laevis	Metazoa	334	False	4
Q7XA78	Arabidopsis thaliana	Viridiplantae	264	False	4
P28776	Mus musculus	Metazoa	407	False	4
P53218	Saccharomyces cerevisiae (strain ATCC 204508 / S288c)	Fungi	158	False	4
O43325	Homo sapiens	Metazoa	122	False	4
L0R6Q1	Homo sapiens	Metazoa	103	True	4
Q9D8V0	Mus musculus	Metazoa	378	True	4
Q06324	Saccharomyces cerevisiae (strain ATCC 204508 / S288c)	Fungi	491	False	4
Q9SIV2	Arabidopsis thaliana	Viridiplantae	891	False	4
Q03533	Saccharomyces cerevisiae (strain ATCC 204508 / S288c)	Fungi	586	False	4
Q9V444	Drosophila melanogaster	Metazoa	128	False	4
P24752	Homo sapiens	Metazoa	427	False	4
P36160	Saccharomyces cerevisiae (strain ATCC 204508 / S288c)	Fungi	344	False	4
Q9H1Z4	Homo sapiens	Metazoa	485	False	4
P46995	Saccharomyces cerevisiae (strain ATCC 204508 / S288c)	Fungi	733	False	4
Q9WTW1	Rattus norvegicus	Metazoa	1043	False	4
Q9BYB4	Homo sapiens	Metazoa	327	False	4
Q9FR37	Arabidopsis thaliana	Viridiplantae	425	False	4
P32389	Saccharomyces cerevisiae (strain ATCC 204508 / S288c)	Fungi	672	False	4
O20030	Chlamydomonas reinhardtii	Viridiplantae	197	True	4
B1AXD8	Mus musculus	Metazoa	201	False	4
Q6IDB6	Arabidopsis thaliana	Viridiplantae	182	False	4
P40360	Saccharomyces cerevisiae (strain ATCC 204508 / S288c)	Fungi	574	False	4
Q9Z1N1	Rattus norvegicus	Metazoa	339	False	4
P53840	Saccharomyces cerevisiae (strain ATCC 204508 / S288c)	Fungi	1238	False	4
P38345	Saccharomyces cerevisiae (strain ATCC 204508 / S288c)	Fungi	138	False	4
Q62100	Mus musculus	Metazoa	101	False	4
Q9P7J2	Schizosaccharomyces pombe (strain 972 / ATCC 24843)	Fungi	203	False	4
P03896	Drosophila melanogaster	Metazoa	341	True	4
Q7S4Y4	Neurospora crassa (strain ATCC 24698 / 74-OR23-1A / CBS 708.71 / DSM 1257 / FGSC 987)	Fungi	90	False	4
Q96AY2	Homo sapiens	Metazoa	570	False	4
Q00055	Saccharomyces cerevisiae (strain ATCC 204508 / S288c)	Fungi	391	False	4
Q9Y2K1	Homo sapiens	Metazoa	713	False	4
O74359	Schizosaccharomyces pombe (strain 972 / ATCC 24843)	Fungi	663	False	4
Q9HAP6	Homo sapiens	Metazoa	207	False	4
P10663	Saccharomyces cerevisiae (strain ATCC 204508 / S288c)	Fungi	115	False	4
Q8AYS7	Gallus gallus	Metazoa	753	False	4
O75955	Homo sapiens	Metazoa	427	False	4
O95905	Homo sapiens	Metazoa	644	False	4
Q9Y3E5	Homo sapiens	Metazoa	179	True	4
P26449	Saccharomyces cerevisiae (strain ATCC 204508 / S288c)	Fungi	341	False	4
Q06497	Saccharomyces cerevisiae (strain ATCC 204508 / S288c)	Fungi	328	True	4
Q5FBB7	Homo sapiens	Metazoa	561	False	4
Q9VNB5	Drosophila melanogaster	Metazoa	486	True	4
Q9Y4W2	Homo sapiens	Metazoa	734	False	4
Q20646	Caenorhabditis elegans	Metazoa	644	False	4
P30952	Saccharomyces cerevisiae (strain ATCC 204508 / S288c)	Fungi	554	False	4
Q8T0G4	Drosophila melanogaster	Metazoa	629	False	4
P29747	Drosophila melanogaster	Metazoa	516	False	4
P13405	Mus musculus	Metazoa	921	False	4
P06367	Saccharomyces cerevisiae (strain ATCC 204508 / S288c)	Fungi	137	False	4
P47123	Saccharomyces cerevisiae (strain ATCC 204508 / S288c)	Fungi	218	False	4
Q8N3I7	Homo sapiens	Metazoa	341	False	4
Q9SCJ9	Arabidopsis thaliana	Viridiplantae	1067	False	4
Q8IZU0	Homo sapiens	Metazoa	186	False	4
Q13536	Homo sapiens	Metazoa	156	False	4
Q9EQJ4	Rattus norvegicus	Metazoa	579	False	4
Q1RNF8	Mus musculus	Metazoa	542	False	4
Q22717	Caenorhabditis elegans	Metazoa	170	False	4
O94864	Homo sapiens	Metazoa	414	False	4
P93303	Arabidopsis thaliana	Viridiplantae	158	True	4
Q92522	Homo sapiens	Metazoa	213	False	4
Q3URQ0	Mus musculus	Metazoa	928	False	4
P92189	Drosophila melanogaster	Metazoa	321	False	4
P43124	Saccharomyces cerevisiae (strain ATCC 204508 / S288c)	Fungi	402	False	4
P18492	Hordeum vulgare	Viridiplantae	469	False	4
Q8C9X6	Mus musculus	Metazoa	813	False	4
Q06706	Saccharomyces cerevisiae (strain ATCC 204508 / S288c)	Fungi	1349	False	4
P29692	Homo sapiens	Metazoa	281	False	4
A8MQN2	Arabidopsis thaliana	Viridiplantae	616	False	4
P35293	Mus musculus	Metazoa	206	False	4
Q61233	Mus musculus	Metazoa	627	False	4
Q9UI36	Homo sapiens	Metazoa	758	False	4
Q12309	Saccharomyces cerevisiae (strain ATCC 204508 / S288c)	Fungi	687	False	4
P56182	Homo sapiens	Metazoa	461	False	4
P16965	Saccharomyces cerevisiae (strain ATCC 204508 / S288c)	Fungi	84	False	4
O74845	Schizosaccharomyces pombe (strain 972 / ATCC 24843)	Fungi	564	False	4
O75531	Homo sapiens	Metazoa	89	False	4
Q9LUJ3	Arabidopsis thaliana	Viridiplantae	163	False	4
Q3ED65	Arabidopsis thaliana	Viridiplantae	261	False	4
Q9Y3F4	Homo sapiens	Metazoa	350	False	4
Q9Y4U1	Homo sapiens	Metazoa	282	False	4
P78345	Homo sapiens	Metazoa	283	False	4
Q673G8	Danio rerio	Metazoa	837	False	4
Q80VR2	Mus musculus	Metazoa	395	False	4
P40847	Schizosaccharomyces pombe (strain 972 / ATCC 24843)	Fungi	254	False	4
Q6XQN6	Homo sapiens	Metazoa	538	False	4
D0EL35	Arabidopsis thaliana	Viridiplantae	1272	False	4
Q9NZ81	Homo sapiens	Metazoa	148	False	4
Q24562	Drosophila melanogaster	Metazoa	416	False	4
Q9BXL5	Homo sapiens	Metazoa	484	False	4
Q12345	Saccharomyces cerevisiae (strain ATCC 204508 / S288c)	Fungi	250	False	4
P70120	Mus musculus	Metazoa	167	False	4
Q9Y6K9	Homo sapiens	Metazoa	419	False	4
Q06214	Saccharomyces cerevisiae (strain ATCC 204508 / S288c)	Fungi	492	False	4
Q8LGU6	Arabidopsis thaliana	Viridiplantae	744	False	4
Q08492	Saccharomyces cerevisiae (strain ATCC 204508 / S288c)	Fungi	214	False	4
Q42606	Arabidopsis thaliana	Viridiplantae	369	False	4
Q1K5G1	Neurospora crassa (strain ATCC 24698 / 74-OR23-1A / CBS 708.71 / DSM 1257 / FGSC 987)	Fungi	320	False	4
Q8W234	Arabidopsis thaliana	Viridiplantae	877	False	4
Q09014	Mus musculus	Metazoa	390	False	4
Q10187	Schizosaccharomyces pombe (strain 972 / ATCC 24843)	Fungi	612	False	4
P40316	Saccharomyces cerevisiae (strain ATCC 204508 / S288c)	Fungi	373	False	4
Q25825	Plasmodium falciparum (isolate 3D7)	Other	121	True	4
Q9P0N9	Homo sapiens	Metazoa	293	False	4
C4R5T1	Komagataella phaffii (strain GS115 / ATCC 20864)	Fungi	384	False	4
F4I9G2	Arabidopsis thaliana	Viridiplantae	426	False	4
Q9Y7J2	Schizosaccharomyces pombe (strain 972 / ATCC 24843)	Fungi	160	False	4
D3KY98	Carapichea ipecacuanha	Viridiplantae	350	False	4
I1SSI6	Petunia hybrida	Viridiplantae	723	False	4
Q5LJZ2	Drosophila melanogaster	Metazoa	1641	False	4
O43586	Homo sapiens	Metazoa	416	False	4
Q7TMA4	Mus musculus	Metazoa	361	True	4
P82162	Spinacia oleracea	Viridiplantae	195	False	4
Q6UEG8	Aspergillus parasiticus (strain ATCC 56775 / NRRL 5862 / SRRC 143 / SU-1)	Fungi	444	False	4
P40554	Saccharomyces cerevisiae (strain ATCC 204508 / S288c)	Fungi	99	False	4
Q8SX83	Drosophila melanogaster	Metazoa	5560	False	4
P30044	Homo sapiens	Metazoa	214	False	4
O75971	Homo sapiens	Metazoa	98	False	4
Q8RWV8	Arabidopsis thaliana	Viridiplantae	442	False	4
P49017	Saccharomyces cerevisiae (strain ATCC 204508 / S288c)	Fungi	307	False	4
Q9FNY2	Arabidopsis thaliana	Viridiplantae	385	False	4
Q8S9K3	Arabidopsis thaliana	Viridiplantae	758	False	4
Q8GV05	Arabidopsis thaliana	Viridiplantae	106	False	4
P53694	Schizosaccharomyces pombe (strain 972 / ATCC 24843)	Fungi	308	False	4
Q96VH4	Saccharomyces cerevisiae (strain ATCC 204508 / S288c)	Fungi	193	False	4
O13744	Schizosaccharomyces pombe (strain 972 / ATCC 24843)	Fungi	259	False	4
O17850	Caenorhabditis elegans	Metazoa	317	False	4
P12624	Bos taurus	Metazoa	333	False	4
Q9M0A5	Arabidopsis thaliana	Viridiplantae	249	False	4
O95273	Homo sapiens	Metazoa	360	False	4
P38242	Saccharomyces cerevisiae (strain ATCC 204508 / S288c)	Fungi	237	True	4
Q34807	Wickerhamomyces canadensis	Fungi	231	False	4
Q08357	Homo sapiens	Metazoa	652	True	4
P39927	Saccharomyces cerevisiae (strain ATCC 204508 / S288c)	Fungi	425	False	4
Q8IUH3	Homo sapiens	Metazoa	476	False	4
P30803	Canis lupus familiaris	Metazoa	1265	False	4
Q7Z624	Homo sapiens	Metazoa	323	False	4
Q9W1H4	Drosophila melanogaster	Metazoa	747	False	4
Q63398	Rattus norvegicus	Metazoa	584	False	4
P32354	Saccharomyces cerevisiae (strain ATCC 204508 / S288c)	Fungi	571	False	4
Q8K480	Mus musculus	Metazoa	584	True	4
P40208	Saccharomyces cerevisiae (strain ATCC 204508 / S288c)	Fungi	455	False	4
P29509	Saccharomyces cerevisiae (strain ATCC 204508 / S288c)	Fungi	319	False	4
Q9BQ69	Homo sapiens	Metazoa	325	False	4
Q9SPI9	Chlamydomonas reinhardtii	Viridiplantae	115	True	4
Q1K5R0	Neurospora crassa (strain ATCC 24698 / 74-OR23-1A / CBS 708.71 / DSM 1257 / FGSC 987)	Fungi	108	False	4
P39535	Saccharomyces cerevisiae (strain ATCC 204508 / S288c)	Fungi	881	False	4
Q0WQG8	Arabidopsis thaliana	Viridiplantae	467	True	4
Q9M0V3	Arabidopsis thaliana	Viridiplantae	1088	False	4
Q8VIE6	Mus musculus	Metazoa	465	True	4
Q2V2P9	Saccharomyces cerevisiae (strain ATCC 204508 / S288c)	Fungi	66	True	4
Q80Z37	Mus musculus	Metazoa	1033	False	4
Q9VAW5	Drosophila melanogaster	Metazoa	1673	False	4
Q7Z418	Homo sapiens	Metazoa	384	True	4
Q7SA90	Neurospora crassa (strain ATCC 24698 / 74-OR23-1A / CBS 708.71 / DSM 1257 / FGSC 987)	Fungi	453	False	4
Q3SZC1	Bos taurus	Metazoa	217	False	4
Q7JXA8	Drosophila melanogaster	Metazoa	418	False	4
P10964	Saccharomyces cerevisiae (strain ATCC 204508 / S288c)	Fungi	1664	False	4
A2IDD5	Homo sapiens	Metazoa	438	False	4
F4JYE9	Arabidopsis thaliana	Viridiplantae	530	False	4
O17670	Caenorhabditis elegans	Metazoa	503	False	4
P10069	Emericella nidulans (strain FGSC A4 / ATCC 38163 / CBS 112.46 / NRRL 194 / M139)	Fungi	432	False	4
Q84WV6	Arabidopsis thaliana	Viridiplantae	635	False	4
G5EFY4	Caenorhabditis elegans	Metazoa	286	False	4
P56280	Mus musculus	Metazoa	116	False	4
Q8TD22	Homo sapiens	Metazoa	340	False	4
O15164	Homo sapiens	Metazoa	1050	False	4
Q9C0E2	Homo sapiens	Metazoa	1151	False	5
Q8NEZ4	Homo sapiens	Metazoa	4911	False	5
O42648	Schizosaccharomyces pombe (strain 972 / ATCC 24843)	Fungi	341	False	5
Q8WXX7	Homo sapiens	Metazoa	1259	False	5
P42114	Neurospora crassa (strain ATCC 24698 / 74-OR23-1A / CBS 708.71 / DSM 1257 / FGSC 987)	Fungi	124	False	5
Q5BJF2	Homo sapiens	Metazoa	176	True	5
Q91YI1	Mus musculus	Metazoa	516	False	5
F4KHI3	Arabidopsis thaliana	Viridiplantae	1168	False	5
Q58DZ9	Rattus norvegicus	Metazoa	258	False	5
Q9AT00	Arabidopsis thaliana	Viridiplantae	345	False	5
Q8GSI0	Oryza sativa subsp. japonica	Viridiplantae	179	False	5
P06391	Nicotiana tabacum	Viridiplantae	93	False	5
Q8N2C7	Homo sapiens	Metazoa	3258	False	5
P21245	Candida boidinii	Fungi	423	True	5
Q0VDF9	Homo sapiens	Metazoa	509	False	5
Q5JS13	Homo sapiens	Metazoa	557	False	5
P39013	Saccharomyces cerevisiae (strain ATCC 204508 / S288c)	Fungi	349	False	5
A0A078CGE6	Brassica napus	Viridiplantae	1299	False	5
Q5VWQ8	Homo sapiens	Metazoa	1189	False	5
Q02040	Homo sapiens	Metazoa	695	False	5
Q2YDI5	Bos taurus	Metazoa	212	False	5
Q07979	Saccharomyces cerevisiae (strain ATCC 204508 / S288c)	Fungi	502	False	5
Q9FNZ5	Arabidopsis thaliana	Viridiplantae	142	False	5
P25626	Saccharomyces cerevisiae (strain ATCC 204508 / S288c)	Fungi	169	False	5
Q969L4	Homo sapiens	Metazoa	123	False	5
Q86US8	Homo sapiens	Metazoa	1419	False	5
Q07799	Saccharomyces cerevisiae (strain ATCC 204508 / S288c)	Fungi	665	False	5
Q8C0V1	Mus musculus	Metazoa	768	False	5
Q9CQT6	Mus musculus	Metazoa	229	False	5
Q96EV8	Homo sapiens	Metazoa	351	False	5
P09932	Saccharomyces cerevisiae (strain ATCC 204508 / S288c)	Fungi	586	False	5
Q9D742	Mus musculus	Metazoa	170	False	5
Q99598	Homo sapiens	Metazoa	290	False	5
Q9BRD0	Homo sapiens	Metazoa	619	False	5
Q8GZM7	Arabidopsis thaliana	Viridiplantae	478	False	5
P36956	Homo sapiens	Metazoa	1147	False	5
Q960V3	Drosophila melanogaster	Metazoa	1122	False	5
Q6NNI3	Arabidopsis thaliana	Viridiplantae	190	False	5
Q6PJG6	Homo sapiens	Metazoa	821	False	5
Q9BYI3	Homo sapiens	Metazoa	521	False	5
A1YKT1	Arabidopsis thaliana	Viridiplantae	433	False	5
Q6IR42	Mus musculus	Metazoa	630	False	5
P11115	Neurospora crassa (strain ATCC 24698 / 74-OR23-1A / CBS 708.71 / DSM 1257 / FGSC 987)	Fungi	270	False	5
Q9W484	Drosophila melanogaster	Metazoa	985	False	5
O82277	Arabidopsis thaliana	Viridiplantae	361	False	5
O88441	Mus musculus	Metazoa	263	False	5
Q8TAF3	Homo sapiens	Metazoa	677	False	5
Q865Y9	Sus scrofa	Metazoa	222	False	5
P38271	Saccharomyces cerevisiae (strain ATCC 204508 / S288c)	Fungi	328	False	5
Q9ZW85	Arabidopsis thaliana	Viridiplantae	251	False	5
Q9SVQ3	Arabidopsis thaliana	Viridiplantae	517	False	5
Q96GN5	Homo sapiens	Metazoa	454	False	5
P35658	Homo sapiens	Metazoa	2090	False	5
Q7S711	Neurospora crassa (strain ATCC 24698 / 74-OR23-1A / CBS 708.71 / DSM 1257 / FGSC 987)	Fungi	443	False	5
O59800	Schizosaccharomyces pombe (strain 972 / ATCC 24843)	Fungi	354	False	5
P20941	Homo sapiens	Metazoa	246	False	5
Q8WYQ3	Homo sapiens	Metazoa	142	False	5
Q84K35	Arabidopsis thaliana	Viridiplantae	330	False	5
O23365	Arabidopsis thaliana	Viridiplantae	580	False	5
Q867Z4	Drosophila melanogaster	Metazoa	970	False	5
A2AKX3	Mus musculus	Metazoa	2646	False	5
P13468	Drosophila melanogaster	Metazoa	463	False	5
P25576	Saccharomyces cerevisiae (strain ATCC 204508 / S288c)	Fungi	258	False	5
Q7RX40	Neurospora crassa (strain ATCC 24698 / 74-OR23-1A / CBS 708.71 / DSM 1257 / FGSC 987)	Fungi	158	False	5
P82244	Spinacia oleracea	Viridiplantae	152	False	5
A1Z830	Drosophila melanogaster	Metazoa	485	False	5
A0A0K3AR81	Caenorhabditis elegans	Metazoa	696	False	5
O23403	Arabidopsis thaliana	Viridiplantae	287	False	5
Q5SUQ9	Mus musculus	Metazoa	1212	False	5
Q9FEC4	Chlamydomonas reinhardtii	Viridiplantae	1783	False	5
Q91YT7	Mus musculus	Metazoa	579	False	5
Q9DBA9	Mus musculus	Metazoa	547	False	5
Q8INR6	Drosophila melanogaster	Metazoa	1848	False	5
Q9UTR1	Schizosaccharomyces pombe (strain 972 / ATCC 24843)	Fungi	1018	False	5
Q8N668	Homo sapiens	Metazoa	190	False	5
O13915	Schizosaccharomyces pombe (strain 972 / ATCC 24843)	Fungi	265	False	5
Q92540	Homo sapiens	Metazoa	1137	False	5
P82922	Bos taurus	Metazoa	397	False	5
G5EGU9	Caenorhabditis elegans	Metazoa	558	False	5
Q96Q15	Homo sapiens	Metazoa	3661	False	5
O75817	Homo sapiens	Metazoa	140	False	5
P40156	Saccharomyces cerevisiae (strain ATCC 204508 / S288c)	Fungi	214	False	5
Q9VGE2	Drosophila melanogaster	Metazoa	384	False	5
Q9USU8	Schizosaccharomyces pombe (strain 972 / ATCC 24843)	Fungi	551	False	5
Q9MBA1	Arabidopsis thaliana	Viridiplantae	536	False	5
Q9BRS8	Homo sapiens	Metazoa	491	False	5
P84148	Candida albicans	Fungi	181	False	5
O75131	Homo sapiens	Metazoa	537	False	5
Q9QZQ8	Mus musculus	Metazoa	369	False	5
Q810J8	Mus musculus	Metazoa	777	False	5
P05375	Saccharomyces cerevisiae (strain ATCC 204508 / S288c)	Fungi	206	True	5
Q9LJ97	Arabidopsis thaliana	Viridiplantae	262	False	5
Q9DB60	Mus musculus	Metazoa	201	False	5
O55022	Mus musculus	Metazoa	195	True	5
Q8TEB9	Homo sapiens	Metazoa	315	True	5
Q9CPZ1	Mus musculus	Metazoa	294	False	5
Q9P7W8	Schizosaccharomyces pombe (strain 972 / ATCC 24843)	Fungi	780	False	5
Q61425	Mus musculus	Metazoa	314	False	5
P78955	Schizosaccharomyces pombe (strain 972 / ATCC 24843)	Fungi	287	False	5
Q8CII8	Mus musculus	Metazoa	388	False	5
Q96N96	Homo sapiens	Metazoa	652	False	5
Q9HDZ6	Schizosaccharomyces pombe (strain 972 / ATCC 24843)	Fungi	155	False	5
Q8K339	Mus musculus	Metazoa	391	False	5
Q06149	Saccharomyces cerevisiae (strain ATCC 204508 / S288c)	Fungi	701	False	5
Q04005	Saccharomyces cerevisiae (strain ATCC 204508 / S288c)	Fungi	294	False	5
P40121	Homo sapiens	Metazoa	348	False	5
D3Z6Q9	Mus musculus	Metazoa	489	False	5
Q4V7H8	Xenopus laevis	Metazoa	296	False	5
P58753	Homo sapiens	Metazoa	221	False	5
Q12094	Saccharomyces cerevisiae (strain ATCC 204508 / S288c)	Fungi	313	False	5
Q9D9W1	Mus musculus	Metazoa	207	False	5
C6EUD4	Fasciola hepatica	Metazoa	478	False	5
Q9NZC4	Homo sapiens	Metazoa	300	False	5
P21138	Entamoeba histolytica (strain ATCC 30459 / HM-1:IMSS / ABRM)	Other	233	False	5
Q5JTH9	Homo sapiens	Metazoa	1297	False	5
F4I902	Arabidopsis thaliana	Viridiplantae	420	False	5
P06269	Nicotiana tabacum	Viridiplantae	337	False	5
P82970	Homo sapiens	Metazoa	282	False	5
O00910	Dictyostelium discoideum	Other	707	False	5
Q8RY16	Arabidopsis thaliana	Viridiplantae	941	False	5
Q9LGE3	Oryza sativa subsp. japonica	Viridiplantae	109	False	5
O00712	Homo sapiens	Metazoa	420	False	5
P0DH95	Arabidopsis thaliana	Viridiplantae	149	False	5
Q9BWN1	Homo sapiens	Metazoa	585	False	5
P82352	Oryctolagus cuniculus	Metazoa	238	True	5
P38786	Saccharomyces cerevisiae (strain ATCC 204508 / S288c)	Fungi	293	False	5
Q4VC44	Homo sapiens	Metazoa	716	False	5
Q92619	Homo sapiens	Metazoa	1136	False	5
P09007	Saccharomyces cerevisiae (strain ATCC 204508 / S288c)	Fungi	221	False	5
Q96SY0	Homo sapiens	Metazoa	518	False	5
O35615	Mus musculus	Metazoa	995	False	5
Q03036	Saccharomyces cerevisiae (strain ATCC 204508 / S288c)	Fungi	179	False	5
Q9VR17	Drosophila melanogaster	Metazoa	363	False	5
Q7SHB2	Neurospora crassa (strain ATCC 24698 / 74-OR23-1A / CBS 708.71 / DSM 1257 / FGSC 987)	Fungi	348	False	5
Q6UW78	Homo sapiens	Metazoa	93	True	5
Q9EP97	Mus musculus	Metazoa	568	False	5
Q9FLU1	Arabidopsis thaliana	Viridiplantae	454	False	5
Q9V7P1	Drosophila melanogaster	Metazoa	506	False	5
O13710	Schizosaccharomyces pombe (strain 972 / ATCC 24843)	Fungi	1076	False	5
P39113	Saccharomyces cerevisiae (strain ATCC 204508 / S288c)	Fungi	1433	False	5
Q12298	Saccharomyces cerevisiae (strain ATCC 204508 / S288c)	Fungi	539	False	5
Q0E7J7	Schizosaccharomyces pombe (strain 972 / ATCC 24843)	Fungi	325	False	5
P32322	Homo sapiens	Metazoa	319	False	5
P16862	Saccharomyces cerevisiae (strain ATCC 204508 / S288c)	Fungi	959	False	5
P47093	Saccharomyces cerevisiae (strain ATCC 204508 / S288c)	Fungi	109	False	5
Q13342	Homo sapiens	Metazoa	867	False	5
Q9P7N4	Schizosaccharomyces pombe (strain 972 / ATCC 24843)	Fungi	315	False	5
Q63836	Mus musculus	Metazoa	472	False	5
A8BFN4	Giardia intestinalis (strain ATCC 50803 / WB clone C6)	Other	1480	False	5
P18847	Homo sapiens	Metazoa	181	False	5
Q4VBD9	Mus musculus	Metazoa	706	False	5
Q06109	Saccharomyces cerevisiae (strain ATCC 204508 / S288c)	Fungi	277	False	5
P03872	Saccharomyces cerevisiae (strain ATCC 204508 / S288c)	Fungi	296	False	5
Q96GC9	Homo sapiens	Metazoa	406	True	5
Q62733	Rattus norvegicus	Metazoa	452	False	5
P48612	Drosophila melanogaster	Metazoa	395	False	5
P25801	Mus musculus	Metazoa	158	False	5
Q8NFH3	Homo sapiens	Metazoa	380	False	5
Q6ZQX7	Homo sapiens	Metazoa	453	False	5
Q12884	Homo sapiens	Metazoa	760	True	5
A7TUE1	Medicago truncatula	Viridiplantae	513	False	5
Q9SG86	Arabidopsis thaliana	Viridiplantae	675	False	5
Q9Y6M1	Homo sapiens	Metazoa	599	False	5
Q6PDS3	Mus musculus	Metazoa	724	False	5
Q8IH18	Drosophila melanogaster	Metazoa	1010	False	5
O15047	Homo sapiens	Metazoa	1707	False	5
Q8VEK3	Mus musculus	Metazoa	800	False	5
Q5BVD1	Homo sapiens	Metazoa	217	True	5
O42848	Schizosaccharomyces pombe (strain 972 / ATCC 24843)	Fungi	197	False	5
Q9SKZ5	Arabidopsis thaliana	Viridiplantae	560	False	5
P35817	Saccharomyces cerevisiae (strain ATCC 204508 / S288c)	Fungi	686	False	5
Q7FZF1	Arabidopsis thaliana	Viridiplantae	203	False	5
Q94545	Drosophila melanogaster	Metazoa	556	False	5
Q6BDR8	Schizosaccharomyces pombe (strain 972 / ATCC 24843)	Fungi	300	False	5
Q9H583	Homo sapiens	Metazoa	2144	False	5
O43521	Homo sapiens	Metazoa	198	False	5
P38969	Saccharomyces cerevisiae (strain ATCC 204508 / S288c)	Fungi	423	False	5
Q9QZE5	Mus musculus	Metazoa	874	False	5
Q9SK50	Arabidopsis thaliana	Viridiplantae	539	False	5
P25651	Saccharomyces cerevisiae (strain ATCC 204508 / S288c)	Fungi	190	False	5
Q9LF68	Arabidopsis thaliana	Viridiplantae	177	False	5
A0A125YYB5	Toxoplasma gondii (strain ATCC 50611 / Me49)	Other	509	False	5
Q9D3F7	Mus musculus	Metazoa	229	False	5
P22141	Saccharomyces cerevisiae (strain ATCC 204508 / S288c)	Fungi	198	False	5
Q9NX70	Homo sapiens	Metazoa	200	False	5
P53869	Saccharomyces cerevisiae (strain ATCC 204508 / S288c)	Fungi	86	False	5
G5ECD6	Caenorhabditis elegans	Metazoa	1322	True	5
P59055	Mus musculus	Metazoa	597	False	5
O42975	Schizosaccharomyces pombe (strain 972 / ATCC 24843)	Fungi	972	False	5
P62750	Homo sapiens	Metazoa	156	False	5
Q9ZVJ3	Arabidopsis thaliana	Viridiplantae	550	False	5
Q7K6X4	Caenorhabditis elegans	Metazoa	497	False	5
Q8WZJ8	Schizosaccharomyces pombe (strain 972 / ATCC 24843)	Fungi	210	False	5
Q9C0U3	Schizosaccharomyces pombe (strain 972 / ATCC 24843)	Fungi	109	False	5
O59669	Schizosaccharomyces pombe (strain 972 / ATCC 24843)	Fungi	139	False	5
P05626	Saccharomyces cerevisiae (strain ATCC 204508 / S288c)	Fungi	244	False	5
Q12283	Saccharomyces cerevisiae (strain ATCC 204508 / S288c)	Fungi	360	False	5
Q8NB91	Homo sapiens	Metazoa	859	False	5
P53254	Saccharomyces cerevisiae (strain ATCC 204508 / S288c)	Fungi	1237	False	5
Q70EL2	Homo sapiens	Metazoa	814	False	5
Q9FHK4	Arabidopsis thaliana	Viridiplantae	615	False	5
Q9D6J5	Mus musculus	Metazoa	186	False	5
Q9D030	Mus musculus	Metazoa	160	False	5
Q12374	Saccharomyces cerevisiae (strain ATCC 204508 / S288c)	Fungi	616	False	5
P54730	Saccharomyces cerevisiae (strain ATCC 204508 / S288c)	Fungi	416	False	5
Q9LFQ9	Arabidopsis thaliana	Viridiplantae	359	False	5
Q05900	Saccharomyces cerevisiae (strain ATCC 204508 / S288c)	Fungi	231	False	5
Q9LV85	Arabidopsis thaliana	Viridiplantae	564	False	5
Q10SY9	Oryza sativa subsp. japonica	Viridiplantae	472	True	5
Q00471	Chlamydomonas reinhardtii	Viridiplantae	215	True	5
Q05175	Rattus norvegicus	Metazoa	220	False	5
Q9H9J2	Homo sapiens	Metazoa	332	False	5
Q9UUI3	Schizosaccharomyces pombe (strain 972 / ATCC 24843)	Fungi	585	False	5
Q96M32	Homo sapiens	Metazoa	723	False	5
Q96PP9	Homo sapiens	Metazoa	640	False	5
Q969P5	Homo sapiens	Metazoa	355	False	5
E5FYH0	Ovis aries	Metazoa	1599	False	5
Q84V03	Arabidopsis thaliana	Viridiplantae	778	False	5
O94632	Schizosaccharomyces pombe (strain 972 / ATCC 24843)	Fungi	773	False	5
Q9FGQ9	Arabidopsis thaliana	Viridiplantae	177	False	5
Q9C5Q2	Arabidopsis thaliana	Viridiplantae	262	False	5
Q10LI1	Oryza sativa subsp. japonica	Viridiplantae	260	False	5
Q9Y3M2	Homo sapiens	Metazoa	126	False	5
Q15013	Homo sapiens	Metazoa	274	False	5
Q9SY69	Arabidopsis thaliana	Viridiplantae	913	False	5
Q6ZIK5	Oryza sativa subsp. japonica	Viridiplantae	394	False	5
Q9S7B5	Arabidopsis thaliana	Viridiplantae	526	False	5
Q9Z1T5	Mus musculus	Metazoa	566	False	5
A0PJY2	Homo sapiens	Metazoa	475	False	5
Q8ND76	Homo sapiens	Metazoa	341	False	5
P08153	Saccharomyces cerevisiae (strain ATCC 204508 / S288c)	Fungi	709	False	5
Q9EQR5	Mus musculus	Metazoa	269	True	5
P35169	Saccharomyces cerevisiae (strain ATCC 204508 / S288c)	Fungi	2470	False	5
Q9D385	Mus musculus	Metazoa	163	False	5
X5HYT8	Oryza sativa subsp. japonica	Viridiplantae	425	False	5
Q54BW5	Dictyostelium discoideum	Other	179	False	5
Q38AH0	Trypanosoma brucei brucei (strain 927/4 GUTat10.1)	Other	370	False	5
P20477	Drosophila melanogaster	Metazoa	399	False	5
Q9FJW6	Arabidopsis thaliana	Viridiplantae	798	False	5
Q9ESM6	Mus musculus	Metazoa	539	True	5
P56288	Schizosaccharomyces pombe (strain 972 / ATCC 24843)	Fungi	458	False	5
O45784	Caenorhabditis elegans	Metazoa	183	False	5
Q9NRY6	Homo sapiens	Metazoa	295	False	5
Q04213	Saccharomyces cerevisiae (strain ATCC 204508 / S288c)	Fungi	475	False	5
Q9Y5Z9	Homo sapiens	Metazoa	338	True	5
Q07436	Drosophila melanogaster	Metazoa	1427	False	5
Q96LW4	Homo sapiens	Metazoa	560	False	5
Q06106	Saccharomyces cerevisiae (strain ATCC 204508 / S288c)	Fungi	887	False	5
O74518	Schizosaccharomyces pombe (strain 972 / ATCC 24843)	Fungi	336	False	5
Q6RI63	Mus musculus	Metazoa	786	False	5
Q28177	Bos taurus	Metazoa	415	False	5
Q10210	Schizosaccharomyces pombe (strain 972 / ATCC 24843)	Fungi	391	False	5
Q91X52	Mus musculus	Metazoa	244	False	5
Q96N11	Homo sapiens	Metazoa	449	False	5
E9F591	Metarhizium robertsii (strain ARSEF 23 / ATCC MYA-3075)	Fungi	445	False	5
Q14140	Homo sapiens	Metazoa	314	False	5
Q06678	Saccharomyces cerevisiae (strain ATCC 204508 / S288c)	Fungi	367	False	5
Q8N4L1	Homo sapiens	Metazoa	468	True	5
Q12754	Saccharomyces cerevisiae (strain ATCC 204508 / S288c)	Fungi	1228	False	5
P06813	Oryctolagus cuniculus	Metazoa	266	False	5
O14246	Schizosaccharomyces pombe (strain 972 / ATCC 24843)	Fungi	508	False	5
P82925	Bos taurus	Metazoa	386	False	5
P53309	Saccharomyces cerevisiae (strain ATCC 204508 / S288c)	Fungi	568	False	5
P07954	Homo sapiens	Metazoa	510	False	5
Q923D5	Mus musculus	Metazoa	641	False	5
P0C2C1	Rattus norvegicus	Metazoa	160	False	5
P32494	Saccharomyces cerevisiae (strain ATCC 204508 / S288c)	Fungi	702	False	5
Q9QYE3	Mus musculus	Metazoa	835	False	5
P31115	Saccharomyces cerevisiae (strain ATCC 204508 / S288c)	Fungi	442	False	5
P92966	Arabidopsis thaliana	Viridiplantae	356	False	5
Q9D5P4	Mus musculus	Metazoa	561	False	5
Q10308	Schizosaccharomyces pombe (strain 972 / ATCC 24843)	Fungi	269	False	5
P25856	Arabidopsis thaliana	Viridiplantae	396	False	5
Q07349	Saccharomyces cerevisiae (strain ATCC 204508 / S288c)	Fungi	420	False	5
O13395	Mycosarcoma maydis	Fungi	1180	False	5
Q96WW3	Schizosaccharomyces pombe (strain 972 / ATCC 24843)	Fungi	117	False	5
Q9NVV9	Homo sapiens	Metazoa	213	False	5
Q1K8V2	Neurospora crassa (strain ATCC 24698 / 74-OR23-1A / CBS 708.71 / DSM 1257 / FGSC 987)	Fungi	91	False	5
P54105	Homo sapiens	Metazoa	237	False	5
Q9H6K1	Homo sapiens	Metazoa	298	False	5
J9VP29	Cryptococcus neoformans (strain H99 / ATCC 208821 / CBS 10515 / FGSC 9487)	Fungi	331	False	5
P38804	Saccharomyces cerevisiae (strain ATCC 204508 / S288c)	Fungi	111	False	5
Q9NPJ1	Homo sapiens	Metazoa	570	False	5
Q61818	Mus musculus	Metazoa	1889	False	5
Q3SZ86	Bos taurus	Metazoa	205	False	5
Q8VC49	Mus musculus	Metazoa	283	False	5
Q8TBR7	Homo sapiens	Metazoa	257	True	5
Q9Y3E1	Homo sapiens	Metazoa	203	False	5
Q8WQX5	Trypanosoma brucei brucei	Other	976	False	5
Q9WUF3	Mus musculus	Metazoa	1962	False	5
Q9LXR9	Arabidopsis thaliana	Viridiplantae	348	False	5
O94716	Schizosaccharomyces pombe (strain 972 / ATCC 24843)	Fungi	233	False	5
Q9Y5A7	Homo sapiens	Metazoa	615	False	5
P27788	Zea mays	Viridiplantae	152	False	5
Q9UNE7	Homo sapiens	Metazoa	303	False	5
O05000	Arabidopsis thaliana	Viridiplantae	499	True	5
Q9LES2	Arabidopsis thaliana	Viridiplantae	478	False	5
O75689	Homo sapiens	Metazoa	374	False	5
Q96S44	Homo sapiens	Metazoa	253	False	5
P53991	Chlamydomonas reinhardtii	Viridiplantae	354	False	5
P61221	Homo sapiens	Metazoa	599	False	5
Q8IXI2	Homo sapiens	Metazoa	618	False	5
O88492	Mus musculus	Metazoa	1403	False	5
A0A2I0BUK1	Plasmodium falciparum (isolate NF54)	Other	893	False	5
Q01560	Saccharomyces cerevisiae (strain ATCC 204508 / S288c)	Fungi	414	False	5
O95751	Homo sapiens	Metazoa	146	False	5
P24278	Homo sapiens	Metazoa	435	False	5
Q9SQR3	Arabidopsis thaliana	Viridiplantae	267	False	5
Q9P805	Schizosaccharomyces pombe (strain 972 / ATCC 24843)	Fungi	127	False	5
Q8W4D0	Arabidopsis thaliana	Viridiplantae	631	False	5
Q9BT92	Homo sapiens	Metazoa	498	False	5
V5ILE0	Neurospora crassa (strain ATCC 24698 / 74-OR23-1A / CBS 708.71 / DSM 1257 / FGSC 987)	Fungi	428	False	5
O14122	Schizosaccharomyces pombe (strain 972 / ATCC 24843)	Fungi	734	False	5
Q2HJ10	Mus musculus	Metazoa	371	True	5
Q24167	Drosophila melanogaster	Metazoa	1507	False	5
Q62908	Rattus norvegicus	Metazoa	193	False	5
O22160	Arabidopsis thaliana	Viridiplantae	224	False	5
Q6ATB4	Oryza sativa subsp. japonica	Viridiplantae	583	False	5
Q24459	Drosophila melanogaster	Metazoa	1043	False	5
Q9FMV1	Arabidopsis thaliana	Viridiplantae	252	False	5
Q9M424	Solanum tuberosum	Viridiplantae	498	False	5
Q7Y1W1	Arabidopsis thaliana	Viridiplantae	527	False	5
O13516	Saccharomyces cerevisiae (strain ATCC 204508 / S288c)	Fungi	197	False	5
P40506	Saccharomyces cerevisiae (strain ATCC 204508 / S288c)	Fungi	365	False	5
P09798	Saccharomyces cerevisiae (strain ATCC 204508 / S288c)	Fungi	840	False	5
Q3MK94	Arabidopsis thaliana	Viridiplantae	428	False	5
Q04003	Saccharomyces cerevisiae (strain ATCC 204508 / S288c)	Fungi	481	False	5
Q06148	Saccharomyces cerevisiae (strain ATCC 204508 / S288c)	Fungi	342	True	5
Q9NVD7	Homo sapiens	Metazoa	372	False	5
P53720	Saccharomyces cerevisiae (strain ATCC 204508 / S288c)	Fungi	384	False	5
O43504	Homo sapiens	Metazoa	91	False	5
O82804	Arabidopsis thaliana	Viridiplantae	695	False	5
O60097	Schizosaccharomyces pombe (strain 972 / ATCC 24843)	Fungi	526	False	5
P0DOY1	Mus musculus	Metazoa	740	False	5
Q9CX92	Mus musculus	Metazoa	205	True	5
J4UQC2	Beauveria bassiana (strain ARSEF 2860)	Fungi	682	False	5
P24473	Rattus norvegicus	Metazoa	226	False	5
O96000	Homo sapiens	Metazoa	172	False	5
P57088	Homo sapiens	Metazoa	247	True	5
O75934	Homo sapiens	Metazoa	225	False	5
G5EC32	Caenorhabditis elegans	Metazoa	1005	False	5
Q80WT4	Mus musculus	Metazoa	515	True	5
Q9M158	Arabidopsis thaliana	Viridiplantae	466	False	5
Q9NEZ5	Caenorhabditis elegans	Metazoa	350	False	5
Q24573	Drosophila melanogaster	Metazoa	911	False	5
Q8N3V7	Homo sapiens	Metazoa	929	False	5
Q9XIK0	Arabidopsis thaliana	Viridiplantae	179	False	5
Q9BYE2	Homo sapiens	Metazoa	586	False	5
A0A0U2X0E4	Mycosarcoma maydis	Fungi	443	False	5
G5EGK5	Caenorhabditis elegans	Metazoa	928	False	5
O94446	Schizosaccharomyces pombe (strain 972 / ATCC 24843)	Fungi	463	False	5
Q02783	Saccharomyces cerevisiae (strain ATCC 204508 / S288c)	Fungi	413	False	5
Q1MTS0	Schizosaccharomyces pombe (strain 972 / ATCC 24843)	Fungi	597	False	5
Q15078	Homo sapiens	Metazoa	307	False	5
P37225	Solanum tuberosum	Viridiplantae	601	False	5
Q7FAD5	Oryza sativa subsp. japonica	Viridiplantae	869	False	5
Q9SV55	Arabidopsis thaliana	Viridiplantae	425	False	5
Q03213	Saccharomyces cerevisiae (strain ATCC 204508 / S288c)	Fungi	719	False	5
P41046	Drosophila melanogaster	Metazoa	550	False	5
H3K2Y6	Arabidopsis thaliana	Viridiplantae	2235	False	5
Q6ZTU2	Homo sapiens	Metazoa	488	False	5
O94516	Schizosaccharomyces pombe (strain 972 / ATCC 24843)	Fungi	364	False	5
Q6VVB1	Homo sapiens	Metazoa	395	False	5
Q9HEQ9	Schizosaccharomyces pombe (strain 972 / ATCC 24843)	Fungi	349	False	5
Q8LL04	Arabidopsis thaliana	Viridiplantae	1241	False	5
Q9H902	Homo sapiens	Metazoa	201	True	5
Q96FI4	Homo sapiens	Metazoa	390	False	5
A9Y0K8	Medicago truncatula	Viridiplantae	313	False	5
Q9DEE9	Gallus gallus	Metazoa	396	False	5
Q09668	Schizosaccharomyces pombe (strain 972 / ATCC 24843)	Fungi	117	False	5
Q02759	Rattus norvegicus	Metazoa	663	False	5
O70404	Mus musculus	Metazoa	101	True	5
O00841	Dictyostelium discoideum	Other	802	False	5
O80931	Arabidopsis thaliana	Viridiplantae	367	False	5
O22914	Arabidopsis thaliana	Viridiplantae	124	False	5
Q8HTL5	Chlamydomonas reinhardtii	Viridiplantae	175	True	5
A4FUC0	Bos taurus	Metazoa	423	False	5
Q7L0X2	Homo sapiens	Metazoa	663	False	5
P51998	Saccharomyces cerevisiae (strain ATCC 204508 / S288c)	Fungi	286	False	5
Q9BZV1	Homo sapiens	Metazoa	441	False	5
Q9SG11	Arabidopsis thaliana	Viridiplantae	352	False	5
Q8GTS1	Arabidopsis thaliana	Viridiplantae	227	False	5
O49562	Arabidopsis thaliana	Viridiplantae	403	False	5
Q9VT00	Drosophila melanogaster	Metazoa	2351	False	5
O08590	Rattus norvegicus	Metazoa	763	True	5
P47979	Schizosaccharomyces pombe (strain 972 / ATCC 24843)	Fungi	404	False	5
Q12161	Saccharomyces cerevisiae (strain ATCC 204508 / S288c)	Fungi	406	False	5
Q69ZF8	Mus musculus	Metazoa	577	False	5
Q9SEL7	Arabidopsis thaliana	Viridiplantae	323	False	5
Q9Y3S1	Homo sapiens	Metazoa	2297	False	5
Q9LX34	Arabidopsis thaliana	Viridiplantae	95	False	5
Q8BGD8	Mus musculus	Metazoa	79	False	5
Q9C565	Arabidopsis thaliana	Viridiplantae	373	False	5
P38830	Saccharomyces cerevisiae (strain ATCC 204508 / S288c)	Fungi	627	False	5
Q05CL8	Mus musculus	Metazoa	570	False	5
O94326	Schizosaccharomyces pombe (strain 972 / ATCC 24843)	Fungi	609	False	5
Q8NB78	Homo sapiens	Metazoa	822	False	5
Q6GLP4	Xenopus laevis	Metazoa	391	False	5
O74517	Schizosaccharomyces pombe (strain 972 / ATCC 24843)	Fungi	278	False	5
Q9P0S2	Homo sapiens	Metazoa	106	True	5
Q05024	Saccharomyces cerevisiae (strain ATCC 204508 / S288c)	Fungi	226	False	5
A0A1D6IEG9	Zea mays	Viridiplantae	668	False	5
Q8BG87	Mus musculus	Metazoa	1803	False	5
P22068	Schizosaccharomyces pombe (strain 972 / ATCC 24843)	Fungi	525	False	5
Q8VZS3	Arabidopsis thaliana	Viridiplantae	354	False	5
P38889	Saccharomyces cerevisiae (strain ATCC 204508 / S288c)	Fungi	622	False	5
P30155	Nicotiana tabacum	Viridiplantae	179	False	5
Q9VXG1	Drosophila melanogaster	Metazoa	1959	False	5
P21306	Saccharomyces cerevisiae (strain ATCC 204508 / S288c)	Fungi	62	False	5
A0A0G2K047	Rattus norvegicus	Metazoa	683	False	5
Q8CFC7	Mus musculus	Metazoa	668	False	5
Q7S2H6	Neurospora crassa (strain ATCC 24698 / 74-OR23-1A / CBS 708.71 / DSM 1257 / FGSC 987)	Fungi	310	False	5
Q91XB0	Mus musculus	Metazoa	314	False	5
Q8N2F6	Homo sapiens	Metazoa	343	True	5
Q8BJA3	Mus musculus	Metazoa	419	False	5
Q9ES52	Mus musculus	Metazoa	1191	False	5
O15524	Homo sapiens	Metazoa	211	False	5
Q9NYY8	Homo sapiens	Metazoa	710	False	5
Q8BRE0	Mus musculus	Metazoa	195	False	5
Q96B49	Homo sapiens	Metazoa	74	True	5
Q39161	Arabidopsis thaliana	Viridiplantae	586	False	5
P40096	Saccharomyces cerevisiae (strain ATCC 204508 / S288c)	Fungi	142	False	5
Q91836	Xenopus laevis	Metazoa	298	False	5
O13894	Schizosaccharomyces pombe (strain 972 / ATCC 24843)	Fungi	124	False	5
Q9LSQ5	Arabidopsis thaliana	Viridiplantae	204	False	5
Q5M775	Homo sapiens	Metazoa	1068	False	5
Q00278	Aspergillus parasiticus (strain ATCC 56775 / NRRL 5862 / SRRC 143 / SU-1)	Fungi	271	False	5
F4IDB2	Arabidopsis thaliana	Viridiplantae	1325	False	5
W8JWV8	Catharanthus roseus	Viridiplantae	378	False	5
O48721	Arabidopsis thaliana	Viridiplantae	321	False	5
Q9P7P1	Schizosaccharomyces pombe (strain 972 / ATCC 24843)	Fungi	147	False	5
O65220	Arabidopsis thaliana	Viridiplantae	281	False	5
Q12420	Saccharomyces cerevisiae (strain ATCC 204508 / S288c)	Fungi	587	False	5
Q03327	Saccharomyces cerevisiae (strain ATCC 204508 / S288c)	Fungi	502	False	5
K7WDL7	Catharanthus roseus	Viridiplantae	388	False	5
P25586	Saccharomyces cerevisiae (strain ATCC 204508 / S288c)	Fungi	316	False	5
Q6TA49	Sus scrofa	Metazoa	289	True	5
V5IM94	Neurospora crassa (strain ATCC 24698 / 74-OR23-1A / CBS 708.71 / DSM 1257 / FGSC 987)	Fungi	141	False	5
O35473	Mus musculus	Metazoa	141	False	5
Q6NZF1	Mus musculus	Metazoa	792	False	5
Q9V6Q2	Drosophila melanogaster	Metazoa	225	False	5
P36523	Saccharomyces cerevisiae (strain ATCC 204508 / S288c)	Fungi	253	False	5
O81208	Arabidopsis thaliana	Viridiplantae	110	True	5
P21657	Saccharomyces cerevisiae (strain ATCC 204508 / S288c)	Fungi	970	False	5
O54942	Mus musculus	Metazoa	218	True	5
Q6EPN6	Oryza sativa subsp. japonica	Viridiplantae	222	False	5
O13838	Schizosaccharomyces pombe (strain 972 / ATCC 24843)	Fungi	371	False	5
O75340	Homo sapiens	Metazoa	191	False	5
P48412	Saccharomyces cerevisiae (strain ATCC 204508 / S288c)	Fungi	387	False	5
Q8GW43	Arabidopsis thaliana	Viridiplantae	476	False	5
Q9NQC7	Homo sapiens	Metazoa	956	False	5
Q6EPZ0	Oryza sativa subsp. japonica	Viridiplantae	318	False	5
P19541	Saccharomyces cerevisiae (strain ATCC 204508 / S288c)	Fungi	446	False	5
Q6P2H3	Homo sapiens	Metazoa	762	False	5
F4J264	Arabidopsis thaliana	Viridiplantae	406	False	5
Q9T0A4	Arabidopsis thaliana	Viridiplantae	250	False	5
Q8K3Y3	Mus musculus	Metazoa	209	False	5
B8B0E2	Oryza sativa subsp. indica	Viridiplantae	1246	False	5
Q5HZI1	Mus musculus	Metazoa	1210	False	5
P62913	Homo sapiens	Metazoa	178	False	5
Q03760	Saccharomyces cerevisiae (strain ATCC 204508 / S288c)	Fungi	334	False	5
Q02457	Saccharomyces cerevisiae (strain ATCC 204508 / S288c)	Fungi	562	False	5
Q7TQK0	Mus musculus	Metazoa	723	False	5
O59836	Schizosaccharomyces pombe (strain 972 / ATCC 24843)	Fungi	545	False	5
Q9UTH9	Schizosaccharomyces pombe (strain 972 / ATCC 24843)	Fungi	617	False	5
P83369	Homo sapiens	Metazoa	360	False	5
G5ECC7	Caenorhabditis elegans	Metazoa	1264	False	5
Q9SQK3	Arabidopsis thaliana	Viridiplantae	315	False	5
H2KZB2	Caenorhabditis elegans	Metazoa	603	True	5
Q8IEG9	Plasmodium falciparum (isolate 3D7)	Other	408	False	5
Q9Y448	Homo sapiens	Metazoa	316	False	5
Q3UB74	Mus musculus	Metazoa	406	False	5
O77408	Lymnaea stagnalis	Metazoa	638	True	5
O36030	Schizosaccharomyces pombe (strain 972 / ATCC 24843)	Fungi	391	False	5
Q9NUL5	Homo sapiens	Metazoa	291	False	5
Q9Z110	Mus musculus	Metazoa	795	False	5
Q91Z31	Mus musculus	Metazoa	531	False	5
Q24246	Drosophila melanogaster	Metazoa	663	False	5
Q96IZ0	Homo sapiens	Metazoa	340	False	5
Q42843	Hordeum vulgare	Viridiplantae	527	False	5
Q10271	Schizosaccharomyces pombe (strain 972 / ATCC 24843)	Fungi	321	False	5
J9VJ62	Cryptococcus neoformans (strain H99 / ATCC 208821 / CBS 10515 / FGSC 9487)	Fungi	359	False	5
Q22829	Caenorhabditis elegans	Metazoa	470	False	5
Q197W8	Arabidopsis thaliana	Viridiplantae	473	False	5
A4GSN8	Arabidopsis thaliana	Viridiplantae	2093	False	5
Q12242	Saccharomyces cerevisiae (strain ATCC 204508 / S288c)	Fungi	671	False	5
P38398	Homo sapiens	Metazoa	1863	False	5
E1BUG7	Gallus gallus	Metazoa	690	False	5
O15431	Homo sapiens	Metazoa	190	True	5
Q9WV78	Rattus norvegicus	Metazoa	438	True	5
P32841	Saccharomyces cerevisiae (strain ATCC 204508 / S288c)	Fungi	428	False	5
O74826	Schizosaccharomyces pombe (strain 972 / ATCC 24843)	Fungi	216	False	5
P83213	Bolinus brandaris	Metazoa	54	False	5
Q99PD6	Rattus norvegicus	Metazoa	461	False	5
Q9ES40	Rattus norvegicus	Metazoa	188	True	5
Q38HM4	Mus musculus	Metazoa	350	False	5
Q8IRH5	Drosophila melanogaster	Metazoa	733	False	5
P87174	Schizosaccharomyces pombe (strain 972 / ATCC 24843)	Fungi	210	False	5
P70444	Mus musculus	Metazoa	195	False	5
Q06697	Saccharomyces cerevisiae (strain ATCC 204508 / S288c)	Fungi	393	False	5
Q8IW03	Homo sapiens	Metazoa	269	False	5
P38691	Saccharomyces cerevisiae (strain ATCC 204508 / S288c)	Fungi	1029	False	5
Q62847	Rattus norvegicus	Metazoa	705	False	5
Q9SN74	Arabidopsis thaliana	Viridiplantae	240	False	5
O75506	Homo sapiens	Metazoa	76	False	5
P30048	Homo sapiens	Metazoa	256	False	5
Q8R104	Mus musculus	Metazoa	334	False	5
O14113	Schizosaccharomyces pombe (strain 972 / ATCC 24843)	Fungi	263	False	5
P47108	Saccharomyces cerevisiae (strain ATCC 204508 / S288c)	Fungi	1174	False	5
Q10FT0	Oryza sativa subsp. japonica	Viridiplantae	824	False	5
Q08245	Saccharomyces cerevisiae (strain ATCC 204508 / S288c)	Fungi	113	False	5
Q0QWG9	Mus musculus	Metazoa	1203	False	5
P08593	Saccharomyces cerevisiae (strain ATCC 204508 / S288c)	Fungi	268	False	5
Q8LDU1	Arabidopsis thaliana	Viridiplantae	321	False	5
Q0JHU5	Oryza sativa subsp. japonica	Viridiplantae	159	False	5
Q18825	Caenorhabditis elegans	Metazoa	811	False	5
O77475	Drosophila melanogaster	Metazoa	392	True	5
Q9P0P8	Homo sapiens	Metazoa	240	False	5
P17353	Spinacia oleracea	Viridiplantae	135	False	5
Q7XA07	Chlamydomonas reinhardtii	Viridiplantae	427	False	5
K7W9N9	Solanum lycopersicum	Viridiplantae	285	False	5
O74804	Schizosaccharomyces pombe (strain 972 / ATCC 24843)	Fungi	490	False	5
Q9H4Z3	Homo sapiens	Metazoa	704	False	5
O13803	Schizosaccharomyces pombe (strain 972 / ATCC 24843)	Fungi	601	False	5
P55264	Mus musculus	Metazoa	361	False	5
Q03468	Homo sapiens	Metazoa	1493	False	5
P53568	Mus musculus	Metazoa	150	False	5
O95721	Homo sapiens	Metazoa	258	False	5
P38801	Saccharomyces cerevisiae (strain ATCC 204508 / S288c)	Fungi	184	False	5
Q9Z2F6	Mus musculus	Metazoa	448	False	5
A6NHQ2	Homo sapiens	Metazoa	334	False	5
Q9DCJ5	Mus musculus	Metazoa	172	False	5
P53292	Saccharomyces cerevisiae (strain ATCC 204508 / S288c)	Fungi	345	False	5
Q8W104	Arabidopsis thaliana	Viridiplantae	593	False	5
Q9UH77	Homo sapiens	Metazoa	587	False	5
P93286	Arabidopsis thaliana	Viridiplantae	442	True	5
Q4WGS5	Aspergillus fumigatus (strain ATCC MYA-4609 / CBS 101355 / FGSC A1100 / Af293)	Fungi	577	True	5
Q32065	Chlamydomonas reinhardtii	Viridiplantae	2971	False	5
O81836	Arabidopsis thaliana	Viridiplantae	314	False	5
P43557	Saccharomyces cerevisiae (strain ATCC 204508 / S288c)	Fungi	207	False	5
Q8R0N6	Mus musculus	Metazoa	465	False	5
Q8GT74	Arabidopsis thaliana	Viridiplantae	241	True	5
Q7SIG6	Mus musculus	Metazoa	958	False	5
P47054	Saccharomyces cerevisiae (strain ATCC 204508 / S288c)	Fungi	1683	False	5
Q8MLV1	Drosophila melanogaster	Metazoa	741	False	5
Q8N292	Homo sapiens	Metazoa	157	True	5
Q7SG49	Neurospora crassa (strain ATCC 24698 / 74-OR23-1A / CBS 708.71 / DSM 1257 / FGSC 987)	Fungi	414	False	5
Q75QN2	Homo sapiens	Metazoa	995	False	5
P00423	Bos taurus	Metazoa	169	False	5
O43030	Schizosaccharomyces pombe (strain 972 / ATCC 24843)	Fungi	287	False	5
O35253	Mus musculus	Metazoa	426	False	5
Q9H649	Homo sapiens	Metazoa	340	False	5
P34077	Saccharomyces cerevisiae (strain ATCC 204508 / S288c)	Fungi	839	False	5
Q9FVE6	Arabidopsis thaliana	Viridiplantae	245	False	5
O18017	Caenorhabditis elegans	Metazoa	988	False	5
Q9NK54	Drosophila melanogaster	Metazoa	1711	False	5
Q9URQ3	Saccharomyces cerevisiae (strain ATCC 204508 / S288c)	Fungi	322	False	5
P38852	Saccharomyces cerevisiae (strain ATCC 204508 / S288c)	Fungi	340	False	5
Q9Y4R8	Homo sapiens	Metazoa	837	False	5
P08708	Homo sapiens	Metazoa	135	False	5
P35732	Saccharomyces cerevisiae (strain ATCC 204508 / S288c)	Fungi	738	False	5
F4IXE7	Arabidopsis thaliana	Viridiplantae	1189	False	5
Q9BUV0	Homo sapiens	Metazoa	290	False	5
Q9VN60	Drosophila melanogaster	Metazoa	278	False	5
P11799	Gallus gallus	Metazoa	1906	False	5
Q8BTW8	Mus musculus	Metazoa	588	False	5
Q8LPL7	Arabidopsis thaliana	Viridiplantae	355	False	5
P36120	Saccharomyces cerevisiae (strain ATCC 204508 / S288c)	Fungi	742	False	5
Q8CCG4	Mus musculus	Metazoa	296	False	5
P25040	Saccharomyces cerevisiae (strain ATCC 204508 / S288c)	Fungi	408	False	5
Q15849	Homo sapiens	Metazoa	920	False	5
P25443	Saccharomyces cerevisiae (strain ATCC 204508 / S288c)	Fungi	254	False	5
P40457	Saccharomyces cerevisiae (strain ATCC 204508 / S288c)	Fungi	1679	False	5
Q22024	Caenorhabditis elegans	Metazoa	543	False	5
Q7TPF1	Rattus norvegicus	Metazoa	97	True	5
P40063	Saccharomyces cerevisiae (strain ATCC 204508 / S288c)	Fungi	208	False	5
Q96326	Arabidopsis thaliana	Viridiplantae	256	True	5
Q8NBV4	Homo sapiens	Metazoa	271	False	5
Q8L960	Arabidopsis thaliana	Viridiplantae	410	False	5
P15919	Mus musculus	Metazoa	1040	False	5
Q8IVQ6	Homo sapiens	Metazoa	265	True	5
P82245	Spinacia oleracea	Viridiplantae	148	False	5
O74844	Schizosaccharomyces pombe (strain 972 / ATCC 24843)	Fungi	244	False	5
Q9D011	Mus musculus	Metazoa	178	False	5
Q9M9L6	Arabidopsis thaliana	Viridiplantae	211	False	5
Q12199	Saccharomyces cerevisiae (strain ATCC 204508 / S288c)	Fungi	356	False	5
Q9BUI4	Homo sapiens	Metazoa	534	False	5
Q8N3Z6	Homo sapiens	Metazoa	543	False	5
J7M799	Ramazzottius varieornatus	Metazoa	237	False	5
Q94131	Caenorhabditis elegans	Metazoa	335	False	5
Q7XYY2	Arabidopsis thaliana	Viridiplantae	836	False	5
Q9CQH3	Mus musculus	Metazoa	189	True	5
Q9LFP6	Arabidopsis thaliana	Viridiplantae	367	True	5
P23230	Chlamydomonas reinhardtii	Viridiplantae	160	True	5
P82139	Spinacia oleracea	Viridiplantae	232	False	5
Q7TSS2	Mus musculus	Metazoa	422	False	5
P17505	Saccharomyces cerevisiae (strain ATCC 204508 / S288c)	Fungi	334	False	5
Q99LG4	Mus musculus	Metazoa	440	False	5
P13002	Drosophila melanogaster	Metazoa	1333	False	5
A6QPQ5	Bos taurus	Metazoa	325	False	5
P42846	Saccharomyces cerevisiae (strain ATCC 204508 / S288c)	Fungi	591	False	5
O13936	Schizosaccharomyces pombe (strain 972 / ATCC 24843)	Fungi	990	False	5
Q9P013	Homo sapiens	Metazoa	229	False	5
Q16206	Homo sapiens	Metazoa	610	False	5
P38182	Saccharomyces cerevisiae (strain ATCC 204508 / S288c)	Fungi	117	False	5
Q8GZA8	Arabidopsis thaliana	Viridiplantae	237	False	5
Q10178	Schizosaccharomyces pombe (strain 972 / ATCC 24843)	Fungi	1205	False	5
P38770	Saccharomyces cerevisiae (strain ATCC 204508 / S288c)	Fungi	471	False	5
C7AJA4	Trypanosoma brucei brucei	Other	406	False	5
P54920	Homo sapiens	Metazoa	295	False	5
P53718	Saccharomyces cerevisiae (strain ATCC 204508 / S288c)	Fungi	249	False	5
O60284	Homo sapiens	Metazoa	1047	False	5
Q80SY4	Mus musculus	Metazoa	1006	False	5
Q84MZ4	Arabidopsis thaliana	Viridiplantae	412	False	5
Q9HB07	Homo sapiens	Metazoa	376	False	5
A0A7J6K629	Toxoplasma gondii	Other	547	True	5
P94077	Arabidopsis thaliana	Viridiplantae	189	False	5
Q11184	Caenorhabditis elegans	Metazoa	425	False	5
P11178	Bos taurus	Metazoa	455	False	5
Q8IYR2	Homo sapiens	Metazoa	804	False	5
Q8GZ79	Arabidopsis thaliana	Viridiplantae	274	False	5
Q923S6	Mus musculus	Metazoa	574	False	5
O74434	Schizosaccharomyces pombe (strain 972 / ATCC 24843)	Fungi	626	False	5
Q8WWY6	Homo sapiens	Metazoa	194	False	5
Q8JZU0	Mus musculus	Metazoa	352	False	5
Q6ID70	Arabidopsis thaliana	Viridiplantae	150	False	5
Q6DRC5	Danio rerio	Metazoa	1014	False	5
Q9USY8	Schizosaccharomyces pombe (strain 972 / ATCC 24843)	Fungi	166	False	5
Q12066	Saccharomyces cerevisiae (strain ATCC 204508 / S288c)	Fungi	484	False	5
P53076	Saccharomyces cerevisiae (strain ATCC 204508 / S288c)	Fungi	958	False	5
O94606	Schizosaccharomyces pombe (strain 972 / ATCC 24843)	Fungi	473	False	5
Q9NSK7	Homo sapiens	Metazoa	141	True	5
Q14642	Homo sapiens	Metazoa	412	False	5
A2AIL4	Mus musculus	Metazoa	333	False	5
Q94JU3	Arabidopsis thaliana	Viridiplantae	260	False	5
Q9VKJ3	Drosophila melanogaster	Metazoa	1411	False	5
P38227	Saccharomyces cerevisiae (strain ATCC 204508 / S288c)	Fungi	689	False	5
Q5VRD7	Oryza sativa subsp. japonica	Viridiplantae	53	True	5
O09053	Mus musculus	Metazoa	1401	False	5
Q8IVG5	Homo sapiens	Metazoa	1584	False	5
Q07938	Saccharomyces cerevisiae (strain ATCC 204508 / S288c)	Fungi	337	False	5
Q86YH6	Homo sapiens	Metazoa	399	False	5
P39112	Saccharomyces cerevisiae (strain ATCC 204508 / S288c)	Fungi	969	False	5
Q8L774	Arabidopsis thaliana	Viridiplantae	389	False	5
Q8CG64	Mus musculus	Metazoa	494	True	5
P38257	Saccharomyces cerevisiae (strain ATCC 204508 / S288c)	Fungi	691	False	5
O74387	Schizosaccharomyces pombe (strain 972 / ATCC 24843)	Fungi	287	False	5
Q9W2I4	Drosophila melanogaster	Metazoa	289	False	5
O35445	Mus musculus	Metazoa	180	False	5
Q9BR61	Homo sapiens	Metazoa	282	False	5
Q9UTG8	Schizosaccharomyces pombe (strain 972 / ATCC 24843)	Fungi	94	False	5
Q9Y530	Homo sapiens	Metazoa	152	False	5
A2AG58	Mus musculus	Metazoa	752	False	5
P00319	Galdieria sulphuraria	Other	161	False	5
Q06672	Saccharomyces cerevisiae (strain ATCC 204508 / S288c)	Fungi	205	False	5
P38809	Saccharomyces cerevisiae (strain ATCC 204508 / S288c)	Fungi	366	False	5
P23116	Mus musculus	Metazoa	1344	False	5
P38325	Saccharomyces cerevisiae (strain ATCC 204508 / S288c)	Fungi	134	True	5
Q9NTZ6	Homo sapiens	Metazoa	932	False	5
Q9H2G9	Homo sapiens	Metazoa	400	False	5
Q17784	Caenorhabditis elegans	Metazoa	830	False	5
Q6A028	Mus musculus	Metazoa	585	False	5
Q8VYL1	Arabidopsis thaliana	Viridiplantae	588	False	5
P38768	Saccharomyces cerevisiae (strain ATCC 204508 / S288c)	Fungi	344	False	5
P46947	Saccharomyces cerevisiae (strain ATCC 204508 / S288c)	Fungi	266	False	5
Q9P212	Homo sapiens	Metazoa	2302	False	5
Q9VZM7	Drosophila melanogaster	Metazoa	631	False	5
Q9LUJ5	Arabidopsis thaliana	Viridiplantae	293	False	5
A8CVF3	Avicennia marina	Viridiplantae	195	False	5
Q9FYT6	Zea mays	Viridiplantae	715	False	5
Q03254	Saccharomyces cerevisiae (strain ATCC 204508 / S288c)	Fungi	732	False	5
O74462	Schizosaccharomyces pombe (strain 972 / ATCC 24843)	Fungi	452	False	5
Q60EC2	Oryza sativa subsp. japonica	Viridiplantae	261	True	5
Q8NBS3	Homo sapiens	Metazoa	875	False	5
Q80TR8	Mus musculus	Metazoa	1506	False	5
Q94BU8	Arabidopsis thaliana	Viridiplantae	185	False	5
Q8CDY7	Mus musculus	Metazoa	219	False	5
Q9Y7J1	Schizosaccharomyces pombe (strain 972 / ATCC 24843)	Fungi	474	False	5
Q5H9R7	Homo sapiens	Metazoa	873	False	5
Q9VX09	Drosophila melanogaster	Metazoa	607	False	5
O74954	Schizosaccharomyces pombe (strain 972 / ATCC 24843)	Fungi	613	False	5
Q0ZCJ7	Mus musculus	Metazoa	421	False	5
Q02099	Schizosaccharomyces pombe (strain 972 / ATCC 24843)	Fungi	2386	False	5
P46678	Saccharomyces cerevisiae (strain ATCC 204508 / S288c)	Fungi	594	False	5
P56765	Arabidopsis thaliana	Viridiplantae	488	False	5
P38751	Saccharomyces cerevisiae (strain ATCC 204508 / S288c)	Fungi	150	False	5
Q9UT32	Schizosaccharomyces pombe (strain 972 / ATCC 24843)	Fungi	373	False	5
P63072	Mus musculus	Metazoa	162	False	5
P82669	Bos taurus	Metazoa	173	False	5
Q96I23	Homo sapiens	Metazoa	114	False	5
P10803	Secale cereale	Viridiplantae	353	True	5
Q03615	Caenorhabditis elegans	Metazoa	305	False	5
Q6DFW0	Mus musculus	Metazoa	481	False	5
Q9Y4E5	Homo sapiens	Metazoa	1061	False	5
Q8CG46	Mus musculus	Metazoa	1101	False	5
P51610	Homo sapiens	Metazoa	2035	False	5
Q96247	Arabidopsis thaliana	Viridiplantae	485	True	5
O70200	Mus musculus	Metazoa	147	False	5
Q9LMA8	Arabidopsis thaliana	Viridiplantae	253	False	5
P01129	Schizosaccharomyces pombe (strain 972 / ATCC 24843)	Fungi	767	False	5
Q6PJF5	Homo sapiens	Metazoa	856	False	5
Q9DA19	Mus musculus	Metazoa	450	False	5
Q9SZ42	Arabidopsis thaliana	Viridiplantae	323	False	5
C0HM83	Homo sapiens	Metazoa	58	False	5
Q9NQS5	Homo sapiens	Metazoa	396	True	5
A0A445AGS0	Arachis hypogaea	Viridiplantae	203	False	5
P50876	Homo sapiens	Metazoa	292	False	5
Q7TNG8	Mus musculus	Metazoa	484	False	5
O74828	Schizosaccharomyces pombe (strain 972 / ATCC 24843)	Fungi	682	False	5
O09171	Rattus norvegicus	Metazoa	407	False	5
P14908	Saccharomyces cerevisiae (strain ATCC 204508 / S288c)	Fungi	341	False	5
Q2M3C6	Homo sapiens	Metazoa	523	False	5
O13795	Schizosaccharomyces pombe (strain 972 / ATCC 24843)	Fungi	402	False	5
P41977	Caenorhabditis elegans	Metazoa	218	False	5
Q7K4M4	Drosophila melanogaster	Metazoa	649	False	5
Q4AE62	Homo sapiens	Metazoa	458	False	5
C4R8D7	Komagataella phaffii (strain GS115 / ATCC 20864)	Fungi	409	False	5
Q93VT9	Arabidopsis thaliana	Viridiplantae	220	False	5
F4JZG9	Arabidopsis thaliana	Viridiplantae	384	False	5
P82979	Homo sapiens	Metazoa	210	False	5
P17152	Homo sapiens	Metazoa	192	True	5
Q9NX55	Homo sapiens	Metazoa	121	False	5
Q5QGS0	Homo sapiens	Metazoa	1516	False	5
Q9NUM3	Homo sapiens	Metazoa	307	True	5
Q75NZ0	Pisum sativum	Viridiplantae	685	False	5
Q15760	Homo sapiens	Metazoa	415	True	5
O60829	Homo sapiens	Metazoa	102	False	5
Q9P1Z3	Homo sapiens	Metazoa	774	False	5
O94782	Homo sapiens	Metazoa	785	False	5
S8F527	Toxoplasma gondii (strain ATCC 50611 / Me49)	Other	1283	False	5
Q9FPS9	Arabidopsis thaliana	Viridiplantae	924	False	5
Q8GXN9	Arabidopsis thaliana	Viridiplantae	930	False	5
Q8ITW8	Caenorhabditis elegans	Metazoa	504	False	5
Q8TC71	Homo sapiens	Metazoa	538	False	5
Q9BW91	Homo sapiens	Metazoa	350	False	5
Q09826	Schizosaccharomyces pombe (strain 972 / ATCC 24843)	Fungi	408	False	5
Q03124	Saccharomyces cerevisiae (strain ATCC 204508 / S288c)	Fungi	581	False	5
B2C6R6	Arabidopsis thaliana	Viridiplantae	681	False	5
Q9NZC9	Homo sapiens	Metazoa	954	False	5
Q10R09	Oryza sativa subsp. japonica	Viridiplantae	310	False	5
Q22197	Caenorhabditis elegans	Metazoa	184	False	5
B7Z0X7	Drosophila melanogaster	Metazoa	61	True	5
Q8BMP6	Mus musculus	Metazoa	525	False	5
B7Z0I7	Drosophila melanogaster	Metazoa	351	False	5
P53034	Drosophila melanogaster	Metazoa	331	False	5
Q9NZN9	Homo sapiens	Metazoa	384	False	5
O35465	Mus musculus	Metazoa	402	False	5
Q6UXY1	Homo sapiens	Metazoa	529	False	5
O70572	Mus musculus	Metazoa	419	False	5
Q9DAD6	Mus musculus	Metazoa	137	False	5
Q4WN10	Aspergillus fumigatus (strain ATCC MYA-4609 / CBS 101355 / FGSC A1100 / Af293)	Fungi	575	False	5
P34160	Saccharomyces cerevisiae (strain ATCC 204508 / S288c)	Fungi	861	False	5
Q9Y3S2	Homo sapiens	Metazoa	320	False	5
Q9CAH5	Arabidopsis thaliana	Viridiplantae	320	True	5
O13900	Schizosaccharomyces pombe (strain 972 / ATCC 24843)	Fungi	481	False	5
Q9SID1	Arabidopsis thaliana	Viridiplantae	238	False	5
Q39249	Arabidopsis thaliana	Viridiplantae	462	False	5
Q9USZ4	Schizosaccharomyces pombe (strain 972 / ATCC 24843)	Fungi	251	False	5
Q96AE7	Homo sapiens	Metazoa	1141	False	5
Q9D115	Mus musculus	Metazoa	76	False	5
P40546	Saccharomyces cerevisiae (strain ATCC 204508 / S288c)	Fungi	346	False	5
P29266	Rattus norvegicus	Metazoa	335	False	5
Q9VTZ2	Drosophila melanogaster	Metazoa	214	False	5
Q86VP6	Homo sapiens	Metazoa	1230	False	5
O81775	Arabidopsis thaliana	Viridiplantae	158	True	5
P18544	Saccharomyces cerevisiae (strain ATCC 204508 / S288c)	Fungi	423	False	5
Q12524	Saccharomyces cerevisiae (strain ATCC 204508 / S288c)	Fungi	340	False	5
P32767	Saccharomyces cerevisiae (strain ATCC 204508 / S288c)	Fungi	1081	False	5
Q99J39	Mus musculus	Metazoa	492	False	5
P32526	Saccharomyces cerevisiae (strain ATCC 204508 / S288c)	Fungi	644	False	5
Q3ZBF3	Bos taurus	Metazoa	380	False	5
P24309	Saccharomyces cerevisiae (strain ATCC 204508 / S288c)	Fungi	405	False	5
Q9M7J4	Nicotiana tabacum	Viridiplantae	722	False	5
Q8K330	Mus musculus	Metazoa	649	False	5
Q8VCM2	Mus musculus	Metazoa	349	False	5
F4K687	Arabidopsis thaliana	Viridiplantae	238	False	5
P22058	Drosophila melanogaster	Metazoa	355	False	5
Q10167	Schizosaccharomyces pombe (strain 972 / ATCC 24843)	Fungi	73	False	5
Q9SIY3	Arabidopsis thaliana	Viridiplantae	210	False	5
P0CT69	Schizosaccharomyces pombe (strain 972 / ATCC 24843)	Fungi	176	False	5
P33412	Saccharomyces cerevisiae (strain ATCC 204508 / S288c)	Fungi	323	False	5
A0A143ZXM2	Plasmodium falciparum (isolate 3D7)	Other	2074	False	5
P41133	Mus musculus	Metazoa	119	False	5
Q969G3	Homo sapiens	Metazoa	411	False	5
Q8BFX3	Mus musculus	Metazoa	815	False	5
Q9VPH0	Drosophila melanogaster	Metazoa	869	False	5
O94248	Schizosaccharomyces pombe (strain 972 / ATCC 24843)	Fungi	4717	False	5
Q6P7B7	Rattus norvegicus	Metazoa	404	True	5
Q96WV2	Schizosaccharomyces pombe (strain 972 / ATCC 24843)	Fungi	339	False	5
Q9BPZ7	Homo sapiens	Metazoa	522	False	5
O13725	Schizosaccharomyces pombe (strain 972 / ATCC 24843)	Fungi	242	False	5
Q96QD9	Homo sapiens	Metazoa	318	False	5
Q12433	Saccharomyces cerevisiae (strain ATCC 204508 / S288c)	Fungi	566	False	5
Q9VFX3	Drosophila melanogaster	Metazoa	137	True	5
Q94BT9	Arabidopsis thaliana	Viridiplantae	76	False	5
Q03375	Saccharomyces cerevisiae (strain ATCC 204508 / S288c)	Fungi	135	False	5
P40202	Saccharomyces cerevisiae (strain ATCC 204508 / S288c)	Fungi	249	False	5
F4JMV6	Arabidopsis thaliana	Viridiplantae	399	False	5
O42709	Schizosaccharomyces pombe (strain 972 / ATCC 24843)	Fungi	593	False	5
Q8NI37	Homo sapiens	Metazoa	304	False	5
O43078	Schizosaccharomyces pombe (strain 972 / ATCC 24843)	Fungi	660	False	5
Q8BIW9	Mus musculus	Metazoa	969	False	5
Q8NG66	Homo sapiens	Metazoa	645	False	5
P47988	Saccharomyces cerevisiae (strain ATCC 204508 / S288c)	Fungi	759	False	5
Q9US52	Schizosaccharomyces pombe (strain 972 / ATCC 24843)	Fungi	118	False	5
P56378	Homo sapiens	Metazoa	58	True	5
Q9NYH9	Homo sapiens	Metazoa	597	False	5
Q05812	Saccharomyces cerevisiae (strain ATCC 204508 / S288c)	Fungi	728	False	5
O14350	Schizosaccharomyces pombe (strain 972 / ATCC 24843)	Fungi	181	False	5
Q9BQ87	Homo sapiens	Metazoa	522	False	5
Q00202	Emericella nidulans (strain FGSC A4 / ATCC 38163 / CBS 112.46 / NRRL 194 / M139)	Fungi	678	False	5
Q15637	Homo sapiens	Metazoa	639	False	5
Q8TC90	Homo sapiens	Metazoa	406	False	5
P53834	Saccharomyces cerevisiae (strain ATCC 204508 / S288c)	Fungi	153	False	5
Q8W4B1	Arabidopsis thaliana	Viridiplantae	652	False	5
Q04172	Saccharomyces cerevisiae (strain ATCC 204508 / S288c)	Fungi	456	False	5
P48237	Saccharomyces cerevisiae (strain ATCC 204508 / S288c)	Fungi	864	False	5
Q84VZ1	Arabidopsis thaliana	Viridiplantae	245	False	5
Q6TEC1	Xenopus laevis	Metazoa	212	False	5
O74957	Schizosaccharomyces pombe (strain 972 / ATCC 24843)	Fungi	834	False	5
Q9FMW8	Arabidopsis thaliana	Viridiplantae	354	False	5
Q8VHQ2	Mus musculus	Metazoa	579	False	5
O70597	Rattus norvegicus	Metazoa	246	False	5
P32754	Homo sapiens	Metazoa	393	False	5
P36056	Saccharomyces cerevisiae (strain ATCC 204508 / S288c)	Fungi	628	False	5
Q9WVJ4	Rattus norvegicus	Metazoa	145	False	5
Q9I9B9	Torpedo marmorata	Metazoa	646	True	5
P12687	Saccharomyces cerevisiae (strain ATCC 204508 / S288c)	Fungi	371	False	5
O95163	Homo sapiens	Metazoa	1332	False	5
Q55FB8	Dictyostelium discoideum	Other	1272	False	5
Q9UUD1	Schizosaccharomyces pombe (strain 972 / ATCC 24843)	Fungi	900	False	5
Q9ESX4	Mus musculus	Metazoa	241	False	5
O00291	Homo sapiens	Metazoa	1037	False	5
P23709	Bos taurus	Metazoa	266	False	5
Q53F19	Homo sapiens	Metazoa	620	False	5
Q3E7A3	Saccharomyces cerevisiae (strain ATCC 204508 / S288c)	Fungi	74	True	5
Q64429	Mus musculus	Metazoa	543	False	5
Q5T7W0	Homo sapiens	Metazoa	954	False	5
Q92621	Homo sapiens	Metazoa	2012	False	5
Q8BUX5	Mus musculus	Metazoa	455	True	5
Q6IQ20	Homo sapiens	Metazoa	393	False	5
Q69ZR9	Mus musculus	Metazoa	1610	False	5
Q9P1Z0	Homo sapiens	Metazoa	1013	False	5
Q06833	Saccharomyces cerevisiae (strain ATCC 204508 / S288c)	Fungi	770	True	5
P31414	Arabidopsis thaliana	Viridiplantae	770	True	5
Q7Y220	Arabidopsis thaliana	Viridiplantae	649	False	5
Q9CAQ2	Arabidopsis thaliana	Viridiplantae	114	False	5
O55242	Mus musculus	Metazoa	223	True	5
Q8VZL6	Arabidopsis thaliana	Viridiplantae	441	False	5
Q8VC04	Mus musculus	Metazoa	261	False	5
Q9SHE8	Arabidopsis thaliana	Viridiplantae	221	False	5
Q9DCD5	Mus musculus	Metazoa	549	False	5
C4QM85	Schistosoma mansoni	Metazoa	419	True	5
Q1XG89	Bombyx mori	Metazoa	1759	False	5
O96237	Plasmodium falciparum (isolate 3D7)	Other	899	False	5
P87238	Schizosaccharomyces pombe (strain 972 / ATCC 24843)	Fungi	215	False	5
Q9Y4E1	Homo sapiens	Metazoa	1341	False	5
O23247	Arabidopsis thaliana	Viridiplantae	642	False	5
O00625	Homo sapiens	Metazoa	290	False	5
P53886	Saccharomyces cerevisiae (strain ATCC 204508 / S288c)	Fungi	1748	False	5
Q84U09	Brassica napus	Viridiplantae	215	False	5
P13712	Saccharomyces cerevisiae (strain ATCC 204508 / S288c)	Fungi	422	False	5
Q5M731	Arabidopsis thaliana	Viridiplantae	522	False	5
P53804	Homo sapiens	Metazoa	2025	False	5
P22674	Homo sapiens	Metazoa	350	False	5
Q9BWW7	Homo sapiens	Metazoa	348	False	5
O13709	Schizosaccharomyces pombe (strain 972 / ATCC 24843)	Fungi	244	False	5
Q9H875	Homo sapiens	Metazoa	184	False	5
Q9SU50	Arabidopsis thaliana	Viridiplantae	626	True	5
Q12153	Saccharomyces cerevisiae (strain ATCC 204508 / S288c)	Fungi	453	False	5
P21145	Homo sapiens	Metazoa	153	True	5
O94653	Schizosaccharomyces pombe (strain 972 / ATCC 24843)	Fungi	1121	False	5
Q8IZF0	Homo sapiens	Metazoa	1738	True	5
Q9JHR7	Mus musculus	Metazoa	1019	False	5
Q9HAC7	Homo sapiens	Metazoa	438	False	5
Q9UNN5	Homo sapiens	Metazoa	650	False	5
Q9R085	Rattus norvegicus	Metazoa	952	False	5
Q8R0W0	Mus musculus	Metazoa	6548	False	5
O14776	Homo sapiens	Metazoa	1098	False	5
Q04781	Saccharomyces cerevisiae (strain ATCC 204508 / S288c)	Fungi	1562	False	5
Q9Y6D6	Homo sapiens	Metazoa	1849	False	5
P21375	Saccharomyces cerevisiae (strain ATCC 204508 / S288c)	Fungi	501	False	5
O82289	Arabidopsis thaliana	Viridiplantae	568	False	5
Q6PG16	Mus musculus	Metazoa	667	False	5
Q94920	Drosophila melanogaster	Metazoa	282	False	5
Q1EHW4	Mus musculus	Metazoa	186	False	5
Q9Y817	Schizosaccharomyces pombe (strain 972 / ATCC 24843)	Fungi	1297	False	5
P43596	Saccharomyces cerevisiae (strain ATCC 204508 / S288c)	Fungi	787	False	5
P32843	Saccharomyces cerevisiae (strain ATCC 204508 / S288c)	Fungi	850	False	5
O74489	Schizosaccharomyces pombe (strain 972 / ATCC 24843)	Fungi	329	False	5
O74424	Schizosaccharomyces pombe (strain 972 / ATCC 24843)	Fungi	1837	False	5
Q9QZ04	Mus musculus	Metazoa	1284	False	5
P53287	Saccharomyces cerevisiae (strain ATCC 204508 / S288c)	Fungi	111	False	5
P40692	Homo sapiens	Metazoa	756	False	5
P32828	Saccharomyces cerevisiae (strain ATCC 204508 / S288c)	Fungi	619	False	5
Q8LAP6	Arabidopsis thaliana	Viridiplantae	409	False	5
F4IDJ0	Arabidopsis thaliana	Viridiplantae	830	False	5
Q17390	Caenorhabditis elegans	Metazoa	791	False	5
O54699	Rattus norvegicus	Metazoa	456	True	5
Q75WB5	Bos taurus	Metazoa	1288	False	5
A2AKK5	Mus musculus	Metazoa	416	False	5
Q2T9J0	Homo sapiens	Metazoa	566	False	5
P13469	Drosophila melanogaster	Metazoa	542	False	5
Q9H5J8	Homo sapiens	Metazoa	278	False	5
Q8WXD0	Homo sapiens	Metazoa	754	False	5
Q9HAB3	Homo sapiens	Metazoa	445	True	5
O95696	Homo sapiens	Metazoa	1058	False	5
P87234	Schizosaccharomyces pombe (strain 972 / ATCC 24843)	Fungi	635	False	5
P97460	Mus musculus	Metazoa	816	False	5
O14253	Schizosaccharomyces pombe (strain 972 / ATCC 24843)	Fungi	780	False	5
Q8N8R5	Homo sapiens	Metazoa	385	False	5
Q1PDI2	Arabidopsis thaliana	Viridiplantae	487	False	5
P40073	Saccharomyces cerevisiae (strain ATCC 204508 / S288c)	Fungi	367	True	5
G5EDT1	Caenorhabditis elegans	Metazoa	961	False	5
Q3E6R5	Saccharomyces cerevisiae (strain ATCC 204508 / S288c)	Fungi	114	True	5
Q13569	Homo sapiens	Metazoa	410	False	5
Q9SI37	Arabidopsis thaliana	Viridiplantae	487	False	5
Q8K3W2	Mus musculus	Metazoa	274	False	5
Q00453	Saccharomyces cerevisiae (strain ATCC 204508 / S288c)	Fungi	211	False	5
Q02336	Saccharomyces cerevisiae (strain ATCC 204508 / S288c)	Fungi	434	False	5
Q16514	Homo sapiens	Metazoa	161	False	5
B6HLU1	Penicillium rubens (strain ATCC 28089 / DSM 1075 / NRRL 1951 / Wisconsin 54-1255)	Fungi	3746	False	5
P25368	Saccharomyces cerevisiae (strain ATCC 204508 / S288c)	Fungi	297	False	5
Q56P03	Homo sapiens	Metazoa	285	False	5
Q92546	Homo sapiens	Metazoa	391	False	5
F4KFB3	Arabidopsis thaliana	Viridiplantae	598	False	5
P28807	Spinacia oleracea	Viridiplantae	88	False	5
Q6UB28	Homo sapiens	Metazoa	335	False	5
P19173	Ipomoea batatas	Viridiplantae	64	True	5
Q3KPK4	Xenopus laevis	Metazoa	280	False	5
Q04705	Saccharomyces cerevisiae (strain ATCC 204508 / S288c)	Fungi	352	True	5
Q39261	Arabidopsis thaliana	Viridiplantae	150	False	5
Q92565	Homo sapiens	Metazoa	580	False	5
Q68CJ6	Homo sapiens	Metazoa	796	False	5
Q5TA50	Homo sapiens	Metazoa	214	False	5
O14210	Schizosaccharomyces pombe (strain 972 / ATCC 24843)	Fungi	295	False	5
Q700C7	Arabidopsis thaliana	Viridiplantae	364	False	5
Q96L50	Homo sapiens	Metazoa	414	False	5
Q8W4L5	Arabidopsis thaliana	Viridiplantae	790	False	5
P87017	Aspergillus parasiticus (strain ATCC 56775 / NRRL 5862 / SRRC 143 / SU-1)	Fungi	278	False	5
P63036	Rattus norvegicus	Metazoa	397	False	5
B3EWF7	Homo sapiens	Metazoa	344	False	5
O35671	Mus musculus	Metazoa	200	False	5
Q9ZV06	Arabidopsis thaliana	Viridiplantae	236	False	5
F1NPG5	Gallus gallus	Metazoa	639	False	5
Q59RW5	Candida albicans (strain SC5314 / ATCC MYA-2876)	Fungi	493	False	5
A0A1P8BH03	Arabidopsis thaliana	Viridiplantae	404	False	5
P26717	Homo sapiens	Metazoa	231	True	5
Q9Y314	Homo sapiens	Metazoa	301	False	5
P38985	Saccharomyces cerevisiae (strain ATCC 204508 / S288c)	Fungi	146	False	5
Q12493	Saccharomyces cerevisiae (strain ATCC 204508 / S288c)	Fungi	238	False	5
P34440	Caenorhabditis elegans	Metazoa	261	False	5
Q9SWW6	Arabidopsis thaliana	Viridiplantae	1026	False	5
Q9H190	Homo sapiens	Metazoa	292	False	5
Q9FJG1	Arabidopsis thaliana	Viridiplantae	90	False	5
P53990	Homo sapiens	Metazoa	364	False	5
P49793	Rattus norvegicus	Metazoa	1816	False	5
P97868	Mus musculus	Metazoa	1790	False	5
H2KYS8	Caenorhabditis elegans	Metazoa	1107	True	5
Q9NQW8	Homo sapiens	Metazoa	809	False	5
Q9EQ80	Mus musculus	Metazoa	376	False	5
Q9SQI3	Gossypium hirsutum	Viridiplantae	413	False	5
Q8WWL7	Homo sapiens	Metazoa	1395	False	5
P62249	Homo sapiens	Metazoa	146	False	5
Q8BUE4	Mus musculus	Metazoa	373	True	5
P52593	Saccharomyces cerevisiae (strain ATCC 204508 / S288c)	Fungi	1655	False	5
Q9UUH6	Schizosaccharomyces pombe (strain 972 / ATCC 24843)	Fungi	188	False	5
Q9XFT3	Arabidopsis thaliana	Viridiplantae	224	False	5
P90551	Leishmania mexicana	Other	366	False	5
P38250	Saccharomyces cerevisiae (strain ATCC 204508 / S288c)	Fungi	946	False	5
P10823	Saccharomyces cerevisiae (strain ATCC 204508 / S288c)	Fungi	449	False	5
Q38E51	Trypanosoma brucei brucei (strain 927/4 GUTat10.1)	Other	262	True	5
Q5T197	Homo sapiens	Metazoa	706	True	5
Q9C5G0	Arabidopsis thaliana	Viridiplantae	367	False	5
P80002	Sepia officinalis	Metazoa	77	False	5
Q9NRA8	Homo sapiens	Metazoa	985	False	5
Q84Q77	Oryza sativa subsp. japonica	Viridiplantae	161	False	5
P50875	Saccharomyces cerevisiae (strain ATCC 204508 / S288c)	Fungi	604	False	5
P85845	Rattus norvegicus	Metazoa	493	False	5
Q5YDB5	Arabidopsis thaliana	Viridiplantae	770	False	5
Q33DK1	Oryza sativa subsp. japonica	Viridiplantae	203	False	5
Q02950	Saccharomyces cerevisiae (strain ATCC 204508 / S288c)	Fungi	344	False	5
Q3TH73	Mus musculus	Metazoa	532	True	5
Q7L592	Homo sapiens	Metazoa	441	False	5
O14362	Schizosaccharomyces pombe (strain 972 / ATCC 24843)	Fungi	504	False	5
P12294	Saccharomyces cerevisiae	Fungi	476	False	5
Q9CWR7	Mus musculus	Metazoa	339	True	5
Q69ZQ1	Mus musculus	Metazoa	716	True	5
Q9HAV4	Homo sapiens	Metazoa	1204	False	5
A0A061ACU2	Caenorhabditis elegans	Metazoa	2442	True	5
Q9BYD2	Homo sapiens	Metazoa	267	False	5
Q07589	Saccharomyces cerevisiae (strain ATCC 204508 / S288c)	Fungi	356	False	5
Q8BVG4	Mus musculus	Metazoa	862	False	5
Q9M1I7	Arabidopsis thaliana	Viridiplantae	467	False	5
Q9M2Z2	Arabidopsis thaliana	Viridiplantae	317	False	5
Q9QX98	Mus musculus	Metazoa	324	False	5
Q8WZK0	Schizosaccharomyces pombe (strain 972 / ATCC 24843)	Fungi	695	False	5
O14929	Homo sapiens	Metazoa	419	False	5
Q9UBC1	Homo sapiens	Metazoa	381	False	5
P40508	Saccharomyces cerevisiae (strain ATCC 204508 / S288c)	Fungi	320	True	5
Q9W1F4	Drosophila melanogaster	Metazoa	616	False	5
Q9LPZ4	Arabidopsis thaliana	Viridiplantae	204	False	5
Q9USW5	Schizosaccharomyces pombe (strain 972 / ATCC 24843)	Fungi	262	False	5
Q9M3B8	Arabidopsis thaliana	Viridiplantae	597	False	5
Q9ER97	Mus musculus	Metazoa	151	False	5
P56975	Homo sapiens	Metazoa	720	False	5
Q99359	Saccharomyces cerevisiae (strain ATCC 204508 / S288c)	Fungi	647	False	5
P35869	Homo sapiens	Metazoa	848	False	5
O60090	Schizosaccharomyces pombe (strain 972 / ATCC 24843)	Fungi	297	False	5
P28320	Saccharomyces cerevisiae (strain ATCC 204508 / S288c)	Fungi	278	False	5
O88801	Rattus norvegicus	Metazoa	354	False	5
Q7K003	Drosophila melanogaster	Metazoa	201	False	5
P41814	Saccharomyces cerevisiae (strain ATCC 204508 / S288c)	Fungi	478	False	5
Q7Z614	Homo sapiens	Metazoa	316	False	5
Q944A6	Arabidopsis thaliana	Viridiplantae	487	False	5
P39706	Saccharomyces cerevisiae (strain ATCC 204508 / S288c)	Fungi	426	False	5
Q9XII1	Arabidopsis thaliana	Viridiplantae	307	False	5
Q22618	Caenorhabditis elegans	Metazoa	495	False	5
Q6PJW8	Homo sapiens	Metazoa	725	False	5
Q6P2E9	Homo sapiens	Metazoa	1401	False	5
P20659	Drosophila melanogaster	Metazoa	3726	False	5
P30793	Homo sapiens	Metazoa	250	False	5
Q10337	Schizosaccharomyces pombe (strain 972 / ATCC 24843)	Fungi	849	False	5
Q9CR24	Mus musculus	Metazoa	210	False	5
P32493	Saccharomyces cerevisiae (strain ATCC 204508 / S288c)	Fungi	518	False	5
Q6R327	Homo sapiens	Metazoa	1708	False	5
Q00361	Bos taurus	Metazoa	71	False	5
Q8WUU5	Homo sapiens	Metazoa	269	False	5
P46997	Saccharomyces cerevisiae (strain ATCC 204508 / S288c)	Fungi	583	False	5
Q08932	Saccharomyces cerevisiae (strain ATCC 204508 / S288c)	Fungi	381	False	5
Q9NZD1	Homo sapiens	Metazoa	345	True	5
Q08818	Saccharomyces cerevisiae (strain ATCC 204508 / S288c)	Fungi	692	False	5
Q9H790	Homo sapiens	Metazoa	373	False	5
E9Q236	Mus musculus	Metazoa	1325	True	5
Q9SW18	Arabidopsis thaliana	Viridiplantae	312	False	5
P49335	Homo sapiens	Metazoa	361	False	5
Q1G3K8	Arabidopsis thaliana	Viridiplantae	216	False	5
A9D2P7	Caenorhabditis elegans	Metazoa	672	False	5
Q12405	Saccharomyces cerevisiae (strain ATCC 204508 / S288c)	Fungi	387	False	5
Q92341	Schizosaccharomyces pombe (strain 972 / ATCC 24843)	Fungi	630	True	5
Q9NP98	Homo sapiens	Metazoa	299	False	5
Q99ML9	Mus musculus	Metazoa	989	False	5
Q10426	Schizosaccharomyces pombe (strain 972 / ATCC 24843)	Fungi	1040	False	5
Q96QP1	Homo sapiens	Metazoa	1244	False	5
Q9SLD2	Arabidopsis thaliana	Viridiplantae	520	False	5
Q03188	Homo sapiens	Metazoa	943	False	5
P13788	Spinacia oleracea	Viridiplantae	201	False	5
P53909	Saccharomyces cerevisiae (strain ATCC 204508 / S288c)	Fungi	347	False	5
A7DTF0	Caenorhabditis elegans	Metazoa	337	False	5
Q99732	Homo sapiens	Metazoa	161	False	5
Q9H9E3	Homo sapiens	Metazoa	785	False	5
O88708	Mus musculus	Metazoa	433	False	5
Q9SU56	Arabidopsis thaliana	Viridiplantae	610	True	5
Q23045	Caenorhabditis elegans	Metazoa	470	False	5
Q9NVV4	Homo sapiens	Metazoa	582	False	5
Q60680	Mus musculus	Metazoa	745	False	5
Q05776	Saccharomyces cerevisiae (strain ATCC 204508 / S288c)	Fungi	175	False	5
P92973	Arabidopsis thaliana	Viridiplantae	608	False	5
Q02793	Saccharomyces cerevisiae (strain ATCC 204508 / S288c)	Fungi	397	False	5
Q9Y4P1	Homo sapiens	Metazoa	393	False	5
Q6PDX6	Mus musculus	Metazoa	566	False	5
O77389	Plasmodium falciparum (isolate 3D7)	Other	309	True	5
O82390	Arabidopsis thaliana	Viridiplantae	512	False	5
O82265	Arabidopsis thaliana	Viridiplantae	1098	False	5
Q8N1G0	Homo sapiens	Metazoa	1237	False	5
Q9P7H5	Schizosaccharomyces pombe (strain 972 / ATCC 24843)	Fungi	175	False	5
Q9UTI4	Schizosaccharomyces pombe (strain 972 / ATCC 24843)	Fungi	172	False	5
Q07458	Saccharomyces cerevisiae (strain ATCC 204508 / S288c)	Fungi	294	False	5
G5ED29	Caenorhabditis elegans	Metazoa	959	False	5
Q9VN91	Drosophila melanogaster	Metazoa	198	False	5
Q92917	Homo sapiens	Metazoa	476	False	5
Q02642	Saccharomyces cerevisiae (strain ATCC 204508 / S288c)	Fungi	157	False	5
Q84TH9	Arabidopsis thaliana	Viridiplantae	959	False	5
Q8LGJ5	Arabidopsis thaliana	Viridiplantae	276	False	5
A0A437AGY2	Arthrobotrys flagrans	Fungi	538	True	5
Q9BUK6	Homo sapiens	Metazoa	570	False	5
Q7Z2E3	Homo sapiens	Metazoa	356	False	5
Q9XI00	Arabidopsis thaliana	Viridiplantae	328	False	5
Q5PP51	Arabidopsis thaliana	Viridiplantae	362	False	5
Q810H6	Rattus norvegicus	Metazoa	846	False	5
Q06598	Saccharomyces cerevisiae (strain ATCC 204508 / S288c)	Fungi	404	True	5
Q15678	Homo sapiens	Metazoa	1187	False	5
P33411	Saccharomyces cerevisiae (strain ATCC 204508 / S288c)	Fungi	251	False	5
A0A5E4M3Q4	Caenorhabditis elegans	Metazoa	554	False	5
Q9EPB5	Mus musculus	Metazoa	311	False	5
C0HM98	Homo sapiens	Metazoa	186	False	5
Q0VD83	Homo sapiens	Metazoa	1097	False	5
P34708	Caenorhabditis elegans	Metazoa	1110	False	5
A0A7U2QXY7	Aspergillus flavus (strain ATCC 200026 / FGSC A1120 / IAM 13836 / NRRL 3357 / JCM 12722 / SRRC 167)	Fungi	438	False	5
Q9XIP2	Arabidopsis thaliana	Viridiplantae	505	False	5
P78549	Homo sapiens	Metazoa	304	False	5
P36000	Saccharomyces cerevisiae (strain ATCC 204508 / S288c)	Fungi	726	False	5
Q8BNX7	Mus musculus	Metazoa	165	False	5
Q05541	Saccharomyces cerevisiae (strain ATCC 204508 / S288c)	Fungi	303	False	5
P07257	Saccharomyces cerevisiae (strain ATCC 204508 / S288c)	Fungi	368	False	5
P56286	Schizosaccharomyces pombe (strain 972 / ATCC 24843)	Fungi	306	False	5
P38858	Saccharomyces cerevisiae (strain ATCC 204508 / S288c)	Fungi	249	False	5
G5EG44	Caenorhabditis elegans	Metazoa	281	False	5
Q5DTW7	Mus musculus	Metazoa	1521	False	5
Q9FL12	Arabidopsis thaliana	Viridiplantae	592	False	5
P38885	Saccharomyces cerevisiae (strain ATCC 204508 / S288c)	Fungi	310	False	5
F4JGZ1	Arabidopsis thaliana	Viridiplantae	1278	False	5
P48558	Saccharomyces cerevisiae (strain ATCC 204508 / S288c)	Fungi	297	True	5
Q64378	Mus musculus	Metazoa	456	False	5
O74778	Schizosaccharomyces pombe (strain 972 / ATCC 24843)	Fungi	284	False	5
Q5FW52	Mus musculus	Metazoa	967	False	5
O74560	Schizosaccharomyces pombe (strain 972 / ATCC 24843)	Fungi	636	False	5
P37840	Homo sapiens	Metazoa	140	False	5
O04479	Arabidopsis thaliana	Viridiplantae	199	False	5
Q02447	Homo sapiens	Metazoa	781	False	5
Q9VBB3	Drosophila melanogaster	Metazoa	328	False	5
Q9UUH3	Schizosaccharomyces pombe (strain 972 / ATCC 24843)	Fungi	277	False	5
Q99188	Saccharomyces cerevisiae (strain ATCC 204508 / S288c)	Fungi	309	False	5
Q10474	Schizosaccharomyces pombe (strain 972 / ATCC 24843)	Fungi	258	False	5
Q4KMP7	Homo sapiens	Metazoa	808	False	5
Q9H3K6	Homo sapiens	Metazoa	86	False	5
Q6GQQ9	Homo sapiens	Metazoa	843	False	5
Q9Y6N1	Homo sapiens	Metazoa	276	False	5
Q5JVF3	Homo sapiens	Metazoa	399	False	5
Q9BV90	Homo sapiens	Metazoa	132	False	5
P38065	Saccharomyces cerevisiae (strain ATCC 204508 / S288c)	Fungi	1025	False	5
Q2VWA4	Homo sapiens	Metazoa	1015	False	5
Q01501	Dictyostelium discoideum	Other	275	False	5
P87054	Schizosaccharomyces pombe (strain 972 / ATCC 24843)	Fungi	133	False	5
Q6NLQ7	Arabidopsis thaliana	Viridiplantae	476	False	5
O65258	Arabidopsis thaliana	Viridiplantae	542	False	5
P54845	Homo sapiens	Metazoa	237	False	5
P00918	Homo sapiens	Metazoa	260	False	5
Q9BQS6	Homo sapiens	Metazoa	159	False	5
Q9SA98	Arabidopsis thaliana	Viridiplantae	345	False	5
O43918	Homo sapiens	Metazoa	545	False	5
Q8RWD5	Arabidopsis thaliana	Viridiplantae	577	False	5
Q06630	Saccharomyces cerevisiae (strain ATCC 204508 / S288c)	Fungi	226	False	5
Q55GJ6	Dictyostelium discoideum	Other	214	False	5
P03880	Emericella nidulans	Fungi	488	False	5
P82658	Arabidopsis thaliana	Viridiplantae	229	False	5
Q14241	Homo sapiens	Metazoa	772	False	5
F4KFT7	Arabidopsis thaliana	Viridiplantae	617	False	5
Q8BG07	Mus musculus	Metazoa	503	False	5
P23255	Saccharomyces cerevisiae (strain ATCC 204508 / S288c)	Fungi	1407	False	5
Q95RA8	Drosophila melanogaster	Metazoa	219	False	5
Q96QF7	Homo sapiens	Metazoa	691	False	5
O13965	Schizosaccharomyces pombe (strain 972 / ATCC 24843)	Fungi	730	False	5
P04553	Homo sapiens	Metazoa	51	False	5
O14235	Schizosaccharomyces pombe (strain 972 / ATCC 24843)	Fungi	348	False	5
Q9Y7Y5	Schizosaccharomyces pombe (strain 972 / ATCC 24843)	Fungi	369	False	5
Q99590	Homo sapiens	Metazoa	1463	False	5
Q3LHL9	Drosophila melanogaster	Metazoa	1658	False	5
Q8BIG4	Mus musculus	Metazoa	368	False	5
P31942	Homo sapiens	Metazoa	346	False	5
Q94A41	Arabidopsis thaliana	Viridiplantae	887	False	5
Q94AL8	Arabidopsis thaliana	Viridiplantae	225	True	5
Q9P7S9	Schizosaccharomyces pombe (strain 972 / ATCC 24843)	Fungi	194	False	5
Q13049	Homo sapiens	Metazoa	653	False	5
Q86YD1	Homo sapiens	Metazoa	416	False	5
S7VVK4	Toxoplasma gondii (strain ATCC 50853 / GT1)	Other	4367	False	5
Q9WUB6	Mus musculus	Metazoa	687	True	5
P53552	Saccharomyces cerevisiae (strain ATCC 204508 / S288c)	Fungi	1597	False	5
D3ZUE1	Rattus norvegicus	Metazoa	857	False	5
Q9DAT5	Mus musculus	Metazoa	417	False	5
Q9SNB7	Arabidopsis thaliana	Viridiplantae	665	False	5
P38777	Saccharomyces cerevisiae (strain ATCC 204508 / S288c)	Fungi	243	False	5
Q10223	Schizosaccharomyces pombe (strain 972 / ATCC 24843)	Fungi	431	False	5
Q6Z1Z3	Oryza sativa subsp. japonica	Viridiplantae	362	False	5
O74968	Schizosaccharomyces pombe (strain 972 / ATCC 24843)	Fungi	249	False	5
Q9DCR4	Mus musculus	Metazoa	169	False	5
Q76NL8	Plasmodium falciparum (isolate 3D7)	Other	1193	False	5
Q8VDP4	Mus musculus	Metazoa	922	False	5
Q86WV6	Homo sapiens	Metazoa	379	True	5
Q9D7K5	Mus musculus	Metazoa	258	False	5
P40326	Saccharomyces cerevisiae (strain ATCC 204508 / S288c)	Fungi	108	False	5
Q08753	Chlamydomonas moewusii	Viridiplantae	164	False	5
Q93WE4	Arabidopsis thaliana	Viridiplantae	216	False	5
P30551	Rattus norvegicus	Metazoa	444	True	5
P31111	Saccharomyces cerevisiae (strain ATCC 204508 / S288c)	Fungi	875	False	5
Q06215	Vicia faba	Viridiplantae	606	False	5
Q32NC0	Homo sapiens	Metazoa	220	False	5
Q9Y5U2	Homo sapiens	Metazoa	329	False	5
Q6X7J9	Arabidopsis thaliana	Viridiplantae	251	False	5
P51557	Mus musculus	Metazoa	284	False	5
Q3UNW5	Mus musculus	Metazoa	479	False	5
Q969Z0	Homo sapiens	Metazoa	631	False	5
Q5ZEF1	Oryza sativa subsp. japonica	Viridiplantae	127	False	5
Q4E657	Trypanosoma cruzi (strain CL Brener)	Other	485	False	5
Q04177	Saccharomyces cerevisiae (strain ATCC 204508 / S288c)	Fungi	643	False	5
Q9XGM3	Arabidopsis thaliana	Viridiplantae	1217	False	5
O61766	Caenorhabditis elegans	Metazoa	383	False	5
Q9VWW0	Drosophila melanogaster	Metazoa	331	False	5
Q6P1J9	Homo sapiens	Metazoa	531	False	5
P42698	Arabidopsis thaliana	Viridiplantae	387	False	5
Q9FFF5	Arabidopsis thaliana	Viridiplantae	241	False	5
Q0D2I5	Homo sapiens	Metazoa	559	False	5
O60832	Homo sapiens	Metazoa	514	False	5
P60896	Homo sapiens	Metazoa	70	False	5
P47007	Saccharomyces cerevisiae (strain ATCC 204508 / S288c)	Fungi	382	False	5
O14310	Schizosaccharomyces pombe (strain 972 / ATCC 24843)	Fungi	933	False	5
Q3E785	Saccharomyces cerevisiae (strain ATCC 204508 / S288c)	Fungi	79	False	5
Q00341	Homo sapiens	Metazoa	1268	False	5
Q9H0A8	Homo sapiens	Metazoa	199	False	5
A1XBS5	Homo sapiens	Metazoa	289	False	5
Q9VQI9	Drosophila melanogaster	Metazoa	1673	False	5
Q12510	Saccharomyces cerevisiae (strain ATCC 204508 / S288c)	Fungi	522	False	5
P07269	Saccharomyces cerevisiae (strain ATCC 204508 / S288c)	Fungi	559	False	5
P38872	Saccharomyces cerevisiae (strain ATCC 204508 / S288c)	Fungi	237	False	5
O49686	Arabidopsis thaliana	Viridiplantae	191	False	5
Q9P1T7	Homo sapiens	Metazoa	246	False	5
Q10429	Schizosaccharomyces pombe (strain 972 / ATCC 24843)	Fungi	875	False	5
Q7TQJ8	Mus musculus	Metazoa	398	False	5
Q8WXE1	Homo sapiens	Metazoa	791	False	5
Q8BKT7	Mus musculus	Metazoa	683	False	5
Q8NB16	Homo sapiens	Metazoa	471	False	5
P09108	Tetronarce californica	Metazoa	412	False	5
P30943	Rhodomonas sp. (strain CS 24)	Other	104	False	5
Q03435	Saccharomyces cerevisiae (strain ATCC 204508 / S288c)	Fungi	203	False	5
Q9USG8	Schizosaccharomyces pombe (strain 972 / ATCC 24843)	Fungi	1188	False	5
G3UYX5	Mus musculus	Metazoa	1258	False	5
P38297	Saccharomyces cerevisiae (strain ATCC 204508 / S288c)	Fungi	855	False	5
P05066	Saccharomyces cerevisiae (strain ATCC 204508 / S288c)	Fungi	565	False	5
Q9R0N6	Mus musculus	Metazoa	395	True	5
Q8S1D9	Oryza sativa subsp. japonica	Viridiplantae	435	False	5
Q8W4E7	Arabidopsis thaliana	Viridiplantae	598	False	5
Q04052	Saccharomyces cerevisiae (strain ATCC 204508 / S288c)	Fungi	950	False	5
O14681	Homo sapiens	Metazoa	340	True	5
P22134	Saccharomyces cerevisiae (strain ATCC 204508 / S288c)	Fungi	296	False	5
Q5TEU4	Homo sapiens	Metazoa	345	False	5
Q4PSK3	Arabidopsis thaliana	Viridiplantae	124	False	5
O82239	Arabidopsis thaliana	Viridiplantae	358	False	5
P22315	Mus musculus	Metazoa	422	False	5
P22224	Saccharomyces cerevisiae (strain ATCC 204508 / S288c)	Fungi	910	False	5
Q9LEK8	Digitalis lanata	Viridiplantae	118	False	5
Q9SB47	Arabidopsis thaliana	Viridiplantae	319	False	5
Q9EQ10	Rattus norvegicus	Metazoa	573	False	5
Q03305	Saccharomyces cerevisiae (strain ATCC 204508 / S288c)	Fungi	412	False	5
P53969	Saccharomyces cerevisiae (strain ATCC 204508 / S288c)	Fungi	484	False	5
Q9DBR0	Mus musculus	Metazoa	687	False	5
Q9Y6D0	Homo sapiens	Metazoa	94	True	5
Q9V3V7	Drosophila melanogaster	Metazoa	222	False	5
Q9H7D7	Homo sapiens	Metazoa	661	False	5
Q01448	Saccharomyces cerevisiae (strain ATCC 204508 / S288c)	Fungi	625	False	5
Q5AP80	Candida albicans (strain SC5314 / ATCC MYA-2876)	Fungi	785	False	5
Q8IWT0	Homo sapiens	Metazoa	167	False	5
Q949T8	Arabidopsis thaliana	Viridiplantae	497	False	5
Q8WY64	Homo sapiens	Metazoa	445	False	5
Q9Y244	Homo sapiens	Metazoa	141	False	5
Q5T200	Homo sapiens	Metazoa	1668	False	5
Q9VH07	Drosophila melanogaster	Metazoa	456	False	5
Q96P67	Homo sapiens	Metazoa	336	True	5
O62203	Caenorhabditis elegans	Metazoa	1073	False	5
Q3YEC7	Homo sapiens	Metazoa	729	False	5
Q920A7	Mus musculus	Metazoa	789	False	5
P36534	Saccharomyces cerevisiae (strain ATCC 204508 / S288c)	Fungi	297	False	5
P17987	Homo sapiens	Metazoa	556	False	5
Q19AV6	Homo sapiens	Metazoa	140	False	5
Q56P42	Homo sapiens	Metazoa	97	False	5
Q9FGW9	Arabidopsis thaliana	Viridiplantae	1061	False	5
Q16581	Homo sapiens	Metazoa	482	True	5
A0A0B5L781	Penicillium brevicompactum	Fungi	398	False	5
P32504	Saccharomyces cerevisiae (strain ATCC 204508 / S288c)	Fungi	956	False	5
Q15388	Homo sapiens	Metazoa	145	True	5
Q8TEK3	Homo sapiens	Metazoa	1537	False	5
O80845	Arabidopsis thaliana	Viridiplantae	236	False	5
Q9VHJ6	Drosophila melanogaster	Metazoa	592	False	5
Q9U6M1	Leishmania tarentolae	Other	827	False	5
Q91WC0	Mus musculus	Metazoa	594	False	5
Q96RN5	Homo sapiens	Metazoa	788	False	5
Q71RC2	Homo sapiens	Metazoa	724	False	5
P97450	Mus musculus	Metazoa	108	False	5
Q03081	Saccharomyces cerevisiae (strain ATCC 204508 / S288c)	Fungi	177	False	5
P32344	Saccharomyces cerevisiae (strain ATCC 204508 / S288c)	Fungi	111	False	5
Q78T81	Mus musculus	Metazoa	392	False	5
P53171	Saccharomyces cerevisiae (strain ATCC 204508 / S288c)	Fungi	287	False	5
Q9Y802	Schizosaccharomyces pombe (strain 972 / ATCC 24843)	Fungi	1000	False	5
P34218	Saccharomyces cerevisiae (strain ATCC 204508 / S288c)	Fungi	831	False	5
Q10296	Schizosaccharomyces pombe (strain 972 / ATCC 24843)	Fungi	138	False	5
Q3E7B2	Saccharomyces cerevisiae (strain ATCC 204508 / S288c)	Fungi	85	True	5
Q9H6F5	Homo sapiens	Metazoa	360	False	5
Q03430	Saccharomyces cerevisiae (strain ATCC 204508 / S288c)	Fungi	361	False	5
P53941	Saccharomyces cerevisiae (strain ATCC 204508 / S288c)	Fungi	290	False	5
Q58DQ5	Bos taurus	Metazoa	396	False	5
P68040	Mus musculus	Metazoa	317	False	5
Q6PCQ0	Mus musculus	Metazoa	778	False	5
P17789	Drosophila melanogaster	Metazoa	643	False	5
D3ZAW2	Rattus norvegicus	Metazoa	406	True	5
Q95TS5	Drosophila melanogaster	Metazoa	654	False	5
Q9NY33	Homo sapiens	Metazoa	737	False	5
Q09293	Caenorhabditis elegans	Metazoa	367	False	5
P41910	Saccharomyces cerevisiae (strain ATCC 204508 / S288c)	Fungi	395	False	5
Q2VLK6	Trypanosoma cruzi (strain CL Brener)	Other	358	False	5
P40848	Schizosaccharomyces pombe (strain 972 / ATCC 24843)	Fungi	991	False	5
P46062	Mus musculus	Metazoa	1037	False	5
Q9H3L0	Homo sapiens	Metazoa	296	False	5
Q8II12	Plasmodium falciparum (isolate 3D7)	Other	409	True	5
P36162	Saccharomyces cerevisiae (strain ATCC 204508 / S288c)	Fungi	133	False	5
Q04226	Saccharomyces cerevisiae (strain ATCC 204508 / S288c)	Fungi	346	False	5
P47164	Saccharomyces cerevisiae (strain ATCC 204508 / S288c)	Fungi	639	False	5
Q9P2Y4	Homo sapiens	Metazoa	722	False	5
Q9BXU7	Homo sapiens	Metazoa	913	False	5
A0A096LP01	Homo sapiens	Metazoa	95	True	5
Q01649	Saccharomyces cerevisiae (strain ATCC 204508 / S288c)	Fungi	594	False	5
Q02749	Saccharomyces cerevisiae (strain ATCC 204508 / S288c)	Fungi	293	False	5
Q9S736	Arabidopsis thaliana	Viridiplantae	566	False	5
Q9FXI5	Arabidopsis thaliana	Viridiplantae	794	False	5
Q969X0	Homo sapiens	Metazoa	211	False	5
P41047	Mus musculus	Metazoa	279	True	5
Q86UT6	Homo sapiens	Metazoa	975	False	5
Q9LF79	Arabidopsis thaliana	Viridiplantae	1074	False	5
Q9V9W8	Drosophila melanogaster	Metazoa	815	False	5
O08650	Mus musculus	Metazoa	554	True	5
Q9UM07	Homo sapiens	Metazoa	663	False	5
Q9BSK0	Homo sapiens	Metazoa	173	True	5
Q12063	Saccharomyces cerevisiae (strain ATCC 204508 / S288c)	Fungi	375	False	5
Q9S7G6	Arabidopsis thaliana	Viridiplantae	991	False	5
Q9ZV08	Arabidopsis thaliana	Viridiplantae	291	False	5
Q2Q5T5	Mus musculus	Metazoa	84	True	5
Q9FLL1	Arabidopsis thaliana	Viridiplantae	602	False	5
C4LY96	Entamoeba histolytica (strain ATCC 30459 / HM-1:IMSS / ABRM)	Other	1151	False	5
P40072	Saccharomyces cerevisiae (strain ATCC 204508 / S288c)	Fungi	274	False	5
Q86VZ6	Homo sapiens	Metazoa	243	False	5
Q9UIL8	Homo sapiens	Metazoa	331	False	5
Q8BVZ5	Mus musculus	Metazoa	266	False	5
Q91YE8	Mus musculus	Metazoa	1087	False	5
O94473	Schizosaccharomyces pombe (strain 972 / ATCC 24843)	Fungi	256	True	5
O96693	Plasmodium falciparum (isolate HB3)	Other	488	False	5
Q9GZQ3	Homo sapiens	Metazoa	224	False	5
Q03063	Saccharomyces cerevisiae (strain ATCC 204508 / S288c)	Fungi	452	False	5
O55227	Rattus norvegicus	Metazoa	259	True	5
Q9Y4F3	Homo sapiens	Metazoa	1742	False	5
P40053	Saccharomyces cerevisiae (strain ATCC 204508 / S288c)	Fungi	627	False	5
Q9BUE6	Homo sapiens	Metazoa	129	False	5
P40387	Schizosaccharomyces pombe (strain 972 / ATCC 24843)	Fungi	513	False	5
A2A884	Mus musculus	Metazoa	2348	False	5
O74986	Schizosaccharomyces pombe (strain 972 / ATCC 24843)	Fungi	294	False	5
Q18593	Caenorhabditis elegans	Metazoa	329	True	5
Q03153	Saccharomyces cerevisiae (strain ATCC 204508 / S288c)	Fungi	612	False	5
Q06449	Saccharomyces cerevisiae (strain ATCC 204508 / S288c)	Fungi	215	False	5
Q8VWF1	Arabidopsis thaliana	Viridiplantae	368	False	5
P12686	Saccharomyces cerevisiae (strain ATCC 204508 / S288c)	Fungi	339	False	5
Q9NVU0	Homo sapiens	Metazoa	708	False	5
Q9W148	Drosophila melanogaster	Metazoa	731	False	5
P20290	Homo sapiens	Metazoa	206	False	5
Q96A72	Homo sapiens	Metazoa	148	False	5
P38705	Saccharomyces cerevisiae (strain ATCC 204508 / S288c)	Fungi	446	False	5
Q22795	Caenorhabditis elegans	Metazoa	242	False	5
Q8WYA6	Homo sapiens	Metazoa	563	False	5
Q9FG13	Arabidopsis thaliana	Viridiplantae	329	False	5
Q8H7F6	Arabidopsis thaliana	Viridiplantae	293	False	5
Q8NBT2	Homo sapiens	Metazoa	197	False	5
Q86WQ0	Homo sapiens	Metazoa	139	False	5
P15619	Drosophila melanogaster	Metazoa	869	False	5
P08657	Kluyveromyces lactis (strain ATCC 8585 / CBS 2359 / DSM 70799 / NBRC 1267 / NRRL Y-1140 / WM37)	Fungi	865	False	5
P69850	Saccharomyces cerevisiae (strain ATCC 204508 / S288c)	Fungi	94	False	5
Q8N2I9	Homo sapiens	Metazoa	435	False	5
Q01804	Homo sapiens	Metazoa	1114	False	5
A1Z9P3	Drosophila melanogaster	Metazoa	1576	False	5
O14867	Homo sapiens	Metazoa	736	False	5
Q9CPP6	Mus musculus	Metazoa	116	False	5
S0DHV6	Gibberella fujikuroi (strain CBS 195.34 / IMI 58289 / NRRL A-6831)	Fungi	530	False	5
Q96B77	Homo sapiens	Metazoa	213	True	5
P50077	Saccharomyces cerevisiae (strain ATCC 204508 / S288c)	Fungi	2039	False	5
Q26635	Sarcophaga peregrina	Metazoa	354	False	5
O60287	Homo sapiens	Metazoa	2271	False	5
Q12297	Saccharomyces cerevisiae (strain ATCC 204508 / S288c)	Fungi	353	False	5
Q6NME7	Arabidopsis thaliana	Viridiplantae	127	False	5
Q3KP66	Homo sapiens	Metazoa	663	False	5
B8BNY7	Oryza sativa subsp. indica	Viridiplantae	596	False	5
Q9ZNV9	Arabidopsis thaliana	Viridiplantae	154	False	5
Q9P2D8	Homo sapiens	Metazoa	2635	False	5
Q9UUM2	Schizosaccharomyces pombe (strain 972 / ATCC 24843)	Fungi	971	False	5
A0A0D1DYJ6	Mycosarcoma maydis	Fungi	619	True	5
Q9UW82	Komagataella pastoris	Fungi	187	True	5
P43122	Saccharomyces cerevisiae (strain ATCC 204508 / S288c)	Fungi	407	False	5
F1M386	Rattus norvegicus	Metazoa	1496	False	5
Q8TDR4	Homo sapiens	Metazoa	215	False	5
P46310	Arabidopsis thaliana	Viridiplantae	446	False	5
P63007	Rattus norvegicus	Metazoa	406	False	5
P39707	Saccharomyces cerevisiae (strain ATCC 204508 / S288c)	Fungi	275	False	5
P21190	Saccharomyces cerevisiae (strain ATCC 204508 / S288c)	Fungi	360	False	5
Q9NZH6	Homo sapiens	Metazoa	218	False	5
Q9VT04	Drosophila melanogaster	Metazoa	471	True	5
Q06511	Saccharomyces cerevisiae (strain ATCC 204508 / S288c)	Fungi	250	False	5
Q96B26	Homo sapiens	Metazoa	276	False	5
P53167	Saccharomyces cerevisiae (strain ATCC 204508 / S288c)	Fungi	370	False	5
O36024	Schizosaccharomyces pombe (strain 972 / ATCC 24843)	Fungi	280	False	5
Q9Y6G5	Homo sapiens	Metazoa	202	False	5
Q9S745	Arabidopsis thaliana	Viridiplantae	541	False	5
P36068	Saccharomyces cerevisiae (strain ATCC 204508 / S288c)	Fungi	246	False	5
Q04110	Saccharomyces cerevisiae (strain ATCC 204508 / S288c)	Fungi	302	False	5
Q5SSW2	Mus musculus	Metazoa	1843	False	5
Q9BQP7	Homo sapiens	Metazoa	344	False	5
Q84N64	Arabidopsis thaliana	Viridiplantae	777	False	5
P14868	Homo sapiens	Metazoa	501	False	5
A6NKF2	Homo sapiens	Metazoa	412	False	5
Q9DB96	Mus musculus	Metazoa	315	False	5
P12383	Saccharomyces cerevisiae (strain ATCC 204508 / S288c)	Fungi	1068	False	5
Q9ZQS5	Cyanidium caldarium	Other	154	False	5
Q8LPR8	Arabidopsis thaliana	Viridiplantae	871	False	5
Q6PCP5	Mus musculus	Metazoa	291	False	5
P22194	Schizosaccharomyces pombe (strain 972 / ATCC 24843)	Fungi	332	False	5
O94650	Schizosaccharomyces pombe (strain 972 / ATCC 24843)	Fungi	73	False	5
P53155	Saccharomyces cerevisiae (strain ATCC 204508 / S288c)	Fungi	381	False	5
P41546	Saccharomyces cerevisiae (strain ATCC 204508 / S288c)	Fungi	238	False	5
Q15847	Homo sapiens	Metazoa	76	False	5
Q8VYB9	Arabidopsis thaliana	Viridiplantae	840	False	5
O88597	Mus musculus	Metazoa	448	False	5
Q9UJW9	Homo sapiens	Metazoa	196	False	5
P49802	Homo sapiens	Metazoa	495	False	5
Q9BW72	Homo sapiens	Metazoa	106	True	5
Q8L557	Arabidopsis thaliana	Viridiplantae	202	False	5
O74544	Schizosaccharomyces pombe (strain 972 / ATCC 24843)	Fungi	314	False	5
Q969K3	Homo sapiens	Metazoa	372	False	5
Q587E3	Trypanosoma brucei brucei (strain 927/4 GUTat10.1)	Other	735	False	5
F4INA9	Arabidopsis thaliana	Viridiplantae	973	False	5
Q9SHJ5	Arabidopsis thaliana	Viridiplantae	585	False	5
O94701	Schizosaccharomyces pombe (strain 972 / ATCC 24843)	Fungi	272	False	5
P61218	Homo sapiens	Metazoa	127	False	5
P38323	Saccharomyces cerevisiae (strain ATCC 204508 / S288c)	Fungi	520	False	5
P22734	Rattus norvegicus	Metazoa	264	True	5
Q04922	Saccharomyces cerevisiae (strain ATCC 204508 / S288c)	Fungi	465	False	5
A0A386CAB9	Danio rerio	Metazoa	1355	False	5
Q12972	Homo sapiens	Metazoa	351	False	5
P06267	Marchantia polymorpha	Viridiplantae	289	False	5
E3VNM4	Arabidopsis thaliana	Viridiplantae	460	False	5
P56382	Mus musculus	Metazoa	52	False	5
Q2MHE4	Arabidopsis thaliana	Viridiplantae	390	False	5
Q96BM1	Homo sapiens	Metazoa	317	False	5
Q86YS7	Homo sapiens	Metazoa	1000	False	5
Q09675	Schizosaccharomyces pombe (strain 972 / ATCC 24843)	Fungi	240	False	5
Q9Y2Z9	Homo sapiens	Metazoa	468	False	5
P34418	Caenorhabditis elegans	Metazoa	943	False	5
V6CLN5	Caenorhabditis elegans	Metazoa	1615	False	5
O94704	Schizosaccharomyces pombe (strain 972 / ATCC 24843)	Fungi	168	False	5
O45952	Caenorhabditis elegans	Metazoa	249	False	5
Q9NZ09	Homo sapiens	Metazoa	502	False	5
Q3E7A4	Saccharomyces cerevisiae (strain ATCC 204508 / S288c)	Fungi	109	False	5
Q923M1	Rattus norvegicus	Metazoa	233	False	5
Q9Y239	Homo sapiens	Metazoa	953	False	5
P70338	Mus musculus	Metazoa	423	False	5
Q9D1N4	Mus musculus	Metazoa	221	True	5
Q08230	Saccharomyces cerevisiae (strain ATCC 204508 / S288c)	Fungi	162	False	5
Q8CCE9	Mus musculus	Metazoa	783	False	5
Q05863	Saccharomyces cerevisiae (strain ATCC 204508 / S288c)	Fungi	155	False	5
P49789	Homo sapiens	Metazoa	147	False	5
Q9SX85	Arabidopsis thaliana	Viridiplantae	887	False	5
Q12182	Saccharomyces cerevisiae (strain ATCC 204508 / S288c)	Fungi	319	False	5
P07271	Saccharomyces cerevisiae (strain ATCC 204508 / S288c)	Fungi	859	False	5
Q02888	Saccharomyces cerevisiae (strain ATCC 204508 / S288c)	Fungi	182	False	5
Q99LT0	Mus musculus	Metazoa	99	False	5
Q06411	Saccharomyces cerevisiae (strain ATCC 204508 / S288c)	Fungi	708	False	5
P49756	Homo sapiens	Metazoa	843	False	5
Q9Y6G1	Homo sapiens	Metazoa	99	True	5
O75204	Homo sapiens	Metazoa	238	False	5
Q9EQQ4	Mus musculus	Metazoa	373	True	5
Q9BY84	Homo sapiens	Metazoa	665	False	5
